<sheet version="1">
<markup version="1" identifier="markdownxl" displayName="Markdown XL">
	<tag definition="heading1" pattern="#"></tag>
	<tag definition="heading2" pattern="##"></tag>
	<tag definition="heading3" pattern="###"></tag>
	<tag definition="heading4" pattern="####"></tag>
	<tag definition="heading5" pattern="#####"></tag>
	<tag definition="heading6" pattern="######"></tag>
	<tag definition="codeblock" pattern="''"></tag>
	<tag definition="comment" pattern="%%"></tag>
	<tag definition="divider" pattern="----"></tag>
	<tag definition="nativeblock" pattern="~~"></tag>
	<tag definition="blockquote" pattern=">"></tag>
	<tag definition="orderedList" pattern="\d."></tag>
	<tag definition="unorderedList" pattern="*"></tag>
	<tag definition="unorderedList" pattern="+"></tag>
	<tag definition="unorderedList" pattern="-"></tag>
	<tag definition="code" startPattern="`" endPattern="`"></tag>
	<tag definition="delete" startPattern="||" endPattern="||"></tag>
	<tag definition="emph" startPattern="*" endPattern="*"></tag>
	<tag definition="emph" startPattern="_" endPattern="_"></tag>
	<tag definition="inlineComment" startPattern="++" endPattern="++"></tag>
	<tag definition="inlineNative" startPattern="~" endPattern="~"></tag>
	<tag definition="mark" startPattern="::" endPattern="::"></tag>
	<tag definition="strong" startPattern="__" endPattern="__"></tag>
	<tag definition="strong" startPattern="**" endPattern="**"></tag>
	<tag definition="annotation" startPattern="{" endPattern="}"></tag>
	<tag definition="link" startPattern="[" endPattern="]"></tag>
	<tag definition="footnote" pattern="(fn)"></tag>
	<tag definition="image" pattern="(img)"></tag>
	<tag definition="video" pattern="(vid)"></tag>
</markup>
<string xml:space="preserve">
<p><tags><tag kind="heading2">## </tag></tags>Esportazione: Semantica a 360 gradi</p>
<p></p>
<p>Adesso arriva il divertimento: Ulysses può convertire ciò che scrivi in una serie di formati standard come Solo Testo, RTF, Word, HTML, ePub e anche PDF. Lo fa traducendo il tuo <element kind="emph" startTag="_">solo testo</element> interpretando le definizioni del cosiddetto “markup leggero”. Se inizia a farti male la testa, eccoti un semplice esempio...</p>
<p></p>
<p>Mettiamo che tu voglia enfatizzare una porzione di testo. Seleziona la parola “enfatizzare“ (fallo adesso) e premi sulla tastiera CMD+I. Vedrai che, intorno alla parola, sono stati inseriti dei caratteri in più.</p>
<p></p>
<p>Così facendo hai semplicemente detto a Ulysses, nel suo “linguaggio solo testo”, che questa parte deve essere enfatizzata. Adesso Ulysses lo sa e non se ne scorderà mai più. Quando esporti il tuo testo, ad esempio in formato PDF, Ulisse trasformerà questo passaggio enfatizzato in qualcosa che può essere interpretato e visualizzato dal formato PDF, in questo caso il passaggio enfatizzato sarà formattato in corsivo.</p>
<p></p>
<p>Prova:</p>
<p></p>
<p><tags><tag kind="unorderedList">- </tag></tags>Apri il pannello di esportazione (CMD-6).</p>
<p><tags><tag kind="unorderedList">- </tag></tags>Seleziona l'icona con la penna (Rich Text).</p>
<p><tags><tag kind="unorderedList">- </tag></tags>Clicca il pulsante "Anteprima…".</p>
<p><tags><tag kind="unorderedList">- </tag></tags>L'enfatizzazione qui sopra dovrebbe apparire in corsivo.</p>
<p></p>
<p><tags><tag kind="heading2">## </tag></tags>I titoli come questo verranno rappresentati con un font più grande</p>
<p></p>
<p>Se invece esporti in formato HTML, Ulysses tradurrà i passaggi enfatizzati in modo semanticamente corretto con <element kind="code" startTag="`">&lt;em&gt;</element>, mentre il titolo riceverà il tag <element kind="code" startTag="`">&lt;h2&gt;</element>. </p>
<p></p>
<p>E così via.</p>
<p></p>
<p>La bellezza di ciò, a questo punto, dovrebbe essere ovvia: invece di preoccuparsi dell’aspetto di quello che produci, potrai concentrarti sul contenuto. A prima vista può sembrare una cosa spaventosa, ma credimi, non lo è.</p>
<p></p>
<p>Invece è una cosa fantastica.</p>
<p></p></string>
</sheet>