<sheet version="1">
<markup version="1" identifier="markdownxl" displayName="Markdown XL">
	<tag definition="heading1" pattern="#"/>
	<tag definition="heading2" pattern="##"/>
	<tag definition="heading3" pattern="###"/>
	<tag definition="heading4" pattern="####"/>
	<tag definition="heading5" pattern="#####"/>
	<tag definition="heading6" pattern="######"/>
	<tag definition="codeblock" pattern="''"/>
	<tag definition="comment" pattern="%%"/>
	<tag definition="divider" pattern="----"/>
	<tag definition="nativeblock" pattern="~~"/>
	<tag definition="blockquote" pattern=">"/>
	<tag definition="orderedList" pattern="\d."/>
	<tag definition="unorderedList" pattern="*"/>
	<tag definition="unorderedList" pattern="+"/>
	<tag definition="unorderedList" pattern="-"/>
	<tag definition="code" startPattern="`" endPattern="`"/>
	<tag definition="delete" startPattern="||" endPattern="||"/>
	<tag definition="emph" startPattern="*" endPattern="*"/>
	<tag definition="emph" startPattern="_" endPattern="_"/>
	<tag definition="inlineComment" startPattern="++" endPattern="++"/>
	<tag definition="inlineNative" startPattern="~" endPattern="~"/>
	<tag definition="mark" startPattern="::" endPattern="::"/>
	<tag definition="strong" startPattern="__" endPattern="__"/>
	<tag definition="strong" startPattern="**" endPattern="**"/>
	<tag definition="annotation" startPattern="{" endPattern="}"/>
	<tag definition="link" startPattern="[" endPattern="]"/>
	<tag definition="footnote" pattern="(fn)"/>
	<tag definition="image" pattern="(img)"/>
	<tag definition="video" pattern="(vid)"/>
</markup>
<string xml:space="preserve">
<p><tags><tag kind="heading3">### </tag></tags>Coming from 1.0</p>
<p><tags><tag kind="unorderedList">- </tag></tags>There’s a new sidebar search via CMD-SHIFT-F</p>
<p><tags><tag kind="unorderedList">- </tag></tags>There’s a new open panel via CMD-O</p>
<p><tags><tag kind="unorderedList">- </tag></tags>There’s a new export preview via CMD-SHIFT-P</p>
<p><tags><tag kind="unorderedList">- </tag></tags>There’s a new “Styles” preference pane to add personalized export styles for HTML, PDF, Word, RTF and ePub</p>
<p><tags><tag kind="unorderedList">- </tag></tags>There’s now an ePub exporter</p>
<p><tags><tag kind="unorderedList">- </tag></tags>There’s now end-tag completion and automatic list continuation via Edit › Substitutions</p>
<p><tags><tag kind="unorderedList">- </tag></tags>There’s now Typewriter Scrolling via CMD-ALT-T</p>
<p><tags><tag kind="unorderedList">- </tag></tags>The main menu has been optimized here and there; might be a bit confusing at first, but you will thank us in the long run…</p></string>
</sheet>