<sheet version="1">
<markup version="1" identifier="markdownxl" displayName="Markdown XL">
	<tag definition="heading1" pattern="#"/>
	<tag definition="heading2" pattern="##"/>
	<tag definition="heading3" pattern="###"/>
	<tag definition="heading4" pattern="####"/>
	<tag definition="heading5" pattern="#####"/>
	<tag definition="heading6" pattern="######"/>
	<tag definition="codeblock" pattern="''"/>
	<tag definition="comment" pattern="%%"/>
	<tag definition="divider" pattern="----"/>
	<tag definition="nativeblock" pattern="~~"/>
	<tag definition="blockquote" pattern=">"/>
	<tag definition="orderedList" pattern="\d."/>
	<tag definition="unorderedList" pattern="*"/>
	<tag definition="unorderedList" pattern="+"/>
	<tag definition="unorderedList" pattern="-"/>
	<tag definition="code" startPattern="`" endPattern="`"/>
	<tag definition="delete" startPattern="||" endPattern="||"/>
	<tag definition="emph" startPattern="*" endPattern="*"/>
	<tag definition="emph" startPattern="_" endPattern="_"/>
	<tag definition="inlineComment" startPattern="++" endPattern="++"/>
	<tag definition="inlineNative" startPattern="~" endPattern="~"/>
	<tag definition="mark" startPattern="::" endPattern="::"/>
	<tag definition="strong" startPattern="__" endPattern="__"/>
	<tag definition="strong" startPattern="**" endPattern="**"/>
	<tag definition="annotation" startPattern="{" endPattern="}"/>
	<tag definition="link" startPattern="[" endPattern="]"/>
	<tag definition="footnote" pattern="(fn)"/>
	<tag definition="image" pattern="(img)"/>
	<tag definition="video" pattern="(vid)"/>
</markup>
<string xml:space="preserve">
<p><tags><tag kind="heading3">### </tag></tags>バージョン 1.0からの進化</p>
<p><tags><tag kind="unorderedList">- </tag></tags>新しいサイドバー検索機能は ⌘-SHIFT-F で</p>
<p><tags><tag kind="unorderedList">- </tag></tags>新しいパネルを開く機能は ⌘-O で</p>
<p><tags><tag kind="unorderedList">- </tag></tags>新しい書き出しプレビューは ⌘-SHIFT-P で</p>
<p><tags><tag kind="unorderedList">- </tag></tags>HTML、PDF、Word、RTF および ePub 向けのパーソナルな書き出しスタイルを追加するために、新しい 「スタイル」 環境設定パネルを採用</p>
<p><tags><tag kind="unorderedList">- </tag></tags>新しく ePub 書き出しを採用</p>
<p><tags><tag kind="unorderedList">- </tag></tags>新しいエンドタグ完了機能と自動リスト継続機能は、編集 › 自動置換 から</p>
<p><tags><tag kind="unorderedList">- </tag></tags>新しいタイプライタースクロール機能は、⌘-ALT-T から</p>
<p><tags><tag kind="unorderedList">- </tag></tags>メインメニューはあちらこちらで最適化されています。最初少し戸惑うことがあるかもしれませんが、長い目で見ればきっと感謝していただけると信じています…</p>
</string>
</sheet>