<sheet version="1">
<markup version="1" identifier="markdownxl" displayName="Markdown XL">
	<tag definition="heading1" pattern="#"></tag>
	<tag definition="heading2" pattern="##"></tag>
	<tag definition="heading3" pattern="###"></tag>
	<tag definition="heading4" pattern="####"></tag>
	<tag definition="heading5" pattern="#####"></tag>
	<tag definition="heading6" pattern="######"></tag>
	<tag definition="codeblock" pattern="''"></tag>
	<tag definition="comment" pattern="%%"></tag>
	<tag definition="divider" pattern="----"></tag>
	<tag definition="nativeblock" pattern="~~"></tag>
	<tag definition="blockquote" pattern=">"></tag>
	<tag definition="orderedList" pattern="\d."></tag>
	<tag definition="unorderedList" pattern="*"></tag>
	<tag definition="unorderedList" pattern="+"></tag>
	<tag definition="unorderedList" pattern="-"></tag>
	<tag definition="code" startPattern="`" endPattern="`"></tag>
	<tag definition="delete" startPattern="||" endPattern="||"></tag>
	<tag definition="emph" startPattern="*" endPattern="*"></tag>
	<tag definition="emph" startPattern="_" endPattern="_"></tag>
	<tag definition="inlineComment" startPattern="++" endPattern="++"></tag>
	<tag definition="inlineNative" startPattern="~" endPattern="~"></tag>
	<tag definition="mark" startPattern="::" endPattern="::"></tag>
	<tag definition="strong" startPattern="__" endPattern="__"></tag>
	<tag definition="strong" startPattern="**" endPattern="**"></tag>
	<tag definition="annotation" startPattern="{" endPattern="}"></tag>
	<tag definition="link" startPattern="[" endPattern="]"></tag>
	<tag definition="footnote" pattern="(fn)"></tag>
	<tag definition="image" pattern="(img)"></tag>
	<tag definition="video" pattern="(vid)"></tag>
</markup>
<string xml:space="preserve">
<p><tags><tag kind="heading3">### </tag></tags>Funciones básicas</p>
<p><tags><tag kind="unorderedList">- </tag></tags>CMD-N para crear una hoja nueva.</p>
<p><tags><tag kind="unorderedList">- </tag></tags>CMD-MAYÚSCULAS-N para crear un grupo nuevo.</p>
<p><tags><tag kind="unorderedList">- </tag></tags>CMD-CTRL-N para crear un filtro nuevo.</p>
<p><tags><tag kind="unorderedList">- </tag></tags>Los nuevos elementos siempre se crearán junto a la selección actual.</p>
<p><tags><tag kind="unorderedList">- </tag></tags>Las nuevas hojas se crearán bajo la hoja seleccionada actualmente.</p>
<p><tags><tag kind="unorderedList">- </tag></tags>Los nuevos grupos y filtros se crearán dentro del grupo seleccionado actualmente. </p>
<p><tags><tag kind="unorderedList">- </tag></tags>Si no hay nada seleccionado, o si la selección no admite contenido nuevo (por ejemplo en Biblioteca › Todo), los nuevos elementos se crearán en la categoría superior (por ejemplo, iCloud).</p>
<p><tags><tag kind="unorderedList">- </tag></tags>Clic para seleccionar.</p>
<p><tags><tag kind="unorderedList">- </tag></tags>Doble clic para editar.</p>
<p></p>
<p><tags><tag kind="heading3">### </tag></tags>Paneles y vistas</p>
<p><tags><tag kind="unorderedList">- </tag></tags>CMD-1 para mostrar/ocultar las barras laterales.</p>
<p><tags><tag kind="unorderedList">- </tag></tags>CMD-2 para mostrar/ocultar la lista de hojas.</p>
<p><tags><tag kind="unorderedList">- </tag></tags>CMD-3 para mostrar/ocultar una vista que solo contiene el editor.</p>
<p><tags><tag kind="unorderedList">- </tag></tags>CMD-5 para mostrar los Favoritos (FavorCINCOS).</p>
<p><tags><tag kind="unorderedList">- </tag></tags>CMD-6 para mostrar la Exportación rápida (SEISportación).</p>
<p><tags><tag kind="unorderedList">- </tag></tags>CMD-7 para mostrar las Estadísticas.</p>
<p><tags><tag kind="unorderedList">- </tag></tags>CMD-8 para mostrar la Navegación (NavegadOCHO, ¿lo pillas?).</p>
<p><tags><tag kind="unorderedList">- </tag></tags>CMD-9 para mostrar la Barra de marcado.</p>
<p></p>
<p><tags><tag kind="heading3">### </tag></tags>Panel de apertura rápida</p>
<p><tags><tag kind="unorderedList">- </tag></tags>CMD-O para buscar una hoja en la selección actual (iCloud, En mi Mac, etc.).</p>
<p><tags><tag kind="unorderedList">- </tag></tags>CMD-MAYÚSCULAS-O para buscar una hoja en toda la biblioteca.</p>
<p><tags><tag kind="unorderedList">- </tag></tags>CMD-ALT-O para buscar una hoja en el grupo seleccionado actualmente. </p>
<p></p>
<p><tags><tag kind="heading3">### </tag></tags>Búsqueda global</p>
<p><tags><tag kind="unorderedList">- </tag></tags>CMD-MAYÚSCULAS-F para mostrar el filtro de hojas.</p>
<p><tags><tag kind="unorderedList">- </tag></tags>ESC para descartar el filtro de hojas.</p>
<p></p>
<p><tags><tag kind="heading3">### </tag></tags>Buscar y reemplazar en el editor</p>
<p><tags><tag kind="unorderedList">- </tag></tags>CMD-F para mostrar el panel Buscar.</p>
<p><tags><tag kind="unorderedList">- </tag></tags>CMD-ALT-F para mostrar el panel Buscar y reemplazar.</p>
<p><tags><tag kind="unorderedList">- </tag></tags>ESC para cerrar cualquiera de estos dos paneles.</p>
<p></p>
<p><tags><tag kind="heading3">### </tag></tags>Pegado inteligente en el editor</p>
<p><tags><tag kind="unorderedList">- </tag></tags>CMD-Mayúsculas-V para invocar el Pegado inteligente o…</p>
<p><tags><tag kind="unorderedList">- </tag></tags>Mantener pulsado CMD-V para invocar el Pegado inteligente.</p>
<p><tags><tag>	</tag><tag kind="unorderedList">- </tag></tags>Las opciones de pegado varían en función del contenido del portapapeles y del marcado actual.</p>
<p><tags><tag>	</tag><tag kind="unorderedList">- </tag></tags>Flecha izquierda/derecha para previsualizar las opciones disponibles de pegado.</p>
<p><tags><tag>	</tag><tag kind="unorderedList">- </tag></tags>INTRO para confirmar y pegar.</p>
</string>
</sheet>