<sheet version="1">
<markup version="1" identifier="markdownxl" displayName="Markdown XL">
	<tag definition="heading1" pattern="#"></tag>
	<tag definition="heading2" pattern="##"></tag>
	<tag definition="heading3" pattern="###"></tag>
	<tag definition="heading4" pattern="####"></tag>
	<tag definition="heading5" pattern="#####"></tag>
	<tag definition="heading6" pattern="######"></tag>
	<tag definition="codeblock" pattern="''"></tag>
	<tag definition="comment" pattern="%%"></tag>
	<tag definition="divider" pattern="----"></tag>
	<tag definition="nativeblock" pattern="~~"></tag>
	<tag definition="blockquote" pattern=">"></tag>
	<tag definition="orderedList" pattern="\d."></tag>
	<tag definition="unorderedList" pattern="*"></tag>
	<tag definition="unorderedList" pattern="+"></tag>
	<tag definition="unorderedList" pattern="-"></tag>
	<tag definition="code" startPattern="`" endPattern="`"></tag>
	<tag definition="delete" startPattern="||" endPattern="||"></tag>
	<tag definition="emph" startPattern="*" endPattern="*"></tag>
	<tag definition="emph" startPattern="_" endPattern="_"></tag>
	<tag definition="inlineComment" startPattern="++" endPattern="++"></tag>
	<tag definition="inlineNative" startPattern="~" endPattern="~"></tag>
	<tag definition="mark" startPattern="::" endPattern="::"></tag>
	<tag definition="strong" startPattern="__" endPattern="__"></tag>
	<tag definition="strong" startPattern="**" endPattern="**"></tag>
	<tag definition="annotation" startPattern="{" endPattern="}"></tag>
	<tag definition="link" startPattern="[" endPattern="]"></tag>
	<tag definition="footnote" pattern="(fn)"></tag>
	<tag definition="image" pattern="(img)"></tag>
	<tag definition="video" pattern="(vid)"></tag>
</markup>
<string xml:space="preserve">
<p><tags><tag kind="heading2">## </tag></tags>Ulysses 1.2 – 用户请求更新</p>
<p></p>
<p>功能：</p>
<p><tags><tag kind="unorderedList">- </tag></tags>添加了分割和合并文稿功能。</p>
<p><tags><tag kind="unorderedList">- </tag></tags>想工作表添加了目标。</p>
<p><tags><tag kind="unorderedList">- </tag></tags>为工作表列表添加了关键词编辑和搜索功能。</p>
<p><tags><tag kind="unorderedList">- </tag></tags>添加了在工作表列表中显示目标、修订日期和关键词的选项。</p>
<p><tags><tag kind="unorderedList">- </tag></tags>工作表现在可以按日期或首字符排序。</p>
<p><tags><tag kind="unorderedList">- </tag></tags>现在工作表列中预览行数可以调整。</p>
<p><tags><tag kind="unorderedList">- </tag></tags>添加了在 Ulysses 样式交换中共享样式和主题。</p>
<p><tags><tag kind="unorderedList">- </tag></tags>现在可以在 Ulysses 中创建和编辑调色板。</p>
<p><tags><tag kind="unorderedList">- </tag></tags>重新制作了偏好设定的主题部分。</p>
<p></p>
<p>增强：</p>
<p><tags><tag kind="unorderedList">- </tag></tags>添加了从当前所选组打开的快速打开选项。</p>
<p><tags><tag kind="unorderedList">- </tag></tags>关键词现在可以添加到外部源的工作表中作为 Mavericks 标记。</p>
<p><tags><tag kind="unorderedList">- </tag></tags>现在可以启用黑暗侧边栏而不取决于纯模式。</p>
<p><tags><tag kind="unorderedList">- </tag></tags>现在可以启用行突出显示而不取决于打字机滚动。</p>
<p><tags><tag kind="unorderedList">- </tag></tags>为统计 HUD 添加了平均词/句和工作表计数。</p>
<p><tags><tag kind="unorderedList">- </tag></tags>添加了导出样式预览t。</p>
<p><tags><tag kind="unorderedList">- </tag></tags>添加了在 Ulysses 样式工作表中禁用孤立和窗口的选项。</p>
<p><tags><tag kind="unorderedList">- </tag></tags>改进了打印设置。</p>
<p><tags><tag kind="unorderedList">- </tag></tags>提升了文件操作的错误处理能力。</p>
<p><tags><tag kind="unorderedList">- </tag></tags>允许将 doc/docx 文件直接拖入 Ulysses。</p>
<p></p>
<p>错误修复：</p>
<p><tags><tag kind="unorderedList">- </tag></tags>修复了在外部源更改文件名大小写时出现的问题。</p>
<p><tags><tag kind="unorderedList">- </tag></tags>修复了重新编辑样式项目时发生的崩溃。</p>
<p><tags><tag kind="unorderedList">- </tag></tags>修复了删除内联标签中的多级输入文本时发生的崩溃。</p>
<p><tags><tag kind="unorderedList">- </tag></tags>提升了编辑器稳定性。</p>
</string>
</sheet>