<sheet version="1">
<markup version="1" identifier="markdownxl" displayName="Markdown XL">
	<tag definition="heading1" pattern="#"></tag>
	<tag definition="heading2" pattern="##"></tag>
	<tag definition="heading3" pattern="###"></tag>
	<tag definition="heading4" pattern="####"></tag>
	<tag definition="heading5" pattern="#####"></tag>
	<tag definition="heading6" pattern="######"></tag>
	<tag definition="codeblock" pattern="''"></tag>
	<tag definition="comment" pattern="%%"></tag>
	<tag definition="divider" pattern="----"></tag>
	<tag definition="nativeblock" pattern="~~"></tag>
	<tag definition="blockquote" pattern=">"></tag>
	<tag definition="orderedList" pattern="\d."></tag>
	<tag definition="unorderedList" pattern="*"></tag>
	<tag definition="unorderedList" pattern="+"></tag>
	<tag definition="unorderedList" pattern="-"></tag>
	<tag definition="code" startPattern="`" endPattern="`"></tag>
	<tag definition="delete" startPattern="||" endPattern="||"></tag>
	<tag definition="emph" startPattern="*" endPattern="*"></tag>
	<tag definition="emph" startPattern="_" endPattern="_"></tag>
	<tag definition="inlineComment" startPattern="++" endPattern="++"></tag>
	<tag definition="inlineNative" startPattern="~" endPattern="~"></tag>
	<tag definition="mark" startPattern="::" endPattern="::"></tag>
	<tag definition="strong" startPattern="__" endPattern="__"></tag>
	<tag definition="strong" startPattern="**" endPattern="**"></tag>
	<tag definition="annotation" startPattern="{" endPattern="}"></tag>
	<tag definition="link" startPattern="[" endPattern="]"></tag>
	<tag definition="footnote" pattern="(fn)"></tag>
	<tag definition="image" pattern="(img)"></tag>
	<tag definition="video" pattern="(vid)"></tag>
</markup>
<string xml:space="preserve">
<p><tags><tag kind="heading3">### </tag></tags>基本操作</p>
<p><tags><tag kind="unorderedList">- </tag></tags>CMD-N 建立一个新的工作表</p>
<p><tags><tag kind="unorderedList">- </tag></tags>CMD-SHIFT-N 建立一个新的组</p>
<p><tags><tag kind="unorderedList">- </tag></tags>CMD-CTRL-N 建立一个新的过滤器</p>
<p><tags><tag kind="unorderedList">- </tag></tags>项目总是会被创建在当前所选的附近</p>
<p><tags><tag kind="unorderedList">- </tag></tags>工作表会被创建在当前所选的下面</p>
<p><tags><tag kind="unorderedList">- </tag></tags>组和过滤器会被创建在当前所选的组中 </p>
<p><tags><tag kind="unorderedList">- </tag></tags>如果没有选择，或者这个选项不接受新的内容（文库 &gt; 任何文件夹），项目将建立在最顶层的类别中（例如 iCloud 中）</p>
<p><tags><tag kind="unorderedList">- </tag></tags>点击选择</p>
<p><tags><tag kind="unorderedList">- </tag></tags>双击编辑</p>
<p></p>
<p><tags><tag kind="heading3">### </tag></tags>HUDs 和视图</p>
<p><tags><tag kind="unorderedList">- </tag></tags>CMD-1 切换侧边栏</p>
<p><tags><tag kind="unorderedList">- </tag></tags>CMD-2 切换工作表列表</p>
<p><tags><tag kind="unorderedList">- </tag></tags>CMD-3 切换编辑器只读视图</p>
<p><tags><tag kind="unorderedList">- </tag></tags>CMD-5 显示收藏夹（FIVEorites）</p>
<p><tags><tag kind="unorderedList">- </tag></tags>CMD-6 显示快速导出（SIXport）</p>
<p><tags><tag kind="unorderedList">- </tag></tags>CMD-7 显示统计</p>
<p><tags><tag kind="unorderedList">- </tag></tags>CMD-8 显示导航（NavigEIGHTor，知道了吗？）</p>
<p><tags><tag kind="unorderedList">- </tag></tags>CMD-9 显示 Markup 小抄</p>
<p></p>
<p><tags><tag kind="heading3">### </tag></tags>快速打开面板</p>
<p><tags><tag kind="unorderedList">- </tag></tags>CMD-O 在当前选择（iCloud、Mac 等）中查找工作表</p>
<p><tags><tag kind="unorderedList">- </tag></tags>CMD-SHIFT-O 在整个文库中查找工作表</p>
<p><tags><tag kind="unorderedList">- </tag></tags>CMD-ALT-O 在当前所选组中查找工作表 </p>
<p></p>
<p><tags><tag kind="heading3">### </tag></tags>全部搜索</p>
<p><tags><tag kind="unorderedList">- </tag></tags>CMD-SHIFT-F 显示工作表过滤器</p>
<p><tags><tag kind="unorderedList">- </tag></tags>ESC 解除工作表过滤器</p>
<p></p>
<p><tags><tag kind="heading3">### </tag></tags>编辑器中查找和替换</p>
<p><tags><tag kind="unorderedList">- </tag></tags>CMD-F 显示查找面板</p>
<p><tags><tag kind="unorderedList">- </tag></tags>CMD-ALT-F 显示查找和替换面板</p>
<p><tags><tag kind="unorderedList">- </tag></tags>ESC 关闭查找和替换面板</p>
<p></p>
<p><tags><tag kind="heading3">### </tag></tags>编辑器智能粘贴</p>
<p><tags><tag kind="unorderedList">- </tag></tags>CMD-Shift-V 调用智能粘贴，或者</p>
<p><tags><tag kind="unorderedList">- </tag></tags>按住 CMD-V 调用智能粘贴</p>
<p><tags><tag>	</tag><tag kind="unorderedList">- </tag></tags>粘贴选项随剪贴板内容和当前 Markup 而变</p>
<p><tags><tag>	</tag><tag kind="unorderedList">- </tag></tags>左/右剪头键预览可用到粘贴选项</p>
<p><tags><tag>	</tag><tag kind="unorderedList">- </tag></tags>ENTER 健确认并粘贴</p>
</string>
</sheet>