<markup identifier="__imported__markdown">
	<tag definition="filename" pattern="@:"/>
	<tag definition="heading1" pattern="#"/>
	<tag definition="heading2" pattern="##"/>
	<tag definition="heading3" pattern="###"/>
	<tag definition="heading4" pattern="####"/>
	<tag definition="heading5" pattern="#####"/>
	<tag definition="heading6" pattern="######"/>
	<tag definition="codeblock" pattern="''"/>
	<tag definition="nativeblock" pattern="~~"/>	
	<tag definition="divider" pattern="----"/>
	<tag definition="blockquote" pattern=">"/>
	<tag definition="orderedList" pattern="\d."/>
	<tag definition="unorderedList" pattern="-"/>
	<tag definition="unorderedList" pattern="+"/>
	<tag definition="unorderedList" pattern="*"/>
	<tag definition="emph" startPattern="_" endPattern="_"/>
	<tag definition="emph" startPattern="*" endPattern="*"/>
	<tag definition="strong" startPattern="**" endPattern="**"/>
	<tag definition="strong" startPattern="__" endPattern="__"/>
	<tag definition="code" startPattern="`" endPattern="`"/>
	<tag definition="inlineNative" startPattern="~" endPattern="~"/>	
	<tag definition="link" startPattern="[" endPattern="]"/>
	<tag definition="footnote" pattern="(fn)"/>
	<tag definition="image" pattern="(img)"/>
</markup>