<theme version="2">
	<palette version="1" mode="light">
		<color identifier="foreground" value="302c27ff"/>
		<color identifier="background" value="f0eee8ff"/>
		<color value="388bbdff"/>
		<color value="3768bdff"/>
		<color value="782c77ff"/>
		<color value="b52a74ff"/>
		<color value="742228ff"/>
		<color value="983c26ff"/>
		<color value="7a4d14ff"/>
		<color value="b09e1eff"/>
		<color value="ebe54eff"/>
		<color value="76a126ff"/>
		<color value="4a806bff"/>
	</palette>
	<palette version="1" mode="dark">
		<color identifier="foreground" value="f0eee8ff"/>
		<color identifier="background" value="302c27ff"/>
		<color value="388bbdff"/>
		<color value="3768bdff"/>
		<color value="782c77ff"/>
		<color value="b52a74ff"/>
		<color value="742228ff"/>
		<color value="983c26ff"/>
		<color value="7a4d14ff"/>
		<color value="b09e1eff"/>
		<color value="ebe54eff"/>
		<color value="76a126ff"/>
		<color value="4a806bff"/>
	</palette>
	
	<item scope="heading" colorsLight=";;" colorsDark=";;" traits=""/>
	<item scope="paragraph" colorsLight=";;" colorsDark=";;" traits=""/>
	<item scope="grouping" colorsLight=";;" colorsDark=";;" traits=""/>
	<item scope="text" colorsLight=";;" colorsDark=";;" traits=""/>
	<item scope="attributedText" colorsLight=";;" colorsDark=";;" traits=""/>
	<item scope="object" colorsLight=";;" colorsDark=";;" traits=""/>
	
	<item definition="filename" colorsLight="4097,5;4097,1;8,-5" colorsDark="4097,5;4097,2;8,-5" traits=""/>
	<item definition="heading1" colorsLight=";;" colorsDark=";;" traits="bold"/>
	<item definition="heading2" colorsLight=";;" colorsDark=";;" traits="bold"/>
	<item definition="heading3" colorsLight=";;" colorsDark=";;" traits="bold"/>
	<item definition="heading4" colorsLight=";;" colorsDark=";;" traits="bold"/>
	<item definition="heading5" colorsLight=";;" colorsDark=";;" traits=""/>
	<item definition="heading6" colorsLight=";;" colorsDark=";;" traits=""/>
	<item definition="codeblock" colorsLight="10,0;10,-4;10,-5" colorsDark="10,2;10,-3;10,-5" traits=""/>
	<item definition="comment" colorsLight="4097,5;4097,1;8,-5" colorsDark="4097,5;4097,2;8,-5" traits=""/>
	<item definition="divider" colorsLight=";;" colorsDark=";;" traits=""/>
	<item definition="nativeblock" colorsLight="10,0;10,-4;10,-5" colorsDark="10,2;10,-3;10,-5" traits=""/>
	<item definition="blockquote" colorsLight=";0,-4;" colorsDark=";0,-4;" traits="italic"/>
	<item definition="orderedList" colorsLight=";;" colorsDark=";;" traits=""/>
	<item definition="unorderedList" colorsLight=";;" colorsDark=";;" traits=""/>
	<item definition="cite" colorsLight=";;" colorsDark=";;" traits=""/>
	<item definition="code" colorsLight="10,0;10,-4;" colorsDark="10,0;4097,1;" traits=""/>
	<item definition="delete" colorsLight=";4097,1;" colorsDark=";4097,1;" traits="strikethrough"/>
	<item definition="emph" colorsLight=";4097,1;" colorsDark=";4097,1;" traits="italic"/>
	<item definition="inlineComment" colorsLight="4097,5;4097,1;" colorsDark="4097,5;4097,1;" traits=""/>
	<item definition="inlineNative" colorsLight="10,0;10,-4;" colorsDark="10,0;4097,1;" traits=""/>
	<item definition="mark" colorsLight="4097,9;4097,1;8,-4" colorsDark="4097,9;7,-4;7,-5" traits=""/>
	<item definition="strong" colorsLight=";4097,1;" colorsDark=";4097,1;" traits="bold"/>
	<item definition="annotation" colorsLight="8,3;8,2;8,2" colorsDark="7,1;7,-2;7,-2" traits=""/>
	<item definition="link" colorsLight="0,0;0,0;0,-2" colorsDark="0,1;0,-2;0,-2" traits=""/>
	<item definition="footnote" colorsLight=";4097,5;" colorsDark=";4097,4;" traits=""/>
	<item definition="image" colorsLight=";3,0;" colorsDark=";3,-1;" traits=""/>
	<item definition="video" colorsLight=";10,0;" colorsDark=";10,-1;" traits=""/>
</theme>