<markup identifier="markdownxl">
	<tag definition="heading1" pattern="#"/>
	<tag definition="heading2" pattern="##"/>
	<tag definition="heading3" pattern="###"/>
	<tag definition="heading4" pattern="####"/>
	<tag definition="heading5" pattern="#####"/>
	<tag definition="heading6" pattern="######"/>
	<tag definition="codeblock" pattern="''"/>
	<tag definition="nativeblock" pattern="~~"/>
	<tag definition="comment" pattern="%%"/>
	<tag definition="divider" pattern="----"/>
	<tag definition="blockquote" pattern=">"/>
	<tag definition="orderedList" pattern="\d."/>
	<tag definition="unorderedList" pattern="-"/>
	<tag definition="unorderedList" pattern="+"/>
	<tag definition="unorderedList" pattern="*"/>
	<tag definition="delete" startPattern="||" endPattern="||"/>
	<tag definition="emph" startPattern="_" endPattern="_"/>
	<tag definition="emph" startPattern="*" endPattern="*"/>
	<tag definition="inlineComment" startPattern="++" endPattern="++"/>
	<tag definition="mark" startPattern="::" endPattern="::"/>
	<tag definition="strong" startPattern="**" endPattern="**"/>
	<tag definition="strong" startPattern="__" endPattern="__"/>
	<tag definition="annotation" startPattern="{" endPattern="}"/>
	<tag definition="code" startPattern="`" endPattern="`"/>
	<tag definition="inlineNative" startPattern="~" endPattern="~"/>	
	<tag definition="link" startPattern="[" endPattern="]"/>
	<tag definition="footnote" pattern="(fn)"/>
	<tag definition="image" pattern="(img)"/>
	<tag definition="video" pattern="(vid)"/>
</markup>