<markup identifier="textiled">
	<tag definition="heading1" pattern="h1."/>
	<tag definition="heading2" pattern="h2."/>
	<tag definition="heading3" pattern="h3."/>
	<tag definition="heading4" pattern="h4."/>
	<tag definition="heading5" pattern="h5."/>
	<tag definition="heading6" pattern="h6."/>
	<tag definition="codeblock" pattern="bc."/>
	<tag definition="nativeblock" pattern="~~"/>	
	<tag definition="comment" pattern="%%"/>
	<tag definition="blockquote" pattern="bq."/>
	<tag definition="orderedList" pattern="#"/>
	<tag definition="unorderedList" pattern="*"/>
	<tag definition="delete" startPattern="--" endPattern="--"/>
	<tag definition="emph" startPattern="_" endPattern="_"/>
	<tag definition="strong" startPattern="**" endPattern="**"/>
	<tag definition="code" startPattern="@" endPattern="@"/>
	<tag definition="inlineNative" startPattern="~" endPattern="~"/>
	<tag definition="link" startPattern="[" endPattern="]"/>
	<tag definition="footnote" pattern="(fn)"/>
	<tag definition="image" pattern="(img)"/>
</markup>