<sheet version="1">
<markup version="1" identifier="markdownxl" displayName="Markdown XL">
	<tag definition="heading1" pattern="#"></tag>
	<tag definition="heading2" pattern="##"></tag>
	<tag definition="heading3" pattern="###"></tag>
	<tag definition="heading4" pattern="####"></tag>
	<tag definition="heading5" pattern="#####"></tag>
	<tag definition="heading6" pattern="######"></tag>
	<tag definition="codeblock" pattern="''"></tag>
	<tag definition="comment" pattern="%%"></tag>
	<tag definition="divider" pattern="----"></tag>
	<tag definition="nativeblock" pattern="~~"></tag>
	<tag definition="blockquote" pattern=">"></tag>
	<tag definition="orderedList" pattern="\d."></tag>
	<tag definition="unorderedList" pattern="*"></tag>
	<tag definition="unorderedList" pattern="+"></tag>
	<tag definition="unorderedList" pattern="-"></tag>
	<tag definition="code" startPattern="`" endPattern="`"></tag>
	<tag definition="delete" startPattern="||" endPattern="||"></tag>
	<tag definition="emph" startPattern="*" endPattern="*"></tag>
	<tag definition="emph" startPattern="_" endPattern="_"></tag>
	<tag definition="inlineComment" startPattern="++" endPattern="++"></tag>
	<tag definition="inlineNative" startPattern="~" endPattern="~"></tag>
	<tag definition="mark" startPattern="::" endPattern="::"></tag>
	<tag definition="strong" startPattern="__" endPattern="__"></tag>
	<tag definition="strong" startPattern="**" endPattern="**"></tag>
	<tag definition="annotation" startPattern="{" endPattern="}"></tag>
	<tag definition="link" startPattern="[" endPattern="]"></tag>
	<tag definition="footnote" pattern="(fn)"></tag>
	<tag definition="image" pattern="(img)"></tag>
	<tag definition="video" pattern="(vid)"></tag>
</markup>
<string xml:space="preserve">
<p><tags><tag kind="heading3">### </tag></tags>Ullamcorper Sem Ornare Sollicitudin Ligula</p>
<p></p>
<p>Lorem ipsum dolor sit amet, consetetur sadipscing elitr, sed diam nonumy eirmod tempor invidunt ut labore et dolore <element kind="emph" startTag="*">magna aliquyam</element> erat, sed diam voluptua. Maecenas sed diam eget risus varius blandit sit amet non magna.<element kind="footnote"><attribute identifier="text"><string xml:space="preserve">
<p>Morbi leo risus, porta ac consectetur ac, vestibulum at eros. Aenean lacinia bibendum nulla sed consectetur.</p>
</string></attribute></element></p>
<p></p>
<p><tags><tag kind="blockquote">&gt; </tag></tags>Cum sociis natoque penatibus et magnis dis parturient montes, nascetur ridiculus mus. Maecenas sed diam eget risus varius blandit sit amet non magna.</p>
<p></p>
<p>Donec ullamcorper nulla non metus auctor fringilla. Aenean lacinia bibendum nulla <element kind="strong" startTag="**">sed consectetur</element>. Lorem ipsum dolor sit amet, consectetur adipiscing elit. Etiam porta sem malesuada magna mollis euismod.</p>
<p></p>
<p>Vivamus sagittis lacus vel augue laoreet rutrum faucibus dolor auctor. Morbi leo risus, porta ac consectetur ac, vestibulum at eros. Etiam porta sem malesuada magna mollis euismod. Aenean eu leo quam. Pellentesque ornare sem lacinia quam venenatis vestibulum. Nullam id dolor id nibh ultricies vehicula ut id elit. Duis mollis, est non commodo luctus, nisi erat porttitor ligula, eget lacinia odio sem nec elit.</p>
<p></p>
<p>Maecenas faucibus mollis interdum. Morbi leo risus, porta ac consectetur ac, vestibulum at eros. Sed posuere consectetur est at lobortis. Cum sociis natoque penatibus et magnis dis parturient montes, nascetur ridiculus mus. Vivamus sagittis lacus vel augue laoreet rutrum faucibus dolor auctor.</p>
<p></p>
<p>Lorem ipsum dolor sit amet, consectetur adipiscing elit. Nullam quis risus eget urna mollis ornare vel eu leo. Sed posuere consectetur est at lobortis. Maecenas sed diam eget risus varius blandit sit amet non magna.</p>
<p></p>
<p><tags><tag kind="unorderedList">- </tag></tags>Lorem ipsum dolor sit amet</p>
<p><tags><tag kind="unorderedList">- </tag></tags>consetetur sadipscing elitr</p>
<p><tags><tag kind="unorderedList">- </tag></tags>sed diam nonumy eirmod tempor</p>
<p></p>
<p>At vero <element kind="code" startTag="`">class="super" id="mega"</element> et justo duo dolores et ea rebum. Cras mattis consectetur purus sit amet fermentum. Cum sociis natoque penatibus et magnis dis parturient montes, nascetur ridiculus mus.</p>
<p></p>
<p></p>
<p>Maecenas faucibus mollis interdum. Aenean lacinia bibendum nulla sed consectetur. Sed posuere consectetur est at lobortis. Cras justo odio, dapibus ac facilisis in, egestas eget quam. Maecenas faucibus mollis interdum. Lorem ipsum dolor sit amet, consectetur adipiscing elit.</p>
</string>
</sheet>