<sheet version="1">
<markup version="1" identifier="markdownxl" displayName="Markdown XL">
	<tag definition="heading1" pattern="#"></tag>
	<tag definition="heading2" pattern="##"></tag>
	<tag definition="heading3" pattern="###"></tag>
	<tag definition="heading4" pattern="####"></tag>
	<tag definition="heading5" pattern="#####"></tag>
	<tag definition="heading6" pattern="######"></tag>
	<tag definition="codeblock" pattern="''"></tag>
	<tag definition="comment" pattern="%%"></tag>
	<tag definition="divider" pattern="----"></tag>
	<tag definition="nativeblock" pattern="~~"></tag>
	<tag definition="blockquote" pattern=">"></tag>
	<tag definition="orderedList" pattern="\d."></tag>
	<tag definition="unorderedList" pattern="*"></tag>
	<tag definition="unorderedList" pattern="+"></tag>
	<tag definition="unorderedList" pattern="-"></tag>
	<tag definition="code" startPattern="`" endPattern="`"></tag>
	<tag definition="delete" startPattern="||" endPattern="||"></tag>
	<tag definition="emph" startPattern="*" endPattern="*"></tag>
	<tag definition="emph" startPattern="_" endPattern="_"></tag>
	<tag definition="inlineComment" startPattern="++" endPattern="++"></tag>
	<tag definition="inlineNative" startPattern="~" endPattern="~"></tag>
	<tag definition="mark" startPattern="::" endPattern="::"></tag>
	<tag definition="strong" startPattern="__" endPattern="__"></tag>
	<tag definition="strong" startPattern="**" endPattern="**"></tag>
	<tag definition="annotation" startPattern="{" endPattern="}"></tag>
	<tag definition="link" startPattern="[" endPattern="]"></tag>
	<tag definition="footnote" pattern="(fn)"></tag>
	<tag definition="image" pattern="(img)"></tag>
	<tag definition="video" pattern="(vid)"></tag>
</markup>
<string xml:space="preserve">
<p><tags><tag kind="heading2">## </tag></tags>Integration von Daedalus Touch</p>
<p></p>
<p>Wenn Sie Daedalus Touch für iOS benutzen (und das sollten Sie <element kind="link"><attribute identifier="URL">http://www.daedalusapp.com/</attribute><attribute identifier="title">The world's sexiest text editor. Only on iOS.</attribute>wirklich</element>), ist jetzt die Zeit gekommen, auf Ihren Geräten iCloud zu aktivieren. Ulysses integriert Daedalus nativ in seiner Seitenleiste. Ohne Einrichtung, ohne Verknüpfung. Funktioniert einfach so.</p>
<p></p>
<p>Die Papierstapel aus Daedalus erscheinen in Ulysses als normale Gruppen. Vergessen Sie keinen Ihrer Geistesblitze mehr – schreiben Sie Ihre Ideen auch unterwegs sofort mit Daedalus auf: Im Coffee Shop. Am Strand. Im Bett. Auf der Couch. Auf dem Eiffelturm. Auf dem Mount Everest. In der ISS. Auf Kepler 21b. Setzen Sie Ihre Arbeit nach Ankunft an Ihrem Mac bequem mit Ulysses fort. Cool, oder?</p>
</string>
</sheet>