<sheet version="1">
<markup version="1" identifier="markdownxl" displayName="Markdown XL">
	<tag definition="heading1" pattern="#"></tag>
	<tag definition="heading2" pattern="##"></tag>
	<tag definition="heading3" pattern="###"></tag>
	<tag definition="heading4" pattern="####"></tag>
	<tag definition="heading5" pattern="#####"></tag>
	<tag definition="heading6" pattern="######"></tag>
	<tag definition="codeblock" pattern="''"></tag>
	<tag definition="comment" pattern="%%"></tag>
	<tag definition="divider" pattern="----"></tag>
	<tag definition="nativeblock" pattern="~~"></tag>
	<tag definition="blockquote" pattern=">"></tag>
	<tag definition="orderedList" pattern="\d."></tag>
	<tag definition="unorderedList" pattern="*"></tag>
	<tag definition="unorderedList" pattern="+"></tag>
	<tag definition="unorderedList" pattern="-"></tag>
	<tag definition="code" startPattern="`" endPattern="`"></tag>
	<tag definition="delete" startPattern="||" endPattern="||"></tag>
	<tag definition="emph" startPattern="*" endPattern="*"></tag>
	<tag definition="emph" startPattern="_" endPattern="_"></tag>
	<tag definition="inlineComment" startPattern="++" endPattern="++"></tag>
	<tag definition="inlineNative" startPattern="~" endPattern="~"></tag>
	<tag definition="mark" startPattern="::" endPattern="::"></tag>
	<tag definition="strong" startPattern="__" endPattern="__"></tag>
	<tag definition="strong" startPattern="**" endPattern="**"></tag>
	<tag definition="annotation" startPattern="{" endPattern="}"></tag>
	<tag definition="link" startPattern="[" endPattern="]"></tag>
	<tag definition="footnote" pattern="(fn)"></tag>
	<tag definition="image" pattern="(img)"></tag>
	<tag definition="video" pattern="(vid)"></tag>
</markup>
<string xml:space="preserve">
<p><tags><tag kind="heading2">## </tag></tags>Blätter </p>
<p></p>
<p>Das Schreiben von Text findet in Ulysses ausschließlich auf sogenannten Blättern statt. Blätter sind vergleichbar mit klassischen Dokumenten, nur benötigen Blätter weder einen „Titel“ noch einen „Dateinamen“.</p>
<p></p>
<p>Neue Blätter erstellen Sie einfach via CMD-N.</p>
<p></p>
<p>Blätter können unbegrenzt viel Text enthalten und können frei herumbewegt und umsortiert werden. Blätter können auch „aneinandergeklebt“, also miteinander verbunden werden (CMD-J). Die miteinander verbundenen Blätter verhalten sich wie ein einzelnes – das ist besonders dann praktisch, wenn Sie lieber mit kleinen Textfetzen arbeiten als mit einem großen monolithischen Textblock.</p>
<p></p>
<p>Sie können ein Blatt natürlich auch bei der Cursor-Position in zwei einzelne Blätter teilen (Bearbeiten › An Auswahl teilen) oder mehrere Blätter zu einem Blatt zusammenfügen (Ablage › Blätter zusammenführen …).</p>
<p></p>
<p></p>
<p><tags><tag kind="heading3">### </tag></tags>Das Sahnehäubchen</p>
<p></p>
<p>Ein Blatt kommt bekanntlich selten allein und befindet sich oft in Gesellschaft anderer Blätter. Dann wäre es doch praktisch, wenn direkt aus dem Editor heraus zwischen Blättern gewechselt könnte. Genau hierfür gibt es für die Puristen unter uns die Tastaturkürzel CMD-ALT-Pfeil nach oben/unten. Maus– und Trackpad-Liebhaber scrollen ganz einfach an den oberen oder unteren Rand eines Blattes und scrollen dort einfach so lange weiter, bis das Blatt gewechselt wird.</p>
<p></p>
<p>Probieren Sie es doch einfach mal aus, um ein Gefühl dafür zu bekommen. Aber kommen Sie bitte wieder hierher zurück, gleich geht es um die wirklich coolen Funktionen.</p>
<p></p></string>
</sheet>