<sheet version="1">
<markup version="1" identifier="markdownxl" displayName="Markdown XL">
	<tag definition="heading1" pattern="#"></tag>
	<tag definition="heading2" pattern="##"></tag>
	<tag definition="heading3" pattern="###"></tag>
	<tag definition="heading4" pattern="####"></tag>
	<tag definition="heading5" pattern="#####"></tag>
	<tag definition="heading6" pattern="######"></tag>
	<tag definition="codeblock" pattern="''"></tag>
	<tag definition="comment" pattern="%%"></tag>
	<tag definition="divider" pattern="----"></tag>
	<tag definition="nativeblock" pattern="~~"></tag>
	<tag definition="blockquote" pattern=">"></tag>
	<tag definition="orderedList" pattern="\d."></tag>
	<tag definition="unorderedList" pattern="*"></tag>
	<tag definition="unorderedList" pattern="+"></tag>
	<tag definition="unorderedList" pattern="-"></tag>
	<tag definition="code" startPattern="`" endPattern="`"></tag>
	<tag definition="delete" startPattern="||" endPattern="||"></tag>
	<tag definition="emph" startPattern="*" endPattern="*"></tag>
	<tag definition="emph" startPattern="_" endPattern="_"></tag>
	<tag definition="inlineComment" startPattern="++" endPattern="++"></tag>
	<tag definition="inlineNative" startPattern="~" endPattern="~"></tag>
	<tag definition="mark" startPattern="::" endPattern="::"></tag>
	<tag definition="strong" startPattern="__" endPattern="__"></tag>
	<tag definition="strong" startPattern="**" endPattern="**"></tag>
	<tag definition="annotation" startPattern="{" endPattern="}"></tag>
	<tag definition="link" startPattern="[" endPattern="]"></tag>
	<tag definition="footnote" pattern="(fn)"></tag>
	<tag definition="image" pattern="(img)"></tag>
	<tag definition="video" pattern="(vid)"></tag>
</markup>
<string xml:space="preserve">
<p><tags><tag kind="heading3">### </tag></tags>Screen Modes</p>
<p><tags><tag kind="unorderedList">- </tag></tags>CMD-ALT-P to toggle Pure Mode</p>
<p><tags><tag kind="unorderedList">- </tag></tags>CMD-ALT-L to toggle Dark Theme</p>
<p><tags><tag kind="unorderedList">- </tag></tags>CMD-CTRL-F to toggle Fullscreen Mode</p>
<p></p>
<p><tags><tag kind="heading3">### </tag></tags>Sheet List Options</p>
<p><tags><tag kind="unorderedList">- </tag></tags>The View menu holds sevaral options for personalizing the sheet list:</p>
<p><tags><tag>	</tag><tag kind="unorderedList">- </tag></tags>Set the “Sheet Preview” to anything between 1 and 6 lines</p>
<p><tags><tag>	</tag><tag kind="unorderedList">- </tag></tags>Include Keywords and Goals in the sheet preview</p>
<p><tags><tag>	</tag><tag kind="unorderedList">- </tag></tags>Either sort manually, by date or by first character</p>
<p></p>
<p><tags><tag kind="heading3">### </tag></tags>Editor Options</p>
<p><tags><tag kind="unorderedList">- </tag></tags>The View menu also holds options for personalizing the editor:</p>
<p><tags><tag kind="unorderedList">- </tag></tags>CMD-ALT-T to toggle Typewriter Scrolling</p>
<p><tags><tag>	</tag><tag kind="unorderedList">- </tag></tags>You can set this to top, center or bottom</p>
<p><tags><tag>	</tag><tag kind="unorderedList">- </tag></tags>You can also set this to be fixed or variable</p>
<p><tags><tag kind="unorderedList">- </tag></tags>You can enable a highlight for the currently selected line</p>
<p><tags><tag kind="unorderedList">- </tag></tags>You can enable the display of paragraph numbers</p>
<p></p>
<p><tags><tag kind="heading3">### </tag></tags>Font Size</p>
<p><tags><tag kind="unorderedList">- </tag></tags>CMD-plus to increase font size</p>
<p><tags><tag kind="unorderedList">- </tag></tags>CMD-minus to decrease font size</p>
<p><tags><tag kind="unorderedList">- </tag></tags>CMD-0 to reset font size to default value</p>
<p></p></string>
</sheet>