<sheet version="1">
<markup version="1" identifier="markdownxl" displayName="Markdown XL">
	<tag definition="heading1" pattern="#"/>
	<tag definition="heading2" pattern="##"/>
	<tag definition="heading3" pattern="###"/>
	<tag definition="heading4" pattern="####"/>
	<tag definition="heading5" pattern="#####"/>
	<tag definition="heading6" pattern="######"/>
	<tag definition="codeblock" pattern="''"/>
	<tag definition="comment" pattern="%%"/>
	<tag definition="divider" pattern="----"/>
	<tag definition="nativeblock" pattern="~~"/>
	<tag definition="blockquote" pattern=">"/>
	<tag definition="orderedList" pattern="\d."/>
	<tag definition="unorderedList" pattern="*"/>
	<tag definition="unorderedList" pattern="+"/>
	<tag definition="unorderedList" pattern="-"/>
	<tag definition="code" startPattern="`" endPattern="`"/>
	<tag definition="delete" startPattern="||" endPattern="||"/>
	<tag definition="emph" startPattern="*" endPattern="*"/>
	<tag definition="emph" startPattern="_" endPattern="_"/>
	<tag definition="inlineComment" startPattern="++" endPattern="++"/>
	<tag definition="inlineNative" startPattern="~" endPattern="~"/>
	<tag definition="mark" startPattern="::" endPattern="::"/>
	<tag definition="strong" startPattern="__" endPattern="__"/>
	<tag definition="strong" startPattern="**" endPattern="**"/>
	<tag definition="annotation" startPattern="{" endPattern="}"/>
	<tag definition="link" startPattern="[" endPattern="]"/>
	<tag definition="footnote" pattern="(fn)"/>
	<tag definition="image" pattern="(img)"/>
	<tag definition="video" pattern="(vid)"/>
</markup>
<string xml:space="preserve">
<p><tags><tag kind="heading2">## </tag></tags>La version 1.1 en bref</p>
<p></p>
<p>Au cours des derniers mois, Ulysses III a reçu un écho formidable, absolument formidable. Entre les acclamations critiques dans les médias et une mise en vedette sur le Mac App Store, la réaction des utilisateurs a été pour le moins phénoménale.</p>
<p></p>
<p>Si vous faites partie des utilisateurs précoces à être intervenus, nous tenons à vous remercier du fond du cœur. C’est un plaisir de travailler pour un public aussi extraordinaire. Vraiment. Vous êtes super !</p>
<p></p>
<p>La version que vous avez devant les yeux incorpore de nombreuses améliorations, suite aux demandes des utilisateurs d’Ulysses. Il y en a trop pour en faire la liste, mais la recherche globale en fait évidemment partie, tout comme le défilement machine à écrire, l’insertion automatique pour les listes et les balises, et enfin la possibilité de créer vos propres styles d’exportation.</p>
<p></p>
<p>Certains diront qu’il s’agit de « ce que la 1.0 aurait dû être », et c’est peut-être vrai. Nous sommes toutefois heureux de publier cette nouvelle version enrichie de fonctionnalités géniales et perfectionnées ; 1.0 nous aura laissé le loisir de réviser, sans bousculade, chacune d’entre elles. Nous espérons que ça se voit.</p>
<p></p>
<p>À l’avenir, nous allons continuer de repousser les frontières du possible dans le domaine de l’édition de texte, et nous allons continuer d’être fascinés par les utilisateurs, selon toute vraisemblance, les plus sympathiques de l’univers connu.</p>
<p></p>
<p>Merci encore. On espère que ça va vous plaire !</p>
<p></p>
<p>Marcus Fehn | The Soulmen</p>
<p>Septembre 2013</p>
</string>
</sheet>