<sheet version="1">
<markup version="1" identifier="markdownxl" displayName="Markdown XL">
	<tag definition="heading1" pattern="#"/>
	<tag definition="heading2" pattern="##"/>
	<tag definition="heading3" pattern="###"/>
	<tag definition="heading4" pattern="####"/>
	<tag definition="heading5" pattern="#####"/>
	<tag definition="heading6" pattern="######"/>
	<tag definition="codeblock" pattern="''"/>
	<tag definition="comment" pattern="%%"/>
	<tag definition="divider" pattern="----"/>
	<tag definition="nativeblock" pattern="~~"/>
	<tag definition="blockquote" pattern=">"/>
	<tag definition="orderedList" pattern="\d."/>
	<tag definition="unorderedList" pattern="*"/>
	<tag definition="unorderedList" pattern="+"/>
	<tag definition="unorderedList" pattern="-"/>
	<tag definition="code" startPattern="`" endPattern="`"/>
	<tag definition="delete" startPattern="||" endPattern="||"/>
	<tag definition="emph" startPattern="*" endPattern="*"/>
	<tag definition="emph" startPattern="_" endPattern="_"/>
	<tag definition="inlineComment" startPattern="++" endPattern="++"/>
	<tag definition="inlineNative" startPattern="~" endPattern="~"/>
	<tag definition="mark" startPattern="::" endPattern="::"/>
	<tag definition="strong" startPattern="__" endPattern="__"/>
	<tag definition="strong" startPattern="**" endPattern="**"/>
	<tag definition="annotation" startPattern="{" endPattern="}"/>
	<tag definition="link" startPattern="[" endPattern="]"/>
	<tag definition="footnote" pattern="(fn)"/>
	<tag definition="image" pattern="(img)"/>
	<tag definition="video" pattern="(vid)"/>
</markup>
<string xml:space="preserve">
<p><tags><tag kind="heading3">### </tag></tags>Hinweise für Umsteiger von 1.0</p>
<p><tags><tag kind="unorderedList">- </tag></tags>Es gibt eine neue Suche in der Seitenleisten via CMD-UMSCHALT-F</p>
<p><tags><tag kind="unorderedList">- </tag></tags>Es gibt ein neues Öffnen-Fenster via CMD-O</p>
<p><tags><tag kind="unorderedList">- </tag></tags>Es gibt eine neue Exportvorschau via CMD-UMSCHALT-P</p>
<p><tags><tag kind="unorderedList">- </tag></tags>Es gibt einen neuen Einstellungsbereich „Stile”, in dem eigene Export-Stile für HTML, PDF, Word, RTF und ePub hinzugefügt werden können</p>
<p><tags><tag kind="unorderedList">- </tag></tags>Es gibt nun einen ePub-Exporter</p>
<p><tags><tag kind="unorderedList">- </tag></tags>Es gibt nun eine Vervollständigung schließende Tags, sowie eine automatische Listenvervollständigung via Bearbeiten › Ersetzungen</p>
<p><tags><tag kind="unorderedList">- </tag></tags>Es gibt nun einen Schreibmaschinen-Scrollmodus via CMD-ALT-T</p>
<p><tags><tag kind="unorderedList">- </tag></tags>Das Hauptmenü wurde hier und da optimiert. Zuerst vielleicht etwas verwirrend, aber auf lange Sicht wesentlich besser.</p>
<p></p></string>
</sheet>