<sheet version="2">
<markup version="1" identifier="markdownxl" displayName="Markdown XL">
	<tag definition="heading1" pattern="#"></tag>
	<tag definition="heading2" pattern="##"></tag>
	<tag definition="heading3" pattern="###"></tag>
	<tag definition="heading4" pattern="####"></tag>
	<tag definition="heading5" pattern="#####"></tag>
	<tag definition="heading6" pattern="######"></tag>
	<tag definition="codeblock" pattern="''"></tag>
	<tag definition="comment" pattern="%%"></tag>
	<tag definition="divider" pattern="----"></tag>
	<tag definition="nativeblock" pattern="~~"></tag>
	<tag definition="blockquote" pattern=">"></tag>
	<tag definition="orderedList" pattern="\d."></tag>
	<tag definition="unorderedList" pattern="*"></tag>
	<tag definition="unorderedList" pattern="+"></tag>
	<tag definition="unorderedList" pattern="-"></tag>
	<tag definition="code" startPattern="`" endPattern="`"></tag>
	<tag definition="delete" startPattern="||" endPattern="||"></tag>
	<tag definition="emph" startPattern="*" endPattern="*"></tag>
	<tag definition="emph" startPattern="_" endPattern="_"></tag>
	<tag definition="inlineComment" startPattern="++" endPattern="++"></tag>
	<tag definition="inlineNative" startPattern="~" endPattern="~"></tag>
	<tag definition="mark" startPattern="::" endPattern="::"></tag>
	<tag definition="strong" startPattern="__" endPattern="__"></tag>
	<tag definition="strong" startPattern="**" endPattern="**"></tag>
	<tag definition="annotation" startPattern="{" endPattern="}"></tag>
	<tag definition="link" startPattern="[" endPattern="]"></tag>
	<tag definition="footnote" pattern="(fn)"></tag>
	<tag definition="image" pattern="(img)"></tag>
	<tag definition="video" pattern="(vid)"></tag>
</markup>
<string xml:space="preserve">
<p><tags><tag kind="heading2">## </tag></tags>Ok, ma come faccio a... ?</p>
<p></p>
<p>Se hai già usato una qualsiasi app a tre colonne non dovresti avere problemi a navigare in Ulysses. E se hai familiarità con i programmi come <element kind="link"><attribute identifier="URL">http://daringfireball.net/projects/markdown/</attribute><attribute identifier="title">Markdown di John Gruber e Aaron Swartz</attribute>Markdown</element> e <element kind="link"><attribute identifier="URL">http://en.wikipedia.org/wiki/Textile_(markup_language)</attribute><attribute identifier="title">Pagina Wikipedia su Textile</attribute>Textile</element> in questo editor dovresti sentirti a tuo agio. Potrebbero esserci alcuni casi particolari in cui trattiamo alcune cose in modo un po’ diverso, ma in linea di massima le similitudini sono molte.</p>
<p></p>
<p>Comunque, eccoti una panoramica dell’interfaccia da sinistra a destra:</p>
<p></p>
<p><tags><tag kind="unorderedList">- </tag></tags>BARRA LATERALE</p>
<p><tags><tag kind="unorderedList">- </tag></tags>LISTA FOGLI</p>
<p><tags><tag kind="unorderedList">- </tag></tags>EDITOR</p>
<p></p>
<p>È tutto.</p>
<p></p>
<p>La <element kind="emph" startTag="_">barra laterale</element> è divisa in due sezioni e non dovrebbe aver bisogno di spiegazioni. Se iCloud è abilitato o se se utilizzi <element kind="link"><attribute identifier="URL">http://www.daedalusapp.com</attribute><attribute identifier="title">“Daedalus Touch - Editor di testo per iCloud“</attribute>Daedalus Touch</element>, vedrai sezioni diverse, ma è comunque un gioco da ragazzi.</p>
<p></p>
<p>La <element kind="emph" startTag="_">lista fogli</element> è il luogo in cui sono depositati i tuoi testi.</p>
<p></p>
<p>E questo è l’<element kind="emph" startTag="_">editor</element>.</p>
<p></p></string>
<attachment type="keywords">fantastico</attachment>
</sheet>