<sheet version="1">
<markup version="1" identifier="markdownxl" displayName="Markdown XL">
	<tag definition="heading1" pattern="#"></tag>
	<tag definition="heading2" pattern="##"></tag>
	<tag definition="heading3" pattern="###"></tag>
	<tag definition="heading4" pattern="####"></tag>
	<tag definition="heading5" pattern="#####"></tag>
	<tag definition="heading6" pattern="######"></tag>
	<tag definition="codeblock" pattern="''"></tag>
	<tag definition="comment" pattern="%%"></tag>
	<tag definition="divider" pattern="----"></tag>
	<tag definition="nativeblock" pattern="~~"></tag>
	<tag definition="blockquote" pattern=">"></tag>
	<tag definition="orderedList" pattern="\d."></tag>
	<tag definition="unorderedList" pattern="*"></tag>
	<tag definition="unorderedList" pattern="+"></tag>
	<tag definition="unorderedList" pattern="-"></tag>
	<tag definition="code" startPattern="`" endPattern="`"></tag>
	<tag definition="delete" startPattern="||" endPattern="||"></tag>
	<tag definition="emph" startPattern="*" endPattern="*"></tag>
	<tag definition="emph" startPattern="_" endPattern="_"></tag>
	<tag definition="inlineComment" startPattern="++" endPattern="++"></tag>
	<tag definition="inlineNative" startPattern="~" endPattern="~"></tag>
	<tag definition="mark" startPattern="::" endPattern="::"></tag>
	<tag definition="strong" startPattern="__" endPattern="__"></tag>
	<tag definition="strong" startPattern="**" endPattern="**"></tag>
	<tag definition="annotation" startPattern="{" endPattern="}"></tag>
	<tag definition="link" startPattern="[" endPattern="]"></tag>
	<tag definition="footnote" pattern="(fn)"></tag>
	<tag definition="image" pattern="(img)"></tag>
	<tag definition="video" pattern="(vid)"></tag>
</markup>
<string xml:space="preserve">
<p><tags><tag kind="heading3">### </tag></tags>Navigation, barre latérale</p>
<p><tags><tag kind="unorderedList">- </tag></tags>Flèche droite sur un groupe pour ouvrir le groupe.</p>
<p><tags><tag kind="unorderedList">- </tag></tags>Flèche droite sur une pile pour aller dans la liste des feuilles.</p>
<p></p>
<p><tags><tag kind="heading3">### </tag></tags>Navigation, liste des feuilles</p>
<p><tags><tag kind="unorderedList">- </tag></tags>Flèche droite pour aller dans l'éditeur (en plaçant le point d'insertion à l'endroit de la dernière modification).</p>
<p><tags><tag kind="unorderedList">- </tag></tags>Flèche gauche pour retourner dans la barre latérale.</p>
<p></p>
<p><tags><tag kind="heading3">### </tag></tags>Navigation, éditeur</p>
<p><tags><tag kind="unorderedList">- </tag></tags>Au début d'une feuille :</p>
<p><tags><tag>	</tag><tag kind="unorderedList">- </tag></tags>Taper deux fois sur Flèche vers le haut pour passer à la feuille précédente.</p>
<p><tags><tag kind="unorderedList">- </tag></tags>À la fin d'une feuille :</p>
<p><tags><tag>	</tag><tag kind="unorderedList">- </tag></tags>Taper deux fois sur Flèche vers le bas pour passer à la feuille suivante.</p>
<p><tags><tag kind="unorderedList">- </tag></tags>N'importe où dans une feuille :</p>
<p><tags><tag>	</tag><tag kind="unorderedList">- </tag></tags>CMD-ALT-Flèche vers le haut pour passer à la feuille précédente.</p>
<p><tags><tag>	</tag><tag kind="unorderedList">- </tag></tags>CMD-ALT-Flèche vers le bas pour passer à la feuille suivante. </p>
<p><tags><tag kind="unorderedList">- </tag></tags>Taper deux fois sur CMD-Flèche gauche pour aller dans la liste des feuilles.</p>
<p></p>
<p><tags><tag kind="heading3">### </tag></tags>Copier et déplacer dans les barres latérales</p>
<p><tags><tag kind="unorderedList">- </tag></tags>Par défaut, le glissement de groupes et de feuilles vers et depuis iCloud ou « Sur mon Mac » <element kind="emph" startTag="_">déplace</element> les contenus, c'est-à-dire qu'ils sont transférés vers leur nouvel emplacement.</p>
<p><tags><tag kind="unorderedList">- </tag></tags>Le glissement de groupes et de feuilles vers et depuis Daedalus et Sources externes <element kind="emph" startTag="_">copie</element> les contenus, c'est-à-dire qu'ils existent ensuite aux deux emplacements.</p>
<p><tags><tag kind="unorderedList">- </tag></tags>Maintenir ALT pendant le glissement pour forcer à <element kind="emph" startTag="_">copier</element> les groupes et les feuilles.</p>
<p><tags><tag kind="unorderedList">- </tag></tags>Maintenir CMD pendant le glissement pour forcer à <element kind="emph" startTag="_">déplacer</element> les groupes et les feuilles.</p>
<p></p></string>
</sheet>