<sheet version="1">
<markup version="1" identifier="markdownxl" displayName="Markdown XL">
	<tag definition="heading1" pattern="#"></tag>
	<tag definition="heading2" pattern="##"></tag>
	<tag definition="heading3" pattern="###"></tag>
	<tag definition="heading4" pattern="####"></tag>
	<tag definition="heading5" pattern="#####"></tag>
	<tag definition="heading6" pattern="######"></tag>
	<tag definition="codeblock" pattern="''"></tag>
	<tag definition="comment" pattern="%%"></tag>
	<tag definition="divider" pattern="----"></tag>
	<tag definition="nativeblock" pattern="~~"></tag>
	<tag definition="blockquote" pattern=">"></tag>
	<tag definition="orderedList" pattern="\d."></tag>
	<tag definition="unorderedList" pattern="*"></tag>
	<tag definition="unorderedList" pattern="+"></tag>
	<tag definition="unorderedList" pattern="-"></tag>
	<tag definition="code" startPattern="`" endPattern="`"></tag>
	<tag definition="delete" startPattern="||" endPattern="||"></tag>
	<tag definition="emph" startPattern="*" endPattern="*"></tag>
	<tag definition="emph" startPattern="_" endPattern="_"></tag>
	<tag definition="inlineComment" startPattern="++" endPattern="++"></tag>
	<tag definition="inlineNative" startPattern="~" endPattern="~"></tag>
	<tag definition="mark" startPattern="::" endPattern="::"></tag>
	<tag definition="strong" startPattern="__" endPattern="__"></tag>
	<tag definition="strong" startPattern="**" endPattern="**"></tag>
	<tag definition="annotation" startPattern="{" endPattern="}"></tag>
	<tag definition="link" startPattern="[" endPattern="]"></tag>
	<tag definition="footnote" pattern="(fn)"></tag>
	<tag definition="image" pattern="(img)"></tag>
	<tag definition="video" pattern="(vid)"></tag>
</markup>
<string xml:space="preserve">
<p><tags><tag kind="heading2">## </tag></tags>Übersicht</p>
<p></p>
<p>Bisher haben Sie diese Einführung wahrscheinlich einfach ignoriert und die Funktion der wenigen Buttons im Fenster ausprobiert? Schon okay, nur zu.</p>
<p></p>
<p>Sobald Sie Ihre Neugierde gestillt haben, sollten wir uns um ein paar Grundlagen kümmern:</p>
<p></p>
<p><tags><tag kind="orderedList">1. </tag></tags>Ulysses III ist das, was wir einen „erweiterten Plain-Text-Editor“ nennen. Alles, was Sie hier sehen – Überschriften, Listen und Formatierungen – ist einfach nur <element kind="emph" startTag="*">eingetippt</element>. Dazu kommen wir später.</p>
<p></p>
<p><tags><tag kind="orderedList">2. </tag></tags>Ulysses III ist eine bibliothekbasierte App. Alle Ihre Texte leben in einer einzigen Bibliothek. Es gibt kein „Öffnen“, kein „Sichern“, keine Finder-Dialoge. Alles passiert in diesem Fenster. Alles.</p>
<p></p>
<p><tags><tag kind="orderedList">3. </tag></tags>Ulysses III unterstützt iCloud: Wenn Sie iCloud eingerichtet und aktiviert haben, wird Ulysses <element kind="strong" startTag="**">alles</element> auf Apples supermodernen Megaclustern ablegen. So können Sie von allen Ihren Macs auf Ihre Texte zugreifen – alles, was Sie dazu brauchen, ist eine Internetverbindung.</p>
<p></p>
<p><tags><tag kind="orderedList">4. </tag></tags>Ulysses III ist kein WYSIWYG-Editor (What You See Is What You Get) und bietet daher keine sofort sichtbaren Stile und Formate. Stattdessen wird Ihr Text automatisch formatiert, wenn Sie diesen als PDF, als Webseite oder eBook exportieren.</p>
<p></p>
<p>Ulysses III ist dafür gemacht, mit Projekten zu wachsen und sich anzupassen. Sie können Ulysses III als Notizblock nutzen oder Ihren ersten Bestseller-Roman schreiben. Schreiben Sie Blogartikel und organisieren Sie Ihre Texte - oder lassen Sie die Ordnung einfach Ordnung sein.</p>
<p></p>
<p>In Ulysses III gibt es kein „richtig“ oder „falsch“ – richten Sie es sich Ihren Bedürfnissen entsprechend ein.</p>
<p></p></string>
</sheet>