<sheet version="1">
<markup version="1" identifier="markdownxl" displayName="Markdown XL">
	<tag definition="heading1" pattern="#"></tag>
	<tag definition="heading2" pattern="##"></tag>
	<tag definition="heading3" pattern="###"></tag>
	<tag definition="heading4" pattern="####"></tag>
	<tag definition="heading5" pattern="#####"></tag>
	<tag definition="heading6" pattern="######"></tag>
	<tag definition="codeblock" pattern="''"></tag>
	<tag definition="comment" pattern="%%"></tag>
	<tag definition="divider" pattern="----"></tag>
	<tag definition="nativeblock" pattern="~~"></tag>
	<tag definition="blockquote" pattern=">"></tag>
	<tag definition="orderedList" pattern="\d."></tag>
	<tag definition="unorderedList" pattern="*"></tag>
	<tag definition="unorderedList" pattern="+"></tag>
	<tag definition="unorderedList" pattern="-"></tag>
	<tag definition="code" startPattern="`" endPattern="`"></tag>
	<tag definition="delete" startPattern="||" endPattern="||"></tag>
	<tag definition="emph" startPattern="*" endPattern="*"></tag>
	<tag definition="emph" startPattern="_" endPattern="_"></tag>
	<tag definition="inlineComment" startPattern="++" endPattern="++"></tag>
	<tag definition="inlineNative" startPattern="~" endPattern="~"></tag>
	<tag definition="mark" startPattern="::" endPattern="::"></tag>
	<tag definition="strong" startPattern="__" endPattern="__"></tag>
	<tag definition="strong" startPattern="**" endPattern="**"></tag>
	<tag definition="annotation" startPattern="{" endPattern="}"></tag>
	<tag definition="link" startPattern="[" endPattern="]"></tag>
	<tag definition="footnote" pattern="(fn)"></tag>
	<tag definition="image" pattern="(img)"></tag>
	<tag definition="video" pattern="(vid)"></tag>
</markup>
<string xml:space="preserve">
<p><tags><tag kind="heading3">### </tag></tags>Listen</p>
<p><tags><tag kind="unorderedList">- </tag></tags>TAB zum Vergrößern des Einzugs von Aufzählungen</p>
<p><tags><tag kind="unorderedList">- </tag></tags>UMSCHALT-TAB zum Verkleinern des Einzugs von Aufzählungen</p>
<p><tags><tag kind="unorderedList">- </tag></tags>ALT-Return zum automatischen Hinzufügen eines weiteren Aufzählungspunkts</p>
<p></p>
<p><tags><tag kind="heading3">### </tag></tags>Intelligente Listen</p>
<p><tags><tag kind="unorderedList">- </tag></tags>Wenn aktiviert, fügt das Drücken von Return einen neuen Aufzählungspunkt hinzu. Drücken von ALT-Return erstellt einen neuen Absatz</p>
<p><tags><tag kind="unorderedList">- </tag></tags>Intelligente Listen können via Bearbeiten › Ersetzungen aktiviert werden</p>
<p></p>
<p><tags><tag kind="heading3">### </tag></tags>Medien</p>
<p><tags><tag kind="unorderedList">- </tag></tags>Per Drag ’n’ Drop Bilder, Videos und PDF im Editor platzieren, um Textobjekte zu erstellen, die die platzierten Objekte enthalten</p>
<p></p>
<p><tags><tag kind="heading3">### </tag></tags>Textobjekte</p>
<p><tags><tag kind="unorderedList">- </tag></tags>CMD-Klicken zum Auswählen</p>
<p><tags><tag kind="unorderedList">- </tag></tags>Doppelklicken zum Öffnen des Popovers</p>
<p></p>
<p><tags><tag kind="heading3">### </tag></tags>Textobjekt-Popover</p>
<p><tags><tag kind="unorderedList">- </tag></tags>CMD-Return zum Schließen und Vorrücken des Cursors</p>
<p><tags><tag kind="unorderedList">- </tag></tags>ESC zum Schließen und ausgewählt lassen des aktuellen Objekts</p>
<p><tags><tag kind="unorderedList">- </tag></tags>TAB zum Wechseln zwischen Eingabefeldern</p>
<p><tags><tag kind="unorderedList">- </tag></tags>Popover anklicken und wegziehen, um es in ein HUD zu verwandeln</p>
</string>
</sheet>