<sheet version="1">
<markup version="1" identifier="markdownxl" displayName="Markdown XL">
	<tag definition="heading1" pattern="#"/>
	<tag definition="heading2" pattern="##"/>
	<tag definition="heading3" pattern="###"/>
	<tag definition="heading4" pattern="####"/>
	<tag definition="heading5" pattern="#####"/>
	<tag definition="heading6" pattern="######"/>
	<tag definition="codeblock" pattern="''"/>
	<tag definition="comment" pattern="%%"/>
	<tag definition="divider" pattern="----"/>
	<tag definition="nativeblock" pattern="~~"/>
	<tag definition="blockquote" pattern=">"/>
	<tag definition="orderedList" pattern="\d."/>
	<tag definition="unorderedList" pattern="*"/>
	<tag definition="unorderedList" pattern="+"/>
	<tag definition="unorderedList" pattern="-"/>
	<tag definition="code" startPattern="`" endPattern="`"/>
	<tag definition="delete" startPattern="||" endPattern="||"/>
	<tag definition="emph" startPattern="*" endPattern="*"/>
	<tag definition="emph" startPattern="_" endPattern="_"/>
	<tag definition="inlineComment" startPattern="++" endPattern="++"/>
	<tag definition="inlineNative" startPattern="~" endPattern="~"/>
	<tag definition="mark" startPattern="::" endPattern="::"/>
	<tag definition="strong" startPattern="__" endPattern="__"/>
	<tag definition="strong" startPattern="**" endPattern="**"/>
	<tag definition="annotation" startPattern="{" endPattern="}"/>
	<tag definition="link" startPattern="[" endPattern="]"/>
	<tag definition="footnote" pattern="(fn)"/>
	<tag definition="image" pattern="(img)"/>
	<tag definition="video" pattern="(vid)"/>
</markup>
<string xml:space="preserve">
<p><tags><tag kind="heading3">### </tag></tags>1.0 版用户须知</p>
<p><tags><tag kind="unorderedList">- </tag></tags>按下CMD-SHIFT-F有一个新的侧边栏的搜索</p>
<p><tags><tag kind="unorderedList">- </tag></tags>按下CMD-O有一个新的开放面板</p>
<p><tags><tag kind="unorderedList">- </tag></tags>按下CMD-SHIFT-P有一个新的导出预览</p>
<p><tags><tag kind="unorderedList">- </tag></tags>有一个新的“样式”偏好设置面板可以添加个性化的导出模式，例如HTML、PDF、Word、RTF和ePub</p>
<p><tags><tag kind="unorderedList">- </tag></tags>现有一个ePub导出模式</p>
<p><tags><tag kind="unorderedList">- </tag></tags>现在通过 编辑 &gt; 替换，有结束标记完成和自动列表延续</p>
<p><tags><tag kind="unorderedList">- </tag></tags>按下CMD-ALT-T可以用打字机滚动</p>
<p><tags><tag kind="unorderedList">- </tag></tags>主菜单进行了优化，可能第一眼看上去会有点混乱，但从长远来讲，您会感谢我们的…</p>
<p></p></string>
</sheet>