<sheet version="1">
<markup version="1" identifier="markdownxl" displayName="Markdown XL">
	<tag definition="heading1" pattern="#"></tag>
	<tag definition="heading2" pattern="##"></tag>
	<tag definition="heading3" pattern="###"></tag>
	<tag definition="heading4" pattern="####"></tag>
	<tag definition="heading5" pattern="#####"></tag>
	<tag definition="heading6" pattern="######"></tag>
	<tag definition="codeblock" pattern="''"></tag>
	<tag definition="comment" pattern="%%"></tag>
	<tag definition="divider" pattern="----"></tag>
	<tag definition="nativeblock" pattern="~~"></tag>
	<tag definition="blockquote" pattern=">"></tag>
	<tag definition="orderedList" pattern="\d."></tag>
	<tag definition="unorderedList" pattern="*"></tag>
	<tag definition="unorderedList" pattern="+"></tag>
	<tag definition="unorderedList" pattern="-"></tag>
	<tag definition="code" startPattern="`" endPattern="`"></tag>
	<tag definition="delete" startPattern="||" endPattern="||"></tag>
	<tag definition="emph" startPattern="*" endPattern="*"></tag>
	<tag definition="emph" startPattern="_" endPattern="_"></tag>
	<tag definition="inlineComment" startPattern="++" endPattern="++"></tag>
	<tag definition="inlineNative" startPattern="~" endPattern="~"></tag>
	<tag definition="mark" startPattern="::" endPattern="::"></tag>
	<tag definition="strong" startPattern="__" endPattern="__"></tag>
	<tag definition="strong" startPattern="**" endPattern="**"></tag>
	<tag definition="annotation" startPattern="{" endPattern="}"></tag>
	<tag definition="link" startPattern="[" endPattern="]"></tag>
	<tag definition="footnote" pattern="(fn)"></tag>
	<tag definition="image" pattern="(img)"></tag>
	<tag definition="video" pattern="(vid)"></tag>
</markup>
<string xml:space="preserve">
<p><tags><tag kind="heading2">## </tag></tags>書き出す：360 度セマンティック</p>
<p></p>
<p>ここからもっと面白くなりますよ。Ulysses は、文章を標準フォーマットのホスト（標準テキスト、RTF、Word、HTML ePub、PDF でさえ）に書き出すことができます。最低限のマークアップの定義を基礎に<element kind="emph" startTag="_">標準テキスト入力</element>を変換することでそれができるのです。頭が痛くなってきましたか。じゃ、簡単な例を挙げて説明しましょう。</p>
<p></p>
<p>あなたが強調したいテキストの一説があるとしましょう。“強調”という単語を選択し、キーボードショートカットの ⌘-I を押してみてください。その単語の前後に追加の文字が入力されたのが分かりますね。</p>
<p></p>
<p>それは、Ulysses に“標準テキスト言語”でこの語句は強調されるべきであると指令をだしたからです。Ulysses はそれを理解し、忘れることはないのです。ですから、テキストを、そうですね、PDF に書き出すとしましょう。そこで Ulysses はこの強調された部分をPDFが理解し、表示できる方法に変換するのです。</p>
<p></p>
<p>やってみましょう：</p>
<p></p>
<p><tags><tag kind="unorderedList">- </tag></tags>書き出しパネルを開きます（⌘-6）。</p>
<p><tags><tag kind="unorderedList">- </tag></tags>ペンでアイコンを選択します（リッチテキスト）。</p>
<p><tags><tag kind="unorderedList">- </tag></tags>“プレビュー…”ボタンをクリック。</p>
<p><tags><tag kind="unorderedList">- </tag></tags>上の“強調”がイタリックになりましたね。</p>
<p></p>
<p><tags><tag kind="heading2">## </tag></tags>このようなヘッドラインはより大きなフォントになります</p>
<p></p>
<p>HTML に書き出した場合は、Ulysses は強調部分を意味的に正しく変換するので <element kind="code" startTag="`">&lt;em&gt;</element>、ヘッドラインは <element kind="code" startTag="`">&lt;h2&gt;</element>とタグ付けされます。 </p>
<p></p>
<p>など、など。</p>
<p></p>
<p>この利点についてはもう既に明らかですね：表記がどうなるかを心配する代わりに、コンテンツに集中できるということです。最初は不安ですが、ご心配なく。コワイものではありません。</p>
<p></p>
<p>むしろ、素晴らしいですから。</p>
<p></p></string>
</sheet>