<sheet version="1">
<markup version="1" identifier="markdownxl" displayName="Markdown XL">
	<tag definition="heading1" pattern="#"></tag>
	<tag definition="heading2" pattern="##"></tag>
	<tag definition="heading3" pattern="###"></tag>
	<tag definition="heading4" pattern="####"></tag>
	<tag definition="heading5" pattern="#####"></tag>
	<tag definition="heading6" pattern="######"></tag>
	<tag definition="codeblock" pattern="''"></tag>
	<tag definition="comment" pattern="%%"></tag>
	<tag definition="divider" pattern="----"></tag>
	<tag definition="nativeblock" pattern="~~"></tag>
	<tag definition="blockquote" pattern=">"></tag>
	<tag definition="orderedList" pattern="\d."></tag>
	<tag definition="unorderedList" pattern="*"></tag>
	<tag definition="unorderedList" pattern="+"></tag>
	<tag definition="unorderedList" pattern="-"></tag>
	<tag definition="code" startPattern="`" endPattern="`"></tag>
	<tag definition="delete" startPattern="||" endPattern="||"></tag>
	<tag definition="emph" startPattern="*" endPattern="*"></tag>
	<tag definition="emph" startPattern="_" endPattern="_"></tag>
	<tag definition="inlineComment" startPattern="++" endPattern="++"></tag>
	<tag definition="inlineNative" startPattern="~" endPattern="~"></tag>
	<tag definition="mark" startPattern="::" endPattern="::"></tag>
	<tag definition="strong" startPattern="__" endPattern="__"></tag>
	<tag definition="strong" startPattern="**" endPattern="**"></tag>
	<tag definition="annotation" startPattern="{" endPattern="}"></tag>
	<tag definition="link" startPattern="[" endPattern="]"></tag>
	<tag definition="footnote" pattern="(fn)"></tag>
	<tag definition="image" pattern="(img)"></tag>
	<tag definition="video" pattern="(vid)"></tag>
</markup>
<string xml:space="preserve">
<p><tags><tag kind="heading2">## </tag></tags>iCloud 対 Mac</p>
<p></p>
<p>“概要”で申し上げましたよね。</p>
<p></p>
<p><tags><tag kind="blockquote">&gt; </tag></tags>iCloud を有効に設定しておくとと、Ulysses が<element kind="strong" startTag="**">すべて</element>を Apple の超モダンなメガクラスターに保管します、と。</p>
<p></p>
<p>それはその…うそです。どこに保管するかは完全にあなた次第です。クラウドからローカルストレージへ自由にテキストを移動させることができます。その反対も可能です。</p>
<p></p>
<p>環境設定で両方のオプションが有効になっている限り、つまり：</p>
<p></p>
<p><element kind="image"><attribute identifier="image">a3fdc8ff8bd6430489981949f29ef1a3</attribute><attribute identifier="URL">DraggedImage.png</attribute><attribute identifier="title"></attribute><attribute identifier="description">サイドバー設定はサイドバーを設定</attribute></element> <element closed="no" kind="inlineComment" startTag="++"> &lt;- 宇宙人が言いました。ここをダブルクリック。スキップしちゃだめ！</element></p>
<p></p>
<p>明らかに、“この Mac 内”に保存されているすべてが、あなたが所有し使用しているその他すべての Mac で利用できるわけではないのですが、それが必ずしも悪いことではありませんよね。</p>
<p></p>
<p><tags><tag kind="heading2">## </tag></tags>Daedalus Touch との統合</p>
<p></p>
<p> iOS 向けの Daedalus Touch を持っていれば（そして、率直にいえば、<element kind="link"><attribute identifier="URL">http://www.daedalusapp.com</attribute><attribute identifier="title">世界一セクシーなテキストエディタ。iOS だけの話し。</attribute>持っているべきです</element>）、今こそあなたのデバイスで iCloud を有効にする時です。Daedalus は Ulysses のサイドバーにネイティブに統合されていますので、設定も、リンクも、何も必要ありません。</p>
<p></p>
<p>Daedalus のスタックはグループとして表示され、Ulysses の高度な機能をほとんど利用して、あなたが歩きだしたその道をそのまま継続することができます。コーヒーショップで。ビーチで。ベッドで。ソファで。エッフェル塔で。エベレスト山頂で。国際宇宙ステーションで。ケプラー21bで。かっこいい。</p>
<p></p>
<p><tags><tag kind="heading2">## </tag></tags>外部ソース</p>
<p></p>
<p>最後に、でも大切ですが、.txt および .markdown ファイルを読み込み、編集し、その後ディスク（つまり、Ulysses のライブラリの外）に残しておくように Ulysses に指定できます。例えば、Ulysses を Dropbox のフォルダで選び、そのコンテンツをまるでネイティブのグループやシートのように扱うことができます。</p>
<p></p>
<p>編集機能の中には制限を受ける（イメージなし、添付ファイルなし）こともありますが、他の選択肢の数に比べれば、わずかなものと言ってよいでしょう。私たちがあえてそう言うなら。</p>
<p></p>
<p>そして… これで…おしまいです。まぁ、ここまで説明を聞けば、うまくやって行けますよね。そうでないなら、私たちの失敗です。</p>
<p></p>
<p>とにかく、私たちのくだらない話はこれくらいにして、後はおまかせします。</p>
<p>ハッピーエディティング！</p>
<p></p></string>
</sheet>