<sheet version="1">
<markup version="1" identifier="markdownxl" displayName="Markdown XL">
	<tag definition="heading1" pattern="#"></tag>
	<tag definition="heading2" pattern="##"></tag>
	<tag definition="heading3" pattern="###"></tag>
	<tag definition="heading4" pattern="####"></tag>
	<tag definition="heading5" pattern="#####"></tag>
	<tag definition="heading6" pattern="######"></tag>
	<tag definition="codeblock" pattern="''"></tag>
	<tag definition="comment" pattern="%%"></tag>
	<tag definition="divider" pattern="----"></tag>
	<tag definition="nativeblock" pattern="~~"></tag>
	<tag definition="blockquote" pattern=">"></tag>
	<tag definition="orderedList" pattern="\d."></tag>
	<tag definition="unorderedList" pattern="*"></tag>
	<tag definition="unorderedList" pattern="+"></tag>
	<tag definition="unorderedList" pattern="-"></tag>
	<tag definition="code" startPattern="`" endPattern="`"></tag>
	<tag definition="delete" startPattern="||" endPattern="||"></tag>
	<tag definition="emph" startPattern="*" endPattern="*"></tag>
	<tag definition="emph" startPattern="_" endPattern="_"></tag>
	<tag definition="inlineComment" startPattern="++" endPattern="++"></tag>
	<tag definition="inlineNative" startPattern="~" endPattern="~"></tag>
	<tag definition="mark" startPattern="::" endPattern="::"></tag>
	<tag definition="strong" startPattern="__" endPattern="__"></tag>
	<tag definition="strong" startPattern="**" endPattern="**"></tag>
	<tag definition="annotation" startPattern="{" endPattern="}"></tag>
	<tag definition="link" startPattern="[" endPattern="]"></tag>
	<tag definition="footnote" pattern="(fn)"></tag>
	<tag definition="image" pattern="(img)"></tag>
	<tag definition="video" pattern="(vid)"></tag>
</markup>
<string xml:space="preserve">
<p><tags><tag kind="heading2">## </tag></tags>Barra laterale: Gruppi e filtri</p>
<p></p>
<p>Puoi aggiungere gruppi e filtri per mezzo del menu "più" nella barra laterale. Puoi posizionare gruppi e filtri all'interno di altri gruppi. Se selezioni un gruppo nella barra laterale il contenuto comparirà nella lista fogli. Se selezioni un foglio verrà visualizzato nell’editor.</p>
<p></p>
<p>I filtri sono un tipo di gruppo speciale. Dopo averli impostati, verranno applicati al gruppo in cui si trovano e elencheranno tutti i fogli che corrispondono ai requisiti indicati. Puoi per esempio impostare un filtro che elenca solo i fogli in cui è presente la parola chiave “fantastico”. Se posizioni il filtro in profondità all’interno di un gruppo complesso, per esempio nel sesto sottogruppo, il filtro visualizzerà risultati solo per questo stesso gruppo.</p>
<p></p>
<p>Puoi selezionare anche più di un gruppo o più di un filtro (tenendo premuto il tasto CMD), in questo modo nella lista fogli verranno visualizzati tutti i loro contenuti. </p>
<p></p></string>
</sheet>