<sheet version="1">
<markup version="1" identifier="markdownxl" displayName="Markdown XL">
	<tag definition="heading1" pattern="#"></tag>
	<tag definition="heading2" pattern="##"></tag>
	<tag definition="heading3" pattern="###"></tag>
	<tag definition="heading4" pattern="####"></tag>
	<tag definition="heading5" pattern="#####"></tag>
	<tag definition="heading6" pattern="######"></tag>
	<tag definition="codeblock" pattern="''"></tag>
	<tag definition="comment" pattern="%%"></tag>
	<tag definition="divider" pattern="----"></tag>
	<tag definition="nativeblock" pattern="~~"></tag>
	<tag definition="blockquote" pattern=">"></tag>
	<tag definition="orderedList" pattern="\d."></tag>
	<tag definition="unorderedList" pattern="*"></tag>
	<tag definition="unorderedList" pattern="+"></tag>
	<tag definition="unorderedList" pattern="-"></tag>
	<tag definition="code" startPattern="`" endPattern="`"></tag>
	<tag definition="delete" startPattern="||" endPattern="||"></tag>
	<tag definition="emph" startPattern="*" endPattern="*"></tag>
	<tag definition="emph" startPattern="_" endPattern="_"></tag>
	<tag definition="inlineComment" startPattern="++" endPattern="++"></tag>
	<tag definition="inlineNative" startPattern="~" endPattern="~"></tag>
	<tag definition="mark" startPattern="::" endPattern="::"></tag>
	<tag definition="strong" startPattern="__" endPattern="__"></tag>
	<tag definition="strong" startPattern="**" endPattern="**"></tag>
	<tag definition="annotation" startPattern="{" endPattern="}"></tag>
	<tag definition="link" startPattern="[" endPattern="]"></tag>
	<tag definition="footnote" pattern="(fn)"></tag>
	<tag definition="image" pattern="(img)"></tag>
	<tag definition="video" pattern="(vid)"></tag>
</markup>
<string xml:space="preserve">
<p><tags><tag kind="heading3">### </tag></tags>Quick Export</p>
<p><tags><tag kind="unorderedList">- </tag></tags>CMD-6 to show Quick Export (SIXport) for current editor</p>
<p><tags><tag kind="unorderedList">- </tag></tags>You can also right-click on a group, filter or sheet in the sidebar and select “Quick Export…”</p>
<p></p>
<p><tags><tag kind="heading3">### </tag></tags>Plain Text Export</p>
<p><tags><tag kind="unorderedList">- </tag></tags>Choose between Plain Text and Markdown output</p>
<p><tags><tag>	</tag><tag kind="unorderedList">- </tag></tags>“Plain Text” will strip out all tags, comments, annotations, images etc., and only export the text itself</p>
<p><tags><tag>	</tag><tag kind="unorderedList">- </tag></tags>“Markdown” will keep (or convert) all tags and export the text in Markdown syntax</p>
<p></p>
<p><tags><tag kind="heading3">### </tag></tags>Rich Text Export</p>
<p><tags><tag kind="unorderedList">- </tag></tags>Choose between RTF, Word and PDF output</p>
<p><tags><tag kind="unorderedList">- </tag></tags>Choose an export style to be applied during export</p>
<p></p>
<p><tags><tag kind="heading3">### </tag></tags>HTML Export</p>
<p><tags><tag kind="unorderedList">- </tag></tags>Choose between Snippet and Single Page output</p>
<p><tags><tag>	</tag><tag kind="unorderedList">- </tag></tags>“Snippet” will just convert all tags to HTML and then export the text</p>
<p><tags><tag>	</tag><tag kind="unorderedList">- </tag></tags>“Single Page” will create a complete HTML document, including header, body, CSS links and so on</p>
<p><tags><tag kind="unorderedList">- </tag></tags>Choose an export style to be applied during export</p>
<p></p>
<p><tags><tag kind="heading3">### </tag></tags>ePub Export</p>
<p><tags><tag kind="unorderedList">- </tag></tags>You can drop an image to be used as cover image for your ebook</p>
<p><tags><tag kind="unorderedList">- </tag></tags>You can set title and author metadata</p>
<p><tags><tag kind="unorderedList">- </tag></tags>Choose an export style to be applied during export</p>
<p></p>
<p><tags><tag kind="heading3">### </tag></tags>Export Preview</p>
<p><tags><tag kind="unorderedList">- </tag></tags>CMD-SHIFT-P to preview the current sidebar selection (can be groups)</p>
<p><tags><tag kind="unorderedList">- </tag></tags>CMD-R to refresh all open previews</p>
<p><tags><tag kind="unorderedList">- </tag></tags>Choose an export style to be used for preview</p>
<p><tags><tag kind="unorderedList">- </tag></tags>You can export directly from the preview window</p>
<p></p></string>
</sheet>