<sheet version="1">
<markup version="1" identifier="markdownxl" displayName="Markdown XL">
	<tag definition="heading1" pattern="#"></tag>
	<tag definition="heading2" pattern="##"></tag>
	<tag definition="heading3" pattern="###"></tag>
	<tag definition="heading4" pattern="####"></tag>
	<tag definition="heading5" pattern="#####"></tag>
	<tag definition="heading6" pattern="######"></tag>
	<tag definition="codeblock" pattern="''"></tag>
	<tag definition="comment" pattern="%%"></tag>
	<tag definition="divider" pattern="----"></tag>
	<tag definition="nativeblock" pattern="~~"></tag>
	<tag definition="blockquote" pattern=">"></tag>
	<tag definition="orderedList" pattern="\d."></tag>
	<tag definition="unorderedList" pattern="*"></tag>
	<tag definition="unorderedList" pattern="+"></tag>
	<tag definition="unorderedList" pattern="-"></tag>
	<tag definition="code" startPattern="`" endPattern="`"></tag>
	<tag definition="delete" startPattern="||" endPattern="||"></tag>
	<tag definition="emph" startPattern="*" endPattern="*"></tag>
	<tag definition="emph" startPattern="_" endPattern="_"></tag>
	<tag definition="inlineComment" startPattern="++" endPattern="++"></tag>
	<tag definition="inlineNative" startPattern="~" endPattern="~"></tag>
	<tag definition="mark" startPattern="::" endPattern="::"></tag>
	<tag definition="strong" startPattern="__" endPattern="__"></tag>
	<tag definition="strong" startPattern="**" endPattern="**"></tag>
	<tag definition="annotation" startPattern="{" endPattern="}"></tag>
	<tag definition="link" startPattern="[" endPattern="]"></tag>
	<tag definition="footnote" pattern="(fn)"></tag>
	<tag definition="image" pattern="(img)"></tag>
	<tag definition="video" pattern="(vid)"></tag>
</markup>
<string xml:space="preserve">
<p><tags><tag kind="heading3">### </tag></tags>其他</p>
<p><tags><tag kind="unorderedList"> - </tag></tags>双击在侧边栏的表可以让您跳转到上次编辑的位置</p>
<p><tags><tag kind="unorderedList">- </tag></tags>您可以同时打开多个窗口（CMD-ALT-N）</p>
<p><tags><tag kind="unorderedList">- </tag></tags>您甚至可以打开所有的窗口，这使得您在编辑时显得很热闹，说实话，这真的没有什么多大用处</p>
<p><tags><tag kind="unorderedList">- </tag></tags>CMD-S 将在当前工作表中创建一个新版本。从“文件”菜单上选择“浏览所有版本...”来看看您多久调用一次这个指令</p>
<p><tags><tag kind="unorderedList">- </tag></tags>CMD-J 将一起选定的工作表粘合起来</p>
<p><tags><tag>	</tag><tag kind="unorderedList">- </tag></tags>如果只有一个单一的表被选择，它将被粘到前一个表上</p>
<p><tags><tag>	</tag><tag kind="unorderedList">- </tag></tags>如果一个表都没被选择，那就什么也粘不上了</p>
<p><tags><tag kind="unorderedList">- </tag></tags>您可以通过“文件”菜单中的“合并工作表”命令永久合并工作表</p>
<p><tags><tag kind="unorderedList">- </tag></tags>您还可以通过“编辑”菜单中的“选择时分割”命令在当前光标位置分割工作表</p>
<p></p></string>
</sheet>