<sheet version="1">
<markup version="1" identifier="markdownxl" displayName="Markdown XL">
	<tag definition="heading1" pattern="#"></tag>
	<tag definition="heading2" pattern="##"></tag>
	<tag definition="heading3" pattern="###"></tag>
	<tag definition="heading4" pattern="####"></tag>
	<tag definition="heading5" pattern="#####"></tag>
	<tag definition="heading6" pattern="######"></tag>
	<tag definition="codeblock" pattern="''"></tag>
	<tag definition="comment" pattern="%%"></tag>
	<tag definition="divider" pattern="----"></tag>
	<tag definition="nativeblock" pattern="~~"></tag>
	<tag definition="blockquote" pattern=">"></tag>
	<tag definition="orderedList" pattern="\d."></tag>
	<tag definition="unorderedList" pattern="*"></tag>
	<tag definition="unorderedList" pattern="+"></tag>
	<tag definition="unorderedList" pattern="-"></tag>
	<tag definition="code" startPattern="`" endPattern="`"></tag>
	<tag definition="delete" startPattern="||" endPattern="||"></tag>
	<tag definition="emph" startPattern="*" endPattern="*"></tag>
	<tag definition="emph" startPattern="_" endPattern="_"></tag>
	<tag definition="inlineComment" startPattern="++" endPattern="++"></tag>
	<tag definition="inlineNative" startPattern="~" endPattern="~"></tag>
	<tag definition="mark" startPattern="::" endPattern="::"></tag>
	<tag definition="strong" startPattern="__" endPattern="__"></tag>
	<tag definition="strong" startPattern="**" endPattern="**"></tag>
	<tag definition="annotation" startPattern="{" endPattern="}"></tag>
	<tag definition="link" startPattern="[" endPattern="]"></tag>
	<tag definition="footnote" pattern="(fn)"></tag>
	<tag definition="image" pattern="(img)"></tag>
	<tag definition="video" pattern="(vid)"></tag>
</markup>
<string xml:space="preserve">
<p><tags><tag kind="heading2">## </tag></tags>Seitenleiste: Gruppen &amp; Filter</p>
<p></p>
<p>Gruppen und Filter können in der Seitenleiste über das + Symbol hinzugefügt werden. Sie können Gruppen und Filter auch in anderen Gruppen platzieren. Wenn in der Seitenleiste eine Gruppe ausgewählt wird, erscheinen die in der Gruppe enthaltenen Blätter in der Blätterliste. Nach Auswahl eines Blatts wird es im Editor angezeigt.</p>
<p></p>
<p>Filter sind besondere Gruppen: Nach der Einrichtung überwachen Filter die Gruppe, in der sie enthalten sind und führen nur die Blätter auf, die den festgelegten Kriterien entsprechen. Ein Filter kann beispielsweise so eingerichtet werden, dass er nur Blätter anzeigt, die das Stichwort „fantastisch“ enthalten. Wenn Sie einen Filter tief in einer verschachtelten Gruppe, z. B. in sechster Unterebene platzieren, zeigt dieser nur entsprechende Blätter aus genau dieser Gruppe an.</p>
<p></p>
<p>Sie können auch mehrere Gruppen und mehrere Filter gleichzeitig auswählen (durch Drücken und Halten von CMD) und die gesammelten Inhalte in der Blätterliste anzeigen lassen.</p>
<p></p></string>
</sheet>