<sheet version="1">
<markup version="1" identifier="markdownxl" displayName="Markdown XL">
	<tag definition="heading1" pattern="#"></tag>
	<tag definition="heading2" pattern="##"></tag>
	<tag definition="heading3" pattern="###"></tag>
	<tag definition="heading4" pattern="####"></tag>
	<tag definition="heading5" pattern="#####"></tag>
	<tag definition="heading6" pattern="######"></tag>
	<tag definition="codeblock" pattern="''"></tag>
	<tag definition="comment" pattern="%%"></tag>
	<tag definition="divider" pattern="----"></tag>
	<tag definition="nativeblock" pattern="~~"></tag>
	<tag definition="blockquote" pattern=">"></tag>
	<tag definition="orderedList" pattern="\d."></tag>
	<tag definition="unorderedList" pattern="*"></tag>
	<tag definition="unorderedList" pattern="+"></tag>
	<tag definition="unorderedList" pattern="-"></tag>
	<tag definition="code" startPattern="`" endPattern="`"></tag>
	<tag definition="delete" startPattern="||" endPattern="||"></tag>
	<tag definition="emph" startPattern="*" endPattern="*"></tag>
	<tag definition="emph" startPattern="_" endPattern="_"></tag>
	<tag definition="inlineComment" startPattern="++" endPattern="++"></tag>
	<tag definition="inlineNative" startPattern="~" endPattern="~"></tag>
	<tag definition="mark" startPattern="::" endPattern="::"></tag>
	<tag definition="strong" startPattern="__" endPattern="__"></tag>
	<tag definition="strong" startPattern="**" endPattern="**"></tag>
	<tag definition="annotation" startPattern="{" endPattern="}"></tag>
	<tag definition="link" startPattern="[" endPattern="]"></tag>
	<tag definition="footnote" pattern="(fn)"></tag>
	<tag definition="image" pattern="(img)"></tag>
	<tag definition="video" pattern="(vid)"></tag>
</markup>
<string xml:space="preserve">
<p><tags><tag kind="heading3">### </tag></tags>リスト</p>
<p><tags><tag kind="unorderedList">- </tag></tags>TAB：リストのインデントを増します</p>
<p><tags><tag kind="unorderedList">- </tag></tags>SHIFT-TAB：リストのインデントを減らします</p>
<p><tags><tag kind="unorderedList">- </tag></tags>ALT-Return：自動的に別のリスト項目を追加します</p>
<p></p>
<p><tags><tag kind="heading3">### </tag></tags>スマートリスト</p>
<p><tags><tag kind="unorderedList">- </tag></tags>有効にすると、Return キーは自動的に別のリスト項目を追加します。一方、ALT-Return キーは新しい段落を作成します</p>
<p><tags><tag kind="unorderedList">- </tag></tags>スマートリストは、編集 › 自動置換 から有効にできます。</p>
<p></p>
<p><tags><tag kind="heading3">### </tag></tags>メディア</p>
<p><tags><tag kind="unorderedList">- </tag></tags>イメージ、ビデオ、PDF を編集にドラッグしてドロップすると、その項目を保持しているテキストオブジェクトを作成できます</p>
<p></p>
<p><tags><tag kind="heading3">### </tag></tags>テキストオブジェクト</p>
<p><tags><tag kind="unorderedList">- </tag></tags>⌘-クリック：選択</p>
<p><tags><tag kind="unorderedList">- </tag></tags>ダブルクリックでポップオーバーを開きます</p>
<p></p>
<p><tags><tag kind="heading3">### </tag></tags>テキストオブジェクトのポップオーバー</p>
<p><tags><tag kind="unorderedList">- </tag></tags>⌘-Return キー：閉じて、挿入ポイントを前方に移動します</p>
<p><tags><tag kind="unorderedList">- </tag></tags>ESC キー：閉じて、選択されているオブジェクトを残します</p>
<p><tags><tag kind="unorderedList">- </tag></tags>TAB キー：入力フィールドを切り替えます</p>
<p><tags><tag kind="unorderedList">- </tag></tags>ポップオーバーをドラッグすると、切り離され、フローティング HUD になります</p>
<p></p></string>
</sheet>