<sheet version="1">
<markup version="1" identifier="markdownxl" displayName="Markdown XL">
	<tag definition="heading1" pattern="#"></tag>
	<tag definition="heading2" pattern="##"></tag>
	<tag definition="heading3" pattern="###"></tag>
	<tag definition="heading4" pattern="####"></tag>
	<tag definition="heading5" pattern="#####"></tag>
	<tag definition="heading6" pattern="######"></tag>
	<tag definition="codeblock" pattern="''"></tag>
	<tag definition="comment" pattern="%%"></tag>
	<tag definition="divider" pattern="----"></tag>
	<tag definition="nativeblock" pattern="~~"></tag>
	<tag definition="blockquote" pattern=">"></tag>
	<tag definition="orderedList" pattern="\d."></tag>
	<tag definition="unorderedList" pattern="*"></tag>
	<tag definition="unorderedList" pattern="+"></tag>
	<tag definition="unorderedList" pattern="-"></tag>
	<tag definition="code" startPattern="`" endPattern="`"></tag>
	<tag definition="delete" startPattern="||" endPattern="||"></tag>
	<tag definition="emph" startPattern="*" endPattern="*"></tag>
	<tag definition="emph" startPattern="_" endPattern="_"></tag>
	<tag definition="inlineComment" startPattern="++" endPattern="++"></tag>
	<tag definition="inlineNative" startPattern="~" endPattern="~"></tag>
	<tag definition="mark" startPattern="::" endPattern="::"></tag>
	<tag definition="strong" startPattern="__" endPattern="__"></tag>
	<tag definition="strong" startPattern="**" endPattern="**"></tag>
	<tag definition="annotation" startPattern="{" endPattern="}"></tag>
	<tag definition="link" startPattern="[" endPattern="]"></tag>
	<tag definition="footnote" pattern="(fn)"></tag>
	<tag definition="image" pattern="(img)"></tag>
	<tag definition="video" pattern="(vid)"></tag>
</markup>
<string xml:space="preserve">
<p><tags><tag kind="heading3">### </tag></tags>Exportation rapide</p>
<p><tags><tag kind="unorderedList">- </tag></tags>CMD-6 pour afficher Exportation rapide pour l'éditeur actif.</p>
<p><tags><tag kind="unorderedList">- </tag></tags>Vous pouvez aussi faire un clic droit sur un groupe, un filtre ou une feuille dans la barre latérale et sélectionner « Exportation rapide… ».</p>
<p></p>
<p><tags><tag kind="heading3">### </tag></tags>Exportation format texte</p>
<p><tags><tag kind="unorderedList">- </tag></tags>Format texte ou Markdown pour le document de sortie.</p>
<p><tags><tag>	</tag><tag kind="unorderedList">- </tag></tags>« Format texte » retire les balises, commentaires, annotations, images, etc. pour n'exporter que le texte.</p>
<p><tags><tag>	</tag><tag kind="unorderedList">- </tag></tags>« Markdown » conserve (ou convertit) les balises et exporte le texte en syntaxe Markdown.</p>
<p></p>
<p><tags><tag kind="heading3">### </tag></tags>Exportation format texte enrichi</p>
<p><tags><tag kind="unorderedList">- </tag></tags>PDF, RTF ou Word pour le document de sortie.</p>
<p><tags><tag kind="unorderedList">- </tag></tags>Choix du style d'exportation à appliquer lors de l'exportation.</p>
<p></p>
<p><tags><tag kind="heading3">### </tag></tags>Exportation HTML</p>
<p><tags><tag kind="unorderedList">- </tag></tags>Fragment ou page unique pour le document de sortie.</p>
<p><tags><tag>	</tag><tag kind="unorderedList">- </tag></tags>« Fragment » convertit simplement les balises en HTML et exporte le texte.</p>
<p><tags><tag>	</tag><tag kind="unorderedList">- </tag></tags>« Page unique » crée un document HTML complet, avec titre, corps, liens CSS et ainsi de suite.</p>
<p><tags><tag kind="unorderedList">- </tag></tags>Choix du style d'exportation à appliquer lors de l'exportation.</p>
<p></p>
<p><tags><tag kind="heading3">### </tag></tags>Exportation ePub</p>
<p><tags><tag kind="unorderedList">- </tag></tags>Glisser-déposer de l'image à utiliser comme couverture de votre livre.</p>
<p><tags><tag kind="unorderedList">- </tag></tags>Indication des métadonnées titre et auteur.</p>
<p><tags><tag kind="unorderedList">- </tag></tags>Choix du style d'exportation à appliquer lors de l'exportation.</p>
<p></p>
<p><tags><tag kind="heading3">### </tag></tags>Aperçu de l'exportation</p>
<p><tags><tag kind="unorderedList">- </tag></tags>CMD-MAJ-P pour visualiser la sélection active dans la barre latérale (les groupes aussi).</p>
<p><tags><tag kind="unorderedList">- </tag></tags>CMD-R pour actualiser tous les aperçus ouverts.</p>
<p><tags><tag kind="unorderedList">- </tag></tags>Choix du style d'exportation à utiliser pour l'aperçu.</p>
<p><tags><tag kind="unorderedList">- </tag></tags>Exportation directe possible depuis la fenêtre d'aperçu.</p>
<p></p></string>
</sheet>