<sheet version="2">
<markup version="1" identifier="markdownxl" displayName="Markdown XL">
	<tag definition="heading1" pattern="#"></tag>
	<tag definition="heading2" pattern="##"></tag>
	<tag definition="heading3" pattern="###"></tag>
	<tag definition="heading4" pattern="####"></tag>
	<tag definition="heading5" pattern="#####"></tag>
	<tag definition="heading6" pattern="######"></tag>
	<tag definition="codeblock" pattern="''"></tag>
	<tag definition="comment" pattern="%%"></tag>
	<tag definition="divider" pattern="----"></tag>
	<tag definition="nativeblock" pattern="~~"></tag>
	<tag definition="blockquote" pattern=">"></tag>
	<tag definition="orderedList" pattern="\d."></tag>
	<tag definition="unorderedList" pattern="*"></tag>
	<tag definition="unorderedList" pattern="+"></tag>
	<tag definition="unorderedList" pattern="-"></tag>
	<tag definition="code" startPattern="`" endPattern="`"></tag>
	<tag definition="delete" startPattern="||" endPattern="||"></tag>
	<tag definition="emph" startPattern="*" endPattern="*"></tag>
	<tag definition="emph" startPattern="_" endPattern="_"></tag>
	<tag definition="inlineComment" startPattern="++" endPattern="++"></tag>
	<tag definition="inlineNative" startPattern="~" endPattern="~"></tag>
	<tag definition="mark" startPattern="::" endPattern="::"></tag>
	<tag definition="strong" startPattern="__" endPattern="__"></tag>
	<tag definition="strong" startPattern="**" endPattern="**"></tag>
	<tag definition="annotation" startPattern="{" endPattern="}"></tag>
	<tag definition="link" startPattern="[" endPattern="]"></tag>
	<tag definition="footnote" pattern="(fn)"></tag>
	<tag definition="image" pattern="(img)"></tag>
	<tag definition="video" pattern="(vid)"></tag>
</markup>
<string xml:space="preserve">
<p><tags><tag kind="heading2">## </tag></tags>Ok, but how do I…?</p>
<p></p>
<p>If you have used any kind of three-pane-app before, you should have no problem navigating and using Ulysses. And if you’re familiar with the likes of <element kind="link"><attribute identifier="URL">http://daringfireball.net/projects/markdown/</attribute><attribute identifier="title">Markdown by John Gruber &amp; Aaron Swartz</attribute>Markdown</element> and <element kind="link"><attribute identifier="URL">http://en.wikipedia.org/wiki/Textile_(markup_language)</attribute><attribute identifier="title">Wikipedia Page on Textile</attribute>Textile</element>, you should even feel right at home in the editor. There may be a few special cases where we’re handling things a bit differently, but all in all this should be rather common ground.</p>
<p></p>
<p>Anyway, UI-Overview from left to right:</p>
<p></p>
<p><tags><tag kind="unorderedList">- </tag></tags>SIDEBAR</p>
<p><tags><tag kind="unorderedList">- </tag></tags>SHEET LIST</p>
<p><tags><tag kind="unorderedList">- </tag></tags>EDITOR</p>
<p></p>
<p>And that’s it.</p>
<p></p>
<p>The <element kind="emph" startTag="_">sidebar</element> is divided into sections and should be pretty self-explanatory. Depending on whether you’ve got iCloud enabled, or whether you’re a user of <element kind="link"><attribute identifier="URL">http://www.daedalusapp.com</attribute><attribute identifier="title">Daedalus Touch – Text Editor for iCloud</attribute>Daedalus Touch</element>, you will see different sections in the sidebar.</p>
<p></p>
<p>The <element kind="emph" startTag="_">sheet list</element> is where all your texts reside.</p>
<p></p>
<p>And this here is the <element kind="emph" startTag="_">editor</element>.</p>
</string>
<attachment type="keywords">fantastic</attachment>
</sheet>