<sheet version="1">
<markup version="1" identifier="markdownxl" displayName="Markdown XL">
	<tag definition="heading1" pattern="#"></tag>
	<tag definition="heading2" pattern="##"></tag>
	<tag definition="heading3" pattern="###"></tag>
	<tag definition="heading4" pattern="####"></tag>
	<tag definition="heading5" pattern="#####"></tag>
	<tag definition="heading6" pattern="######"></tag>
	<tag definition="codeblock" pattern="''"></tag>
	<tag definition="comment" pattern="%%"></tag>
	<tag definition="divider" pattern="----"></tag>
	<tag definition="nativeblock" pattern="~~"></tag>
	<tag definition="blockquote" pattern=">"></tag>
	<tag definition="orderedList" pattern="\d."></tag>
	<tag definition="unorderedList" pattern="*"></tag>
	<tag definition="unorderedList" pattern="+"></tag>
	<tag definition="unorderedList" pattern="-"></tag>
	<tag definition="code" startPattern="`" endPattern="`"></tag>
	<tag definition="delete" startPattern="||" endPattern="||"></tag>
	<tag definition="emph" startPattern="*" endPattern="*"></tag>
	<tag definition="emph" startPattern="_" endPattern="_"></tag>
	<tag definition="inlineComment" startPattern="++" endPattern="++"></tag>
	<tag definition="inlineNative" startPattern="~" endPattern="~"></tag>
	<tag definition="mark" startPattern="::" endPattern="::"></tag>
	<tag definition="strong" startPattern="__" endPattern="__"></tag>
	<tag definition="strong" startPattern="**" endPattern="**"></tag>
	<tag definition="annotation" startPattern="{" endPattern="}"></tag>
	<tag definition="link" startPattern="[" endPattern="]"></tag>
	<tag definition="footnote" pattern="(fn)"></tag>
	<tag definition="image" pattern="(img)"></tag>
	<tag definition="video" pattern="(vid)"></tag>
</markup>
<string xml:space="preserve">
<p><tags><tag kind="heading2">## </tag></tags>Editor: Texto normal mejorado</p>
<p></p>
<p>A estas alturas ya habrás visto los «símbolos raros» que hay antes de los títulos y repartidos por el texto. También te habrás percatado de estas «burbujas <element kind="annotation"><attribute identifier="text"><string xml:space="preserve">
<p>Nada que ver aquí. Pero nada, nada.</p>
</string></attribute>de color</element>», y te preguntarás cómo se han colado en esta presentación sin formato.</p>
<p></p>
<p>Incluso puede que te hayas sorprendido con el magnífico aspecto que tiene todo, lo vistoso del texto y el hábil sangrado de los títulos y las listas, y no entiendas cómo es posible algo así sin usar complejas paletas de formato, reglas y paneles de fuentes. Y sobre todo, te preguntarás qué significa todo esto, para qué sirve y <element kind="emph" startTag="_">en qué te afecta</element>.</p>
<p></p>
<p><tags><tag kind="comment">%% </tag></tags>Quienes tengan experiencia con el marcado de texto pueden saltarse esta parte, por cierto.</p>
<p></p>
<p>Creemos que los escritores no deben perder tiempo maquetando y ajustando el formato. Como mínimo, este tipo de tareas nunca deberían interferir con el proceso de escritura. Llámalo como quieras: sin distracciones, estilo zen, semántico puro, mini-minimalista, neo retro… El hecho es que la creación de contenido es mejor separarla de la presentación, para que esta última no nos estorbe a la hora de escribir. Porque eso es lo que pasará. ¡Quieras o no!</p>
<p></p>
<p>Ulysses usa un lenguaje de marcado simple para <element kind="emph" startTag="_">definir</element> los bloques de texto, no para formatearlos o aplicarles estilo. La lista completa de definiciones está disponible pulsando CMD-9, y debería satisfacer todas tus necesidades. Hay titulares, listas, imágenes, notas al pie… No tienes más que asignar significado a los bloques de texto escribiendo códigos fáciles de recordar.</p>
<p></p>
<p><tags><tag kind="heading2">## </tag></tags>¿Necesitas un título? Crea un título.</p>
<p></p>
<p><tags><tag kind="blockquote">&gt; </tag></tags>¿Necesitas una cita?</p>
<p><tags><tag kind="blockquote">&gt; </tag></tags>Crea una cita.</p>
<p></p>
<p>¿Necesitas una nota al pie? Crea una.<element kind="footnote"><attribute identifier="text"><string xml:space="preserve">
<p>Escribe (fn), rellena el texto en la caja emergente, pulsa CMD-Intro y continúa.</p>
<p></p></string></attribute></element> No hace falta que cojas el ratón, simplemente escribe. Escribe. Y punto.</p>
<p></p></string>
</sheet>