<sheet version="1">
<markup version="1" identifier="markdownxl" displayName="Markdown XL">
	<tag definition="heading1" pattern="#"></tag>
	<tag definition="heading2" pattern="##"></tag>
	<tag definition="heading3" pattern="###"></tag>
	<tag definition="heading4" pattern="####"></tag>
	<tag definition="heading5" pattern="#####"></tag>
	<tag definition="heading6" pattern="######"></tag>
	<tag definition="codeblock" pattern="''"></tag>
	<tag definition="comment" pattern="%%"></tag>
	<tag definition="divider" pattern="----"></tag>
	<tag definition="nativeblock" pattern="~~"></tag>
	<tag definition="blockquote" pattern=">"></tag>
	<tag definition="orderedList" pattern="\d."></tag>
	<tag definition="unorderedList" pattern="*"></tag>
	<tag definition="unorderedList" pattern="+"></tag>
	<tag definition="unorderedList" pattern="-"></tag>
	<tag definition="code" startPattern="`" endPattern="`"></tag>
	<tag definition="delete" startPattern="||" endPattern="||"></tag>
	<tag definition="emph" startPattern="*" endPattern="*"></tag>
	<tag definition="emph" startPattern="_" endPattern="_"></tag>
	<tag definition="inlineComment" startPattern="++" endPattern="++"></tag>
	<tag definition="inlineNative" startPattern="~" endPattern="~"></tag>
	<tag definition="mark" startPattern="::" endPattern="::"></tag>
	<tag definition="strong" startPattern="__" endPattern="__"></tag>
	<tag definition="strong" startPattern="**" endPattern="**"></tag>
	<tag definition="annotation" startPattern="{" endPattern="}"></tag>
	<tag definition="link" startPattern="[" endPattern="]"></tag>
	<tag definition="footnote" pattern="(fn)"></tag>
	<tag definition="image" pattern="(img)"></tag>
	<tag definition="video" pattern="(vid)"></tag>
</markup>
<string xml:space="preserve">
<p><tags><tag kind="heading3">### </tag></tags>Lists</p>
<p><tags><tag kind="unorderedList">- </tag></tags>TAB to increase list indentation</p>
<p><tags><tag kind="unorderedList">- </tag></tags>SHIFT-TAB to decrease list indentation</p>
<p><tags><tag kind="unorderedList">- </tag></tags>ALT-Return to automatically add another list item</p>
<p></p>
<p><tags><tag kind="heading3">### </tag></tags>Smart Lists</p>
<p><tags><tag kind="unorderedList">- </tag></tags>If enabled, Return will automatically add another list item, while ALT-Return will just create a new paragraph</p>
<p><tags><tag kind="unorderedList">- </tag></tags>You can enable Smart Lists via Edit › Substitutions</p>
<p></p>
<p><tags><tag kind="heading3">### </tag></tags>Media</p>
<p><tags><tag kind="unorderedList">- </tag></tags>Drag’n’drop images, videos, PDFs into editor to create a text object which holds the item</p>
<p></p>
<p><tags><tag kind="heading3">### </tag></tags>Text Objects</p>
<p><tags><tag kind="unorderedList">- </tag></tags>CMD-click to select</p>
<p><tags><tag kind="unorderedList">- </tag></tags>Double-click to open popover</p>
<p></p>
<p><tags><tag kind="heading3">### </tag></tags>Text Object Popovers</p>
<p><tags><tag kind="unorderedList">- </tag></tags>CMD-Return to close and move insertion point forward</p>
<p><tags><tag kind="unorderedList">- </tag></tags>ESC to close and keep object selected</p>
<p><tags><tag kind="unorderedList">- </tag></tags>TAB to switch between input fields</p>
<p><tags><tag kind="unorderedList">- </tag></tags>Drag popover to tear it off and turn it into a floating HUD</p>
<p></p></string>
</sheet>