<sheet version="1">
<markup version="1" identifier="markdownxl" displayName="Markdown XL">
	<tag definition="heading1" pattern="#"></tag>
	<tag definition="heading2" pattern="##"></tag>
	<tag definition="heading3" pattern="###"></tag>
	<tag definition="heading4" pattern="####"></tag>
	<tag definition="heading5" pattern="#####"></tag>
	<tag definition="heading6" pattern="######"></tag>
	<tag definition="codeblock" pattern="''"></tag>
	<tag definition="comment" pattern="%%"></tag>
	<tag definition="divider" pattern="----"></tag>
	<tag definition="nativeblock" pattern="~~"></tag>
	<tag definition="blockquote" pattern=">"></tag>
	<tag definition="orderedList" pattern="\d."></tag>
	<tag definition="unorderedList" pattern="*"></tag>
	<tag definition="unorderedList" pattern="+"></tag>
	<tag definition="unorderedList" pattern="-"></tag>
	<tag definition="code" startPattern="`" endPattern="`"></tag>
	<tag definition="delete" startPattern="||" endPattern="||"></tag>
	<tag definition="emph" startPattern="*" endPattern="*"></tag>
	<tag definition="emph" startPattern="_" endPattern="_"></tag>
	<tag definition="inlineComment" startPattern="++" endPattern="++"></tag>
	<tag definition="inlineNative" startPattern="~" endPattern="~"></tag>
	<tag definition="mark" startPattern="::" endPattern="::"></tag>
	<tag definition="strong" startPattern="__" endPattern="__"></tag>
	<tag definition="strong" startPattern="**" endPattern="**"></tag>
	<tag definition="annotation" startPattern="{" endPattern="}"></tag>
	<tag definition="link" startPattern="[" endPattern="]"></tag>
	<tag definition="footnote" pattern="(fn)"></tag>
	<tag definition="image" pattern="(img)"></tag>
	<tag definition="video" pattern="(vid)"></tag>
</markup>
<string xml:space="preserve">
<p><tags><tag kind="heading3">### </tag></tags>快速导出</p>
<p><tags><tag kind="unorderedList">- </tag></tags>CMD-6 为当前编辑器显示快速导出 (SIXport)</p>
<p><tags><tag kind="unorderedList">- </tag></tags>您还可以右键点击侧边栏中的组、过滤器或工作表，然后选择“快速导出…”</p>
<p></p>
<p><tags><tag kind="heading3">### </tag></tags>纯文本导出</p>
<p><tags><tag kind="unorderedList">- </tag></tags>在纯文本和标记符输出中间选择</p>
<p><tags><tag>	</tag><tag kind="unorderedList">- </tag></tags>“纯文本”将标记、评论、批注、图像等全部去除，仅导出文本本身</p>
<p><tags><tag>	</tag><tag kind="unorderedList">- </tag></tags>“标记符”将保留（或转换）所有标记，按标记符语法导出文本</p>
<p></p>
<p><tags><tag kind="heading3">### </tag></tags>富文本导出</p>
<p><tags><tag kind="unorderedList">- </tag></tags>在 PDF、RTF 和 Word 输出中间选择</p>
<p><tags><tag kind="unorderedList">- </tag></tags>选择输出时要使用到输出样式</p>
<p></p>
<p><tags><tag kind="heading3">### </tag></tags>HTML 导出</p>
<p><tags><tag kind="unorderedList">- </tag></tags>在片段和单页输出中间选择</p>
<p><tags><tag>	</tag><tag kind="unorderedList">- </tag></tags>“片段”将仅将所有标记转换为 HTML，然后导出文本</p>
<p><tags><tag>	</tag><tag kind="unorderedList">- </tag></tags>“单页”将创建完整到 HTML 文稿，包括标题、正文、CSS 链接等</p>
<p><tags><tag kind="unorderedList">- </tag></tags>选择输出时要使用到输出样式</p>
<p></p>
<p><tags><tag kind="heading3">### </tag></tags>ePub 导出</p>
<p><tags><tag kind="unorderedList">- </tag></tags>您可以放入要使用的图像作为 ebook 的封面图像</p>
<p><tags><tag kind="unorderedList">- </tag></tags>您可以设置标题和作者元数据</p>
<p><tags><tag kind="unorderedList">- </tag></tags>选择输出时要使用到输出样式</p>
<p></p>
<p><tags><tag kind="heading3">### </tag></tags>导出预览</p>
<p><tags><tag kind="unorderedList">- </tag></tags>CMD-SHIFT-P 预览当前的侧边栏选择（可以是组）</p>
<p><tags><tag kind="unorderedList">- </tag></tags>CMD-R 刷新所有打开的预览</p>
<p><tags><tag kind="unorderedList">- </tag></tags>选择用来预览的导出样式</p>
<p><tags><tag kind="unorderedList">- </tag></tags>您可以直接从预览窗口导出</p>
<p></p></string>
</sheet>