<sheet version="1">
<markup version="1" identifier="markdownxl" displayName="Markdown XL">
	<tag definition="heading1" pattern="#"></tag>
	<tag definition="heading2" pattern="##"></tag>
	<tag definition="heading3" pattern="###"></tag>
	<tag definition="heading4" pattern="####"></tag>
	<tag definition="heading5" pattern="#####"></tag>
	<tag definition="heading6" pattern="######"></tag>
	<tag definition="codeblock" pattern="''"></tag>
	<tag definition="comment" pattern="%%"></tag>
	<tag definition="divider" pattern="----"></tag>
	<tag definition="nativeblock" pattern="~~"></tag>
	<tag definition="blockquote" pattern=">"></tag>
	<tag definition="orderedList" pattern="\d."></tag>
	<tag definition="unorderedList" pattern="*"></tag>
	<tag definition="unorderedList" pattern="+"></tag>
	<tag definition="unorderedList" pattern="-"></tag>
	<tag definition="code" startPattern="`" endPattern="`"></tag>
	<tag definition="delete" startPattern="||" endPattern="||"></tag>
	<tag definition="emph" startPattern="*" endPattern="*"></tag>
	<tag definition="emph" startPattern="_" endPattern="_"></tag>
	<tag definition="inlineComment" startPattern="++" endPattern="++"></tag>
	<tag definition="inlineNative" startPattern="~" endPattern="~"></tag>
	<tag definition="mark" startPattern="::" endPattern="::"></tag>
	<tag definition="strong" startPattern="__" endPattern="__"></tag>
	<tag definition="strong" startPattern="**" endPattern="**"></tag>
	<tag definition="annotation" startPattern="{" endPattern="}"></tag>
	<tag definition="link" startPattern="[" endPattern="]"></tag>
	<tag definition="footnote" pattern="(fn)"></tag>
	<tag definition="image" pattern="(img)"></tag>
	<tag definition="video" pattern="(vid)"></tag>
</markup>
<string xml:space="preserve">
<p><tags><tag kind="heading3">### </tag></tags>Grundfunktionen</p>
<p><tags><tag kind="unorderedList">- </tag></tags>CMD-N erstellt ein neues Blatt</p>
<p><tags><tag kind="unorderedList">- </tag></tags>CMD-UMSCHALT-N erstellt eine neue Gruppe</p>
<p><tags><tag kind="unorderedList">- </tag></tags>CMD-CRTL-N erstellt einen neuen Filter</p>
<p><tags><tag kind="unorderedList">- </tag></tags>Objekte werden immer neben der aktuellen Auswahl erstellt</p>
<p><tags><tag kind="unorderedList">- </tag></tags>Blätter werden immer unter dem aktuell ausgewählten Blatt erstellt</p>
<p><tags><tag kind="unorderedList">- </tag></tags>Gruppen und Filter werden in der aktuell ausgewählten Gruppe erstellt </p>
<p><tags><tag kind="unorderedList">- </tag></tags>Wenn kein Objekt ausgewählt ist oder die aktuelle Auswahl keine neuen Inhalte aufnehmen kann (z. B. Bibliothek › Alle), werden neue Objekte in der obersten Kategorie angelegt (z. B. iCloud).</p>
<p><tags><tag kind="unorderedList">- </tag></tags>Zum Auswählen klicken</p>
<p><tags><tag kind="unorderedList">- </tag></tags>Zum Bearbeiten doppelklicken</p>
<p></p>
<p><tags><tag kind="heading3">### </tag></tags>HUDs und Darstellungen</p>
<p><tags><tag kind="unorderedList">- </tag></tags>CMD-1 zum Ein- und Ausblenden der Seitenleisten</p>
<p><tags><tag kind="unorderedList">- </tag></tags>CMD-2 zum Ein- und Ausblenden der Blätterliste</p>
<p><tags><tag kind="unorderedList">- </tag></tags>CMD-3 zum Ein- und Ausschalten der „Nur Editor“-Ansicht</p>
<p><tags><tag kind="unorderedList">- </tag></tags>CMD-5 zum Einblenden der Favoriten (FÜNForiten)</p>
<p><tags><tag kind="unorderedList">- </tag></tags>CMD-6 zum Einblenden des Schnellexports (SECHSport)</p>
<p><tags><tag kind="unorderedList">- </tag></tags>CMD-7 zum Einblenden der Statistiken</p>
<p><tags><tag kind="unorderedList">- </tag></tags>CMD-8 zum Einblenden der Navigation (N-ACHT-igator)</p>
<p><tags><tag kind="unorderedList">- </tag></tags>CMD-9 Einblenden der Markup-Leiste</p>
<p></p>
<p><tags><tag kind="heading3">### </tag></tags>Schnellöffnen-Bereich</p>
<p><tags><tag kind="unorderedList">- </tag></tags>CMD-O zum Heraussuchen eines Blatts im aktuellen Bereich (iCloud, Lokal, usw.)</p>
<p><tags><tag kind="unorderedList">- </tag></tags>CMD-UMSCHALT-O zum Heraussuchen eines Blatts aus der gesamten Bibliothek</p>
<p><tags><tag kind="unorderedList">- </tag></tags>CMD-ALT-O zum Heraussuchen eines Blatts aus der ausgewählten Gruppe </p>
<p></p>
<p><tags><tag kind="heading3">### </tag></tags>Globale Suche</p>
<p><tags><tag kind="unorderedList">- </tag></tags>CMD-UMSCHALT-F zum Einblenden des Blattfilters</p>
<p><tags><tag kind="unorderedList">- </tag></tags>ESC zum Schließen des Blattfilters</p>
<p></p>
<p><tags><tag kind="heading3">### </tag></tags>Suchen &amp; Ersetzen im Editor</p>
<p><tags><tag kind="unorderedList">- </tag></tags>CMD-F zum Einblenden der Suchleiste</p>
<p><tags><tag kind="unorderedList">- </tag></tags>CMD-ALT-F zum Einblenden der Suchen &amp; Ersetzen Leiste</p>
<p><tags><tag kind="unorderedList">- </tag></tags>ESC zum Schließen der Suchen &amp; Ersetzen Leiste</p>
<p></p>
<p><tags><tag kind="heading3">### </tag></tags>Intelligentes Einsetzen im Editor</p>
<p><tags><tag kind="unorderedList">- </tag></tags>CMD-UMSCHALT-V zum intelligenten Einsetzen, alternativ:</p>
<p><tags><tag kind="unorderedList">- </tag></tags>CMD-V drücken und halten</p>
<p><tags><tag>	</tag><tag kind="unorderedList">- </tag></tags>Die Optionen zum Einsetzen sind abhängig vom Inhalt der Zwischenablage und des aktuellen Markups jeweils unterschiedlich</p>
<p><tags><tag>	</tag><tag kind="unorderedList">- </tag></tags>Pfeil nach links/rechts zeigt eine Vorschau der verfügbaren Einsetzen-Optionen</p>
<p><tags><tag>	</tag><tag kind="unorderedList">- </tag></tags>RETURN bestätigt die Auswahl und setzt ein</p>
</string>
</sheet>