<sheet version="2">
<markup version="1" identifier="markdownxl" displayName="Markdown XL">
	<tag definition="heading1" pattern="#"></tag>
	<tag definition="heading2" pattern="##"></tag>
	<tag definition="heading3" pattern="###"></tag>
	<tag definition="heading4" pattern="####"></tag>
	<tag definition="heading5" pattern="#####"></tag>
	<tag definition="heading6" pattern="######"></tag>
	<tag definition="codeblock" pattern="''"></tag>
	<tag definition="comment" pattern="%%"></tag>
	<tag definition="divider" pattern="----"></tag>
	<tag definition="nativeblock" pattern="~~"></tag>
	<tag definition="blockquote" pattern=">"></tag>
	<tag definition="orderedList" pattern="\d."></tag>
	<tag definition="unorderedList" pattern="*"></tag>
	<tag definition="unorderedList" pattern="+"></tag>
	<tag definition="unorderedList" pattern="-"></tag>
	<tag definition="code" startPattern="`" endPattern="`"></tag>
	<tag definition="delete" startPattern="||" endPattern="||"></tag>
	<tag definition="emph" startPattern="*" endPattern="*"></tag>
	<tag definition="emph" startPattern="_" endPattern="_"></tag>
	<tag definition="inlineComment" startPattern="++" endPattern="++"></tag>
	<tag definition="inlineNative" startPattern="~" endPattern="~"></tag>
	<tag definition="mark" startPattern="::" endPattern="::"></tag>
	<tag definition="strong" startPattern="__" endPattern="__"></tag>
	<tag definition="strong" startPattern="**" endPattern="**"></tag>
	<tag definition="annotation" startPattern="{" endPattern="}"></tag>
	<tag definition="link" startPattern="[" endPattern="]"></tag>
	<tag definition="footnote" pattern="(fn)"></tag>
	<tag definition="image" pattern="(img)"></tag>
	<tag definition="video" pattern="(vid)"></tag>
</markup>
<string xml:space="preserve">
<p><tags><tag kind="heading2">## </tag></tags>好吧，那我该怎么…?</p>
<p></p>
<p>如果您之前已经使用任何种类的三个窗格的应用程序，您应该就没有问题来浏览和使用 Ulysses。如果您已对<element kind="link"><attribute identifier="URL">http://daringfireball.net/projects/markdown/</attribute><attribute identifier="title">Markdown -  由 John Gruber 和 Aaron Swartz 撰写</attribute>Markdown</element> 和 <element kind="link"><attribute identifier="URL">http://en.wikipedia.org/wiki/Textile_(markup_language)</attribute><attribute identifier="title">关于 Textile 的维基百科页面</attribute>Textile</element> 很熟悉的话, 在编辑器中，您应该会有到家了的感觉。可能有一些特殊的情况下我们处理的会有点不同，但所有这一切都应该都是相通的。</p>
<p></p>
<p>总之，这是从左至右的用户界面概览：</p>
<p></p>
<p>－ 侧边栏</p>
<p>－ 工作表列表</p>
<p>－ 编辑器</p>
<p></p>
<p>就这么多了。</p>
<p></p>
<p><element kind="emph" startTag="_">侧边栏</element>分为不同的段，应该是很明了的了。取决于您是否已开启了 iCloud，还是您已经是 <element kind="link"><attribute identifier="URL">http://www.daedalusapp.com</attribute><attribute identifier="title">Daedalus Touch – iCloud 的文本编辑器</attribute>Daedalus Touch</element> 的用户, 您将再侧边栏中会看到不同的分段。</p>
<p></p>
<p> <element kind="emph" startTag="_">工作表列表</element>包括了您所有的文本。</p>
<p></p>
<p>现在来介绍 <element kind="emph" startTag="_">编辑器 </element>吧。</p>
<p></p></string>
<attachment type="keywords">太棒了</attachment>
</sheet>
