<sheet version="2">
<markup version="1" identifier="markdownxl" displayName="Markdown XL">
	<tag definition="heading1" pattern="#"></tag>
	<tag definition="heading2" pattern="##"></tag>
	<tag definition="heading3" pattern="###"></tag>
	<tag definition="heading4" pattern="####"></tag>
	<tag definition="heading5" pattern="#####"></tag>
	<tag definition="heading6" pattern="######"></tag>
	<tag definition="codeblock" pattern="''"></tag>
	<tag definition="comment" pattern="%%"></tag>
	<tag definition="divider" pattern="----"></tag>
	<tag definition="nativeblock" pattern="~~"></tag>
	<tag definition="blockquote" pattern=">"></tag>
	<tag definition="orderedList" pattern="\d."></tag>
	<tag definition="unorderedList" pattern="*"></tag>
	<tag definition="unorderedList" pattern="+"></tag>
	<tag definition="unorderedList" pattern="-"></tag>
	<tag definition="code" startPattern="`" endPattern="`"></tag>
	<tag definition="delete" startPattern="||" endPattern="||"></tag>
	<tag definition="emph" startPattern="*" endPattern="*"></tag>
	<tag definition="emph" startPattern="_" endPattern="_"></tag>
	<tag definition="inlineComment" startPattern="++" endPattern="++"></tag>
	<tag definition="inlineNative" startPattern="~" endPattern="~"></tag>
	<tag definition="mark" startPattern="::" endPattern="::"></tag>
	<tag definition="strong" startPattern="__" endPattern="__"></tag>
	<tag definition="strong" startPattern="**" endPattern="**"></tag>
	<tag definition="annotation" startPattern="{" endPattern="}"></tag>
	<tag definition="link" startPattern="[" endPattern="]"></tag>
	<tag definition="footnote" pattern="(fn)"></tag>
	<tag definition="image" pattern="(img)"></tag>
	<tag definition="video" pattern="(vid)"></tag>
</markup>
<string xml:space="preserve">
<p><tags><tag kind="heading2">## </tag></tags>Anhänge, Notizen &amp; Kommentare</p>
<p></p>
<p>Über jedem Blatt gibt es eine Leiste, die „Anhangsleiste“ heißt. Mit Anhängen können Sie beliebige Inhalte zu Ihren Texten hinzufügen: Bilder, Textnotizen, Schlagworte und Schreibziele. Schlagworte sind besonders praktisch, da Sie sich Filter einrichten können, die nach genau diesen Schlagworten Ausschau halten.</p>
<p></p>
<p>Bilder und Textnotizen können mehrmals angefügt werden – und natürlich auch vom Blatt „abgerissen“ und irgendwo anders auf den Bildschirm abgelegt werden. In Bilder kann hineingezoomt, PDFs können durchgeblättert und in Textnotizen kann fast das gesamte Markup verwendet werden.</p>
<p></p>
<p>Kommentare oder <element kind="annotation"><attribute identifier="text"><string xml:space="preserve">
<p>„Sie haben meine Anmerkung gelöscht.“ „Nein, ich BIN die Anmerkung.“</p>
</string></attribute>Anmerkungen</element> stellen eine weitere Möglichkeit dar, Notizen zu erstellen. <element kind="inlineComment" startTag="++"> Doppelklicken Sie auf die Anmerkung zur Anmerkung.</element> Kommentare können sich auch über ganze Absätze erstrecken.</p>
<p></p>
<p><tags><tag kind="comment">%% </tag></tags>Kommentieren </p>
<p><tags><tag kind="comment">%% </tag></tags>Sie </p>
<p><tags><tag kind="comment">%% </tag></tags>in Absatzlänge.</p>
</string>
<attachment type="note"><string xml:space="preserve">
<p>Oh, Sie haben mich also bemerkt? Schließen Sie mich nicht gleich wieder, bitte! Ich wurde schon sooo lange nicht mehr gelesen. Reißen Sie mich von hier ab! Bitte, das ist wichtig! Ich würde doch soo gerne noch ein wenig weiterleben.</p>
</string></attachment>
</sheet>