<sheet version="1">
<markup version="1" identifier="markdownxl" displayName="Markdown XL">
	<tag definition="heading1" pattern="#"/>
	<tag definition="heading2" pattern="##"/>
	<tag definition="heading3" pattern="###"/>
	<tag definition="heading4" pattern="####"/>
	<tag definition="heading5" pattern="#####"/>
	<tag definition="heading6" pattern="######"/>
	<tag definition="codeblock" pattern="''"/>
	<tag definition="comment" pattern="%%"/>
	<tag definition="divider" pattern="----"/>
	<tag definition="nativeblock" pattern="~~"/>
	<tag definition="blockquote" pattern=">"/>
	<tag definition="orderedList" pattern="\d."/>
	<tag definition="unorderedList" pattern="*"/>
	<tag definition="unorderedList" pattern="+"/>
	<tag definition="unorderedList" pattern="-"/>
	<tag definition="code" startPattern="`" endPattern="`"/>
	<tag definition="delete" startPattern="||" endPattern="||"/>
	<tag definition="emph" startPattern="*" endPattern="*"/>
	<tag definition="emph" startPattern="_" endPattern="_"/>
	<tag definition="inlineComment" startPattern="++" endPattern="++"/>
	<tag definition="inlineNative" startPattern="~" endPattern="~"/>
	<tag definition="mark" startPattern="::" endPattern="::"/>
	<tag definition="strong" startPattern="__" endPattern="__"/>
	<tag definition="strong" startPattern="**" endPattern="**"/>
	<tag definition="annotation" startPattern="{" endPattern="}"/>
	<tag definition="link" startPattern="[" endPattern="]"/>
	<tag definition="footnote" pattern="(fn)"/>
	<tag definition="image" pattern="(img)"/>
	<tag definition="video" pattern="(vid)"/>
</markup>
<string xml:space="preserve">
<p><tags><tag kind="heading3">### </tag></tags>Para quienes hayan usado la versión 1.0</p>
<p><tags><tag kind="unorderedList">- </tag></tags>Nueva búsqueda en la barra lateral pulsando CMD-MAYÚSCULAS-F.</p>
<p><tags><tag kind="unorderedList">- </tag></tags>Nuevo panel de apertura pulsando CMD-O.</p>
<p><tags><tag kind="unorderedList">- </tag></tags>Nueva vista previa de exportación pulsando CMD-SHIFT-P.</p>
<p><tags><tag kind="unorderedList">- </tag></tags>Nuevo panel «Estilos» en las preferencias para añadir estilos personalizados de exportación para HTML, PDF, Word, RTF y ePub.</p>
<p><tags><tag kind="unorderedList">- </tag></tags>Nueva opción para exportar a ePub.</p>
<p><tags><tag kind="unorderedList">- </tag></tags>Cierre de etiquetas y continuación automática de listas desde el menú Edición › Sustituciones.</p>
<p><tags><tag kind="unorderedList">- </tag></tags>Nuevo desplazamiento de máquina de escribir disponible pulsando CMD-ALT-T.</p>
<p><tags><tag kind="unorderedList">- </tag></tags>Hemos optimizado ligeramente el menú principal; puede resultar confuso al principio, pero no querrás volver al anterior…</p>
</string>
</sheet>