<sheet version="1">
<markup version="1" identifier="markdownxl" displayName="Markdown XL">
	<tag definition="heading1" pattern="#"></tag>
	<tag definition="heading2" pattern="##"></tag>
	<tag definition="heading3" pattern="###"></tag>
	<tag definition="heading4" pattern="####"></tag>
	<tag definition="heading5" pattern="#####"></tag>
	<tag definition="heading6" pattern="######"></tag>
	<tag definition="codeblock" pattern="''"></tag>
	<tag definition="comment" pattern="%%"></tag>
	<tag definition="divider" pattern="----"></tag>
	<tag definition="nativeblock" pattern="~~"></tag>
	<tag definition="blockquote" pattern=">"></tag>
	<tag definition="orderedList" pattern="\d."></tag>
	<tag definition="unorderedList" pattern="*"></tag>
	<tag definition="unorderedList" pattern="+"></tag>
	<tag definition="unorderedList" pattern="-"></tag>
	<tag definition="code" startPattern="`" endPattern="`"></tag>
	<tag definition="delete" startPattern="||" endPattern="||"></tag>
	<tag definition="emph" startPattern="*" endPattern="*"></tag>
	<tag definition="emph" startPattern="_" endPattern="_"></tag>
	<tag definition="inlineComment" startPattern="++" endPattern="++"></tag>
	<tag definition="inlineNative" startPattern="~" endPattern="~"></tag>
	<tag definition="mark" startPattern="::" endPattern="::"></tag>
	<tag definition="strong" startPattern="__" endPattern="__"></tag>
	<tag definition="strong" startPattern="**" endPattern="**"></tag>
	<tag definition="annotation" startPattern="{" endPattern="}"></tag>
	<tag definition="link" startPattern="[" endPattern="]"></tag>
	<tag definition="footnote" pattern="(fn)"></tag>
	<tag definition="image" pattern="(img)"></tag>
	<tag definition="video" pattern="(vid)"></tag>
</markup>
<string xml:space="preserve">
<p><tags><tag kind="heading2">## </tag></tags>iCloud vs Sur mon Mac</p>
<p></p>
<p>Dans « Présentation », il est dit :</p>
<p></p>
<p><tags><tag kind="blockquote">&gt; </tag></tags>si vous avez configuré et activé iCloud, Ulysses stocke <element kind="strong" startTag="**">tout</element> sur les mégagrappes de serveurs super modernes d'Apple.</p>
<p></p>
<p>Eh bien, nous n'avons pas dit toute la vérité. En fait, c'est vous qui décidez où stocker les choses et vous pouvez en toute liberté déplacer vos textes du nuage vers le stockage local et vice versa.</p>
<p></p>
<p>Ceci, tant que les deux options sont activées dans Préférences, à savoir :</p>
<p></p>
<p><element kind="image"><attribute identifier="image">ce1d82d748b14175b2452cc5f28dbbd5</attribute><attribute identifier="URL">DraggedImage.png</attribute><attribute identifier="title"></attribute><attribute identifier="description">Barre latérale réglée avec les réglages Barre latérale</attribute></element> <element closed="no" kind="inlineComment" startTag="++"> &lt;- Jacques a dit : double-cliquez, ne sautez pas !</element></p>
<p></p>
<p>Évidemment, ce qui est stocké dans « Sur mon Mac » ne sera plus disponible sur les autres Mac que vous possédez et utilisez, ce qui n'est pas nécessairement une mauvaise chose, non ?</p>
<p></p>
<p><tags><tag kind="heading2">## </tag></tags>Intégration de Daedalus Touch</p>
<p></p>
<p>Si vous avez Daedalus Touch pour iOS (et franchement, <element kind="link"><attribute identifier="URL">http://www.daedalusapp.com</attribute><attribute identifier="title">« L'éditeur de texte le plus sexy au monde. Seulement sur iOS. »</attribute>vous devriez</element>), le moment est venu d'activer iCloud sur vos appareils. Nous avons intégré Daedalus en natif dans la barre latérale d'Ulysses, si bien qu'aucune configuration n'est nécessaire, aucune liaison, rien.</p>
<p></p>
<p>Les piles de Daedalus sont visibles comme groupes et vous pouvez à présent utiliser la majorité des fonctions avancées d'Ulysses pour continuer le travail que vous avez entamé sur la route. Ou au café. Ou sur la plage. Au lit. Sur le canapé. La Tour Eiffel. Le mont Everest. ISS. Kepler 21b. Trop cool.</p>
<p></p>
<p><tags><tag kind="heading2">## </tag></tags>Sources externes</p>
<p></p>
<p>Enfin et surtout, vous pouvez même importer et modifier des fichiers .txt et .markdown classiques en faisant en sorte qu'Ulysses les garde sur votre disque (soit à l'extérieur de la bibliothèque d'Ulysses). Par exemple, vous pouvez pointer Ulysses sur un dossier de votre Dropbox et manier son contenu comme s'il s'agissait de feuilles et groupes natifs.</p>
<p></p>
<p>Dans ce cas, certaines fonctions de l'éditeur ne sont pas disponibles (pas d'images, pas de pièces jointes), toutefois, ceci est vraiment insignifiant comparé aux autres possibilités offertes. Pour ainsi dire.</p>
<p></p>
<p>Et voilà… fini… c'est dans la boîte ! Vous devriez maintenant en savoir suffisamment pour vous débrouiller et si ce n'est pas le cas, nous avons misérablement échoué.</p>
<p></p>
<p>Bref. Assez de discours, à vous.</p>
<p>Bonne rédaction !</p>
<p></p></string>
</sheet>