<sheet version="1">
<markup version="1" identifier="markdownxl" displayName="Markdown XL">
	<tag definition="heading1" pattern="#"></tag>
	<tag definition="heading2" pattern="##"></tag>
	<tag definition="heading3" pattern="###"></tag>
	<tag definition="heading4" pattern="####"></tag>
	<tag definition="heading5" pattern="#####"></tag>
	<tag definition="heading6" pattern="######"></tag>
	<tag definition="codeblock" pattern="''"></tag>
	<tag definition="comment" pattern="%%"></tag>
	<tag definition="divider" pattern="----"></tag>
	<tag definition="nativeblock" pattern="~~"></tag>
	<tag definition="blockquote" pattern=">"></tag>
	<tag definition="orderedList" pattern="\d."></tag>
	<tag definition="unorderedList" pattern="*"></tag>
	<tag definition="unorderedList" pattern="+"></tag>
	<tag definition="unorderedList" pattern="-"></tag>
	<tag definition="code" startPattern="`" endPattern="`"></tag>
	<tag definition="delete" startPattern="||" endPattern="||"></tag>
	<tag definition="emph" startPattern="*" endPattern="*"></tag>
	<tag definition="emph" startPattern="_" endPattern="_"></tag>
	<tag definition="inlineComment" startPattern="++" endPattern="++"></tag>
	<tag definition="inlineNative" startPattern="~" endPattern="~"></tag>
	<tag definition="mark" startPattern="::" endPattern="::"></tag>
	<tag definition="strong" startPattern="__" endPattern="__"></tag>
	<tag definition="strong" startPattern="**" endPattern="**"></tag>
	<tag definition="annotation" startPattern="{" endPattern="}"></tag>
	<tag definition="link" startPattern="[" endPattern="]"></tag>
	<tag definition="footnote" pattern="(fn)"></tag>
	<tag definition="image" pattern="(img)"></tag>
	<tag definition="video" pattern="(vid)"></tag>
</markup>
<string xml:space="preserve">
<p><tags><tag kind="heading3">### </tag></tags>Navigation, Seitenleiste</p>
<p><tags><tag kind="unorderedList">- </tag></tags>Pfeil nach rechts auf Gruppen öffnet die Gruppe</p>
<p><tags><tag kind="unorderedList">- </tag></tags>Pfeil nach rechts auf Stapel wechselt den Fokus auf Blätterliste</p>
<p></p>
<p><tags><tag kind="heading3">### </tag></tags>Navigation, Blätterliste</p>
<p><tags><tag kind="unorderedList">- </tag></tags>Pfeil nach rechts zum Wechseln des Fokus in den Editor (Cursor wird am letzten Bearbeitungsort platziert)</p>
<p><tags><tag kind="unorderedList">- </tag></tags>Pfeil nach links zum Wechseln des Fokus in die Seitenleiste</p>
<p></p>
<p><tags><tag kind="heading3">### </tag></tags>Navigation, Editor</p>
<p><tags><tag kind="unorderedList">- </tag></tags>Am Anfang eines Blatts:</p>
<p><tags><tag>	</tag><tag kind="unorderedList">- </tag></tags>Doppeltes Drücken des Pfeils nach oben, um ein Blatt nach oben zu wechseln</p>
<p><tags><tag kind="unorderedList">- </tag></tags>Am Ende eines Blatts:</p>
<p><tags><tag>	</tag><tag kind="unorderedList">- </tag></tags>Doppeltes Drücken des Pfeils nach unten, um ein Blatt nach unten zu wechseln</p>
<p><tags><tag kind="unorderedList">- </tag></tags>Irgendwo innerhalb eines Blatts:</p>
<p><tags><tag>	</tag><tag kind="unorderedList">- </tag></tags>CMD-ALT- Pfeil nach oben, um ein Blatt nach oben zu wechseln</p>
<p><tags><tag>	</tag><tag kind="unorderedList">- </tag></tags>CMD-ALT- Pfeil nach unten, um zum nächsten Blatt zu wechseln </p>
<p><tags><tag kind="unorderedList">- </tag></tags>Doppeltes Drücken von CMD- Pfeil nach links, um den Fokus in die Blätterliste zu wechseln</p>
<p></p>
<p><tags><tag kind="heading3">### </tag></tags>Kopieren &amp; Verschieben in Seitenleisten</p>
<p><tags><tag kind="unorderedList">- </tag></tags>Standardmäßig werden mittels Drag ’n’ Drop von und zu „iCloud“ oder „Lokal“ gezogene Gruppen und Blätter <element kind="emph" startTag="_">verschoben</element>, nicht kopiert, werden also an den jeweils neuen Ort übertragen und am vorherigen Ort gelöscht.</p>
<p><tags><tag kind="unorderedList">- </tag></tags>Standardmäßig werden mittels Drag ’n’ Drop von und zu Daedalus und Externen Quellen gezogene Inhalte <element kind="emph" startTag="_">kopiert</element>, d. h. sind anschließend an beiden Orten vorhanden.</p>
<p><tags><tag kind="unorderedList">- </tag></tags>Durch Drücken und Halten von ALT kann während des Ziehens das <element kind="emph" startTag="_">Kopieren</element> von Gruppen und Blättern erzwungen werden</p>
<p><tags><tag kind="unorderedList">- </tag></tags>Durch Drücken und Halten von CMD kann während des Ziehens das <element kind="emph" startTag="_">Verschieben</element> von Gruppen und Blättern erzwungen werden</p>
</string>
</sheet>