<sheet version="1">
<markup version="1" identifier="markdownxl" displayName="Markdown XL">
	<tag definition="heading1" pattern="#"></tag>
	<tag definition="heading2" pattern="##"></tag>
	<tag definition="heading3" pattern="###"></tag>
	<tag definition="heading4" pattern="####"></tag>
	<tag definition="heading5" pattern="#####"></tag>
	<tag definition="heading6" pattern="######"></tag>
	<tag definition="codeblock" pattern="''"></tag>
	<tag definition="comment" pattern="%%"></tag>
	<tag definition="divider" pattern="----"></tag>
	<tag definition="nativeblock" pattern="~~"></tag>
	<tag definition="blockquote" pattern=">"></tag>
	<tag definition="orderedList" pattern="\d."></tag>
	<tag definition="unorderedList" pattern="*"></tag>
	<tag definition="unorderedList" pattern="+"></tag>
	<tag definition="unorderedList" pattern="-"></tag>
	<tag definition="code" startPattern="`" endPattern="`"></tag>
	<tag definition="delete" startPattern="||" endPattern="||"></tag>
	<tag definition="emph" startPattern="*" endPattern="*"></tag>
	<tag definition="emph" startPattern="_" endPattern="_"></tag>
	<tag definition="inlineComment" startPattern="++" endPattern="++"></tag>
	<tag definition="inlineNative" startPattern="~" endPattern="~"></tag>
	<tag definition="mark" startPattern="::" endPattern="::"></tag>
	<tag definition="strong" startPattern="__" endPattern="__"></tag>
	<tag definition="strong" startPattern="**" endPattern="**"></tag>
	<tag definition="annotation" startPattern="{" endPattern="}"></tag>
	<tag definition="link" startPattern="[" endPattern="]"></tag>
	<tag definition="footnote" pattern="(fn)"></tag>
	<tag definition="image" pattern="(img)"></tag>
	<tag definition="video" pattern="(vid)"></tag>
</markup>
<string xml:space="preserve">
<p><tags><tag kind="heading3">### </tag></tags>Varie</p>
<p><tags><tag kind="unorderedList"> - </tag></tags>Cliccando due volte su un foglio nella barra laterale salterai all’ultimo punto modificato</p>
<p><tags><tag kind="unorderedList">- </tag></tags>Puoi aprire più di una finestra alla volta (CMD+ALT+N)</p>
<p><tags><tag kind="unorderedList">- </tag></tags>Puoi avere la stessa schermata in tutte le finestre, con un effetto da spacconi stravaganti durante la scrittura, ma, ad essere sinceri, non è molto utile</p>
<p><tags><tag kind="unorderedList">- </tag></tags>CMD+S creerà una nuova versione del foglio corrente Seleziona “Mostra tutte le versioni...” dal menu File per mostrare quante volte ha usato questo comando</p>
<p><tags><tag kind="unorderedList">- </tag></tags>CMD+J unirà i fogli selezionati</p>
<p><tags><tag>	</tag><tag kind="unorderedList">- </tag></tags>Se è selezionato un solo foglio, verrà unito al foglio precedente</p>
<p><tags><tag>	</tag><tag kind="unorderedList">- </tag></tags>Se prima di quello selezionato non ci sono altri fogli, non succederà niente</p>
<p><tags><tag kind="unorderedList">- </tag></tags>Puoi unire i fogli in modo permanente tramite il comando "Unisci fogli" dal menu Archivio</p>
<p><tags><tag kind="unorderedList"> - </tag></tags>Puoi anche suddividere i fogli nella posizione attuale del cursore usando il comando "Suddividi da selezione" nel menu Composizione</p>
<p></p></string>
</sheet>