<sheet version="2">
<markup version="1" identifier="markdownxl" displayName="Markdown XL">
	<tag definition="heading1" pattern="#"></tag>
	<tag definition="heading2" pattern="##"></tag>
	<tag definition="heading3" pattern="###"></tag>
	<tag definition="heading4" pattern="####"></tag>
	<tag definition="heading5" pattern="#####"></tag>
	<tag definition="heading6" pattern="######"></tag>
	<tag definition="codeblock" pattern="''"></tag>
	<tag definition="comment" pattern="%%"></tag>
	<tag definition="divider" pattern="----"></tag>
	<tag definition="nativeblock" pattern="~~"></tag>
	<tag definition="blockquote" pattern=">"></tag>
	<tag definition="orderedList" pattern="\d."></tag>
	<tag definition="unorderedList" pattern="*"></tag>
	<tag definition="unorderedList" pattern="+"></tag>
	<tag definition="unorderedList" pattern="-"></tag>
	<tag definition="code" startPattern="`" endPattern="`"></tag>
	<tag definition="delete" startPattern="||" endPattern="||"></tag>
	<tag definition="emph" startPattern="*" endPattern="*"></tag>
	<tag definition="emph" startPattern="_" endPattern="_"></tag>
	<tag definition="inlineComment" startPattern="++" endPattern="++"></tag>
	<tag definition="inlineNative" startPattern="~" endPattern="~"></tag>
	<tag definition="mark" startPattern="::" endPattern="::"></tag>
	<tag definition="strong" startPattern="__" endPattern="__"></tag>
	<tag definition="strong" startPattern="**" endPattern="**"></tag>
	<tag definition="annotation" startPattern="{" endPattern="}"></tag>
	<tag definition="link" startPattern="[" endPattern="]"></tag>
	<tag definition="footnote" pattern="(fn)"></tag>
	<tag definition="image" pattern="(img)"></tag>
	<tag definition="video" pattern="(vid)"></tag>
</markup>
<string xml:space="preserve">
<p><tags><tag kind="heading2">## </tag></tags>添付ファイル、メモ＆コメント</p>
<p></p>
<p>シートの上に “添付ファイルバー”と呼ばれるバーがあります。添付ファイルを使うと、任意の本文テキストをそれほど任意ではないメインのコンテンツ（イメージ、テキストメモ、キーワード、目標単語数）の横に配置することができます。キーワードは特に便利です。これらのキーワードを検索するフィルタを設定することができるからです。</p>
<p></p>
<p>イメージとテキストメモは何度も添付が可能です。すべての添付ファイルは切り取って画面のどこにでも配置することができます。イメージを拡大し、PDF をめくり、テキストメモの中に出来る限りのマークアップを使用することができます。</p>
<p></p>
<p>メモを追加するもう一つの方法は、<element kind="annotation"><attribute identifier="text"><string xml:space="preserve">
<p>“私の注釈を消したのね。”</p>
<p>“とんでもない。僕が君の注釈だよ”</p>
</string></attribute>注釈</element> または、インラインコメントを作成することです。<element kind="inlineComment" startTag="++"> 注釈の注釈をダブルクリックしてください。 </element> コメントは段落全体にまたがることもできます。</p>
<p></p>
<p><tags><tag kind="comment">%% </tag></tags>段落。 </p>
<p><tags><tag kind="comment">%% </tag></tags>全体に。 </p>
<p><tags><tag kind="comment">%% </tag></tags>またがる。</p>
<p></p></string>
<attachment type="note"><string xml:space="preserve">
<p>おや、気付いてくださいましたか！二度と私を閉じないでくださいね。ながぁ〜い間読まれていなかったんです。切り離して、お願いします。どうかお願い。もう少しの間新鮮な空気を味わわせて。</p>
</string></attachment>
</sheet>