<sheet version="1">
<markup version="1" identifier="markdownxl" displayName="Markdown XL">
	<tag definition="heading1" pattern="#"></tag>
	<tag definition="heading2" pattern="##"></tag>
	<tag definition="heading3" pattern="###"></tag>
	<tag definition="heading4" pattern="####"></tag>
	<tag definition="heading5" pattern="#####"></tag>
	<tag definition="heading6" pattern="######"></tag>
	<tag definition="codeblock" pattern="''"></tag>
	<tag definition="comment" pattern="%%"></tag>
	<tag definition="divider" pattern="----"></tag>
	<tag definition="nativeblock" pattern="~~"></tag>
	<tag definition="blockquote" pattern=">"></tag>
	<tag definition="orderedList" pattern="\d."></tag>
	<tag definition="unorderedList" pattern="*"></tag>
	<tag definition="unorderedList" pattern="+"></tag>
	<tag definition="unorderedList" pattern="-"></tag>
	<tag definition="code" startPattern="`" endPattern="`"></tag>
	<tag definition="delete" startPattern="||" endPattern="||"></tag>
	<tag definition="emph" startPattern="*" endPattern="*"></tag>
	<tag definition="emph" startPattern="_" endPattern="_"></tag>
	<tag definition="inlineComment" startPattern="++" endPattern="++"></tag>
	<tag definition="inlineNative" startPattern="~" endPattern="~"></tag>
	<tag definition="mark" startPattern="::" endPattern="::"></tag>
	<tag definition="strong" startPattern="__" endPattern="__"></tag>
	<tag definition="strong" startPattern="**" endPattern="**"></tag>
	<tag definition="annotation" startPattern="{" endPattern="}"></tag>
	<tag definition="link" startPattern="[" endPattern="]"></tag>
	<tag definition="footnote" pattern="(fn)"></tag>
	<tag definition="image" pattern="(img)"></tag>
	<tag definition="video" pattern="(vid)"></tag>
</markup>
<string xml:space="preserve">
<p><tags><tag kind="heading2">## </tag></tags>iCloud vs. Sul mio Mac</p>
<p></p>
<p>Nel capitolo “Panoramica” ho detto:</p>
<p></p>
<p><tags><tag kind="blockquote">&gt; </tag></tags>Se iCloud è attivato, Ulysses archivierà <element kind="strong" startTag="**">tutto</element> nel  mega-archivio super-moderno di Apple.</p>
<p></p>
<p>Bene, ho mentito. Sta a te decidere dove vuoi archiviare i tuoi testi e puoi spostarli liberamente: dalla nuvola all’archivio locale e viceversa.</p>
<p></p>
<p>Per lo meno se nelle preferenze sono abilitate entrambe le funzioni, così:</p>
<p></p>
<p><element kind="image"><attribute identifier="image">1133948aee774a86ae71a5d53ac2b80b</attribute><attribute identifier="URL">DraggedImage.png</attribute><attribute identifier="title"></attribute><attribute identifier="description">Le impostazioni della barra laterale impostano la barra laterale</attribute></element> <element closed="no" kind="inlineComment" startTag="++"> &lt;- Simone dice: “Fa’ doppio click e non saltare!”</element></p>
<p></p>
<p>Ovviamente, tutto ciò che viene archiviato “Sul mio Mac” non sarà più disponibile su tutti gli altri Mac che usi, ma non è necessariamente una brutta cosa, vero?</p>
<p></p>
<p><tags><tag kind="heading2">## </tag></tags>Integrazione Daedalus Touch</p>
<p></p>
<p>Se possiedi Daedalus Touch per iOS (e sinceramente <element kind="link"><attribute identifier="URL">http://www.daedalusapp.com</attribute><attribute identifier="title">“L’editor di testo più sexy al mondo. Solo per iOS.“</attribute>dovresti</element>), è arrivato il momento giusto per abilitare iCloud sui tuoi dispositivi. Daedalus è già integrato in modo nativo nella barra laterale di Ulysses, dunque non hai bisogno di eseguire setup, né di collegare niente.</p>
<p></p>
<p>Le pile di Daedalus verranno visualizzate come gruppi e potrai usare la maggior parte delle funzionalità avanzate di Ulysses per continuare il lavoro iniziato in viaggio. Al bar. O sulla spiaggia. A letto. Sul divano. Sulla Torre Eiffel. Sull’Everest. Sulla ISS. Su Kepler 21b. È fantastico.</p>
<p></p>
<p><tags><tag kind="heading2">## </tag></tags>Sorgenti esterne</p>
<p></p>
<p>Infine puoi importare ed elaborare classici file .txt e .markdown facendo in modo che Ulysses li lasci sul disco fisso (cioè fuori dalla libreria di Ulysses). Per esempio puoi indirizzare Ulysses ad una cartella del tuo Dropbox e i documenti contenuti si comporteranno come gruppi e fogli originali.</p>
<p></p>
<p>Alcune funzioni dell’editor saranno limitate (niente immagini né allegati), ma è sicuramente un aspetto trascurabile rispetto a quanto offrono le alternative. Se possiamo dirlo.</p>
<p></p>
<p>E... questo è tutto. Adesso dovresti saperne abbastanza per cavartela, e se non è così, abbiamo miseramente fallito.</p>
<p></p>
<p>Allora, bando alle ciance, adesso tocca a te.</p>
<p>Buon divertimento!</p>
<p></p></string>
</sheet>