<sheet version="1">
<markup version="1" identifier="markdownxl" displayName="Markdown XL">
	<tag definition="heading1" pattern="#"></tag>
	<tag definition="heading2" pattern="##"></tag>
	<tag definition="heading3" pattern="###"></tag>
	<tag definition="heading4" pattern="####"></tag>
	<tag definition="heading5" pattern="#####"></tag>
	<tag definition="heading6" pattern="######"></tag>
	<tag definition="codeblock" pattern="''"></tag>
	<tag definition="comment" pattern="%%"></tag>
	<tag definition="divider" pattern="----"></tag>
	<tag definition="nativeblock" pattern="~~"></tag>
	<tag definition="blockquote" pattern=">"></tag>
	<tag definition="orderedList" pattern="\d."></tag>
	<tag definition="unorderedList" pattern="*"></tag>
	<tag definition="unorderedList" pattern="+"></tag>
	<tag definition="unorderedList" pattern="-"></tag>
	<tag definition="code" startPattern="`" endPattern="`"></tag>
	<tag definition="delete" startPattern="||" endPattern="||"></tag>
	<tag definition="emph" startPattern="*" endPattern="*"></tag>
	<tag definition="emph" startPattern="_" endPattern="_"></tag>
	<tag definition="inlineComment" startPattern="++" endPattern="++"></tag>
	<tag definition="inlineNative" startPattern="~" endPattern="~"></tag>
	<tag definition="mark" startPattern="::" endPattern="::"></tag>
	<tag definition="strong" startPattern="__" endPattern="__"></tag>
	<tag definition="strong" startPattern="**" endPattern="**"></tag>
	<tag definition="annotation" startPattern="{" endPattern="}"></tag>
	<tag definition="link" startPattern="[" endPattern="]"></tag>
	<tag definition="footnote" pattern="(fn)"></tag>
	<tag definition="image" pattern="(img)"></tag>
	<tag definition="video" pattern="(vid)"></tag>
</markup>
<string xml:space="preserve">
<p><tags><tag kind="heading2">## </tag></tags>Ulysses 1.2 – ユーザリクエストによるアップデート</p>
<p></p>
<p>機能：</p>
<p><tags><tag kind="unorderedList">- </tag></tags>シートの分割と結合機能が追加されました。</p>
<p><tags><tag kind="unorderedList">- </tag></tags>シートに文字数など目標設定を追加。</p>
<p><tags><tag kind="unorderedList">- </tag></tags>キーワードによる編集と検索機能をシートリストに追加。</p>
<p><tags><tag kind="unorderedList">- </tag></tags>シートリストに変更日とキーワードを表示するオプションを追加。</p>
<p><tags><tag kind="unorderedList">- </tag></tags>シートが日付と最初の文字で並び替えできるようになりました。</p>
<p><tags><tag kind="unorderedList">- </tag></tags>シートリストのプレビュー行数が調整できるようになりました。</p>
<p><tags><tag kind="unorderedList">- </tag></tags>Ulysses Style Exchangeでスタイルとテーマの共有機能を追加。</p>
<p><tags><tag kind="unorderedList">- </tag></tags>新しくUlyssesでカラーパレットを作成、編集できるようになりました。</p>
<p><tags><tag kind="unorderedList">- </tag></tags>環境設定のテーマセクションに手直しを加えました。</p>
<p></p>
<p>強化：</p>
<p><tags><tag kind="unorderedList">- </tag></tags>現在選択中のグループから開くことのできるクイックオープンオプションを追加。</p>
<p><tags><tag kind="unorderedList">- </tag></tags>キーワードが新しく外部ソースにMavericksタグとして追加できます。</p>
<p><tags><tag kind="unorderedList">- </tag></tags>新しく暗いサイドバーがピュアモードと独立して有効にできるようになりました。</p>
<p><tags><tag kind="unorderedList">- </tag></tags>新しく行のハイライトがタイプライタースクロールと独立して有効にできるようになりました。</p>
<p><tags><tag kind="unorderedList">- </tag></tags>統計情報HUDにシート数と平均単語数／文を追加。</p>
<p><tags><tag kind="unorderedList">- </tag></tags>プレビューを書き出しスタイルに追加。</p>
<p><tags><tag kind="unorderedList">- </tag></tags>Ulyssesのスタイルシートにウィドウとオーファンを回避するオプションが追加されました。</p>
<p><tags><tag kind="unorderedList">- </tag></tags>プリント設定を改良。</p>
<p><tags><tag kind="unorderedList">- </tag></tags>ファイル操作のエラー処理を改良。</p>
<p><tags><tag kind="unorderedList">- </tag></tags>doc/docxファイルを直接Ulyssesにドラッグできるようになりました。</p>
<p></p>
<p>不具合の修正：</p>
<p><tags><tag kind="unorderedList">- </tag></tags>外部ソースのファイル名の大文字／小文字を変更する時に起きた問題を修正しました</p>
<p><tags><tag kind="unorderedList">- </tag></tags>スタイル項目の編集を再開する際に起きたクラッシュを修正しました。</p>
<p><tags><tag kind="unorderedList">- </tag></tags>インラインタグの複数層の入力テキストを削除する際に起きたクラッシュを修正しました。</p>
<p><tags><tag kind="unorderedList">- </tag></tags>エディタの安定性が向上。</p>
</string>
</sheet>