<sheet version="1">
<markup version="1" identifier="markdownxl" displayName="Markdown XL">
	<tag definition="heading1" pattern="#"></tag>
	<tag definition="heading2" pattern="##"></tag>
	<tag definition="heading3" pattern="###"></tag>
	<tag definition="heading4" pattern="####"></tag>
	<tag definition="heading5" pattern="#####"></tag>
	<tag definition="heading6" pattern="######"></tag>
	<tag definition="codeblock" pattern="''"></tag>
	<tag definition="comment" pattern="%%"></tag>
	<tag definition="divider" pattern="----"></tag>
	<tag definition="nativeblock" pattern="~~"></tag>
	<tag definition="blockquote" pattern=">"></tag>
	<tag definition="orderedList" pattern="\d."></tag>
	<tag definition="unorderedList" pattern="*"></tag>
	<tag definition="unorderedList" pattern="+"></tag>
	<tag definition="unorderedList" pattern="-"></tag>
	<tag definition="code" startPattern="`" endPattern="`"></tag>
	<tag definition="delete" startPattern="||" endPattern="||"></tag>
	<tag definition="emph" startPattern="*" endPattern="*"></tag>
	<tag definition="emph" startPattern="_" endPattern="_"></tag>
	<tag definition="inlineComment" startPattern="++" endPattern="++"></tag>
	<tag definition="inlineNative" startPattern="~" endPattern="~"></tag>
	<tag definition="mark" startPattern="::" endPattern="::"></tag>
	<tag definition="strong" startPattern="__" endPattern="__"></tag>
	<tag definition="strong" startPattern="**" endPattern="**"></tag>
	<tag definition="annotation" startPattern="{" endPattern="}"></tag>
	<tag definition="link" startPattern="[" endPattern="]"></tag>
	<tag definition="footnote" pattern="(fn)"></tag>
	<tag definition="image" pattern="(img)"></tag>
	<tag definition="video" pattern="(vid)"></tag>
</markup>
<string xml:space="preserve">
<p><tags><tag kind="heading3">### </tag></tags>その他</p>
<p><tags><tag kind="unorderedList"> - </tag></tags>サイドバーでシートをダブルクリックすると、最後に編集した場所にジャンプします</p>
<p><tags><tag kind="unorderedList">- </tag></tags>複数のウインドウを同時に開くことができます（⌘-ALT-N）</p>
<p><tags><tag kind="unorderedList">- </tag></tags>同じシートをすべてのウインドウで表示することもできます。これにより、編集中見せびらかすことができますが、正直なところ、あまり使い道はありません。</p>
<p><tags><tag kind="unorderedList">- </tag></tags>⌘-S：現在のシートの新しいバージョンを作成しますファイルメニューから“すべてのバージョンをブラウズ…”を選択すると、このコマンドをどれほど頻繁に呼び出したかを検索できます</p>
<p><tags><tag kind="unorderedList">- </tag></tags>⌘-J：選択したシートをひとまとめにします</p>
<p><tags><tag>	</tag><tag kind="unorderedList">- </tag></tags>シートが 1 枚だけ選択された場合、前のシートとまとめられます</p>
<p><tags><tag>	</tag><tag kind="unorderedList">- </tag></tags>現在選択されたシートの前にシートがない場合、何の操作も行われません。何もできないので。</p>
<p><tags><tag kind="unorderedList">- </tag></tags>ファイルメニューから“シートを結合”を選択するとシートを永久にまとめられます</p>
<p><tags><tag kind="unorderedList">- </tag></tags>編集メニューから“選択位置で分割”を選択すると現在のカーソルの位置で シートを分けることができます</p>
<p></p></string>
</sheet>