<sheet version="1">
<markup version="1" identifier="markdownxl" displayName="Markdown XL">
	<tag definition="heading1" pattern="#"></tag>
	<tag definition="heading2" pattern="##"></tag>
	<tag definition="heading3" pattern="###"></tag>
	<tag definition="heading4" pattern="####"></tag>
	<tag definition="heading5" pattern="#####"></tag>
	<tag definition="heading6" pattern="######"></tag>
	<tag definition="codeblock" pattern="''"></tag>
	<tag definition="comment" pattern="%%"></tag>
	<tag definition="divider" pattern="----"></tag>
	<tag definition="nativeblock" pattern="~~"></tag>
	<tag definition="blockquote" pattern=">"></tag>
	<tag definition="orderedList" pattern="\d."></tag>
	<tag definition="unorderedList" pattern="*"></tag>
	<tag definition="unorderedList" pattern="+"></tag>
	<tag definition="unorderedList" pattern="-"></tag>
	<tag definition="code" startPattern="`" endPattern="`"></tag>
	<tag definition="delete" startPattern="||" endPattern="||"></tag>
	<tag definition="emph" startPattern="*" endPattern="*"></tag>
	<tag definition="emph" startPattern="_" endPattern="_"></tag>
	<tag definition="inlineComment" startPattern="++" endPattern="++"></tag>
	<tag definition="inlineNative" startPattern="~" endPattern="~"></tag>
	<tag definition="mark" startPattern="::" endPattern="::"></tag>
	<tag definition="strong" startPattern="__" endPattern="__"></tag>
	<tag definition="strong" startPattern="**" endPattern="**"></tag>
	<tag definition="annotation" startPattern="{" endPattern="}"></tag>
	<tag definition="link" startPattern="[" endPattern="]"></tag>
	<tag definition="footnote" pattern="(fn)"></tag>
	<tag definition="image" pattern="(img)"></tag>
	<tag definition="video" pattern="(vid)"></tag>
</markup>
<string xml:space="preserve">
<p><tags><tag kind="heading2">## </tag></tags>Exportación: Semántica por los cuatro costados</p>
<p></p>
<p>Y ahora, la parte divertida: Ulysses puede exportar lo que escribas a una plétora de formatos estándar como texto normal, RTF, Word, HTML, ePub e incluso PDF. Esto lo consigue convirtiendo tu <element kind="emph" startTag="_">escritura de texto normal</element> de acuerdo a las definiciones indicadas con el marcado simple. Si te está dando dolor de cabeza, aquí tienes un ejemplo sencillo…</p>
<p></p>
<p>Supongamos que quieres destacar un fragmento de texto añadiéndole énfasis. Selecciona la palabra «énfasis» (hazlo ahora), y pulsa el acceso rápido de teclado CMD-I. Fíjate en los caracteres que se han añadido antes y después de la palabra.</p>
<p></p>
<p>Le acabas de decir a Ulysses, en su propio «idioma de texto normal», que este fragmento debe tener énfasis. Ahora Ulysses lo sabe, y ya no lo olvidará. De este modo, cuando exportas por ejemplo a PDF, Ulysses convertirá este párrafo con énfasis a algo que un PDF comprenderá y podrá mostrar; en este caso, formateará el fragmento como texto en cursiva.</p>
<p></p>
<p>Pruébalo:</p>
<p></p>
<p><tags><tag kind="unorderedList">- </tag></tags>Abre el panel de exportación (CMD-6).</p>
<p><tags><tag kind="unorderedList">- </tag></tags>Selecciona el icono de la pluma (Texto con formato).</p>
<p><tags><tag kind="unorderedList">- </tag></tags>Haz clic en el botón «Vista previa…».</p>
<p><tags><tag kind="unorderedList">- </tag></tags>La palabra «énfasis» aparecerá en cursiva.</p>
<p></p>
<p><tags><tag kind="heading2">## </tag></tags>Títulos como este tendrán el texto más grande</p>
<p></p>
<p>Si exportas a HTML, Ulysses convertirá el texto con énfasis incluyendo en una etiqueta <element kind="code" startTag="`">&lt;em&gt;</element> semánticamente correcta, y el título tendrá la etiqueta <element kind="code" startTag="`">&lt;h2&gt;</element>. </p>
<p></p>
<p>Y así con el resto de elementos.</p>
<p></p>
<p>La belleza de esto ya debería ser evidente: En lugar de preocuparte por el aspecto de tu escritura, puedes concentrarte en lo que quieres expresar. Puede que al principio esto te imponga un poco, pero créenos cuando te decimos que no debes asustarte.</p>
<p></p>
<p>Es algo totalmente genial.</p>
<p></p></string>
</sheet>