<sheet version="1">
<markup version="1" identifier="markdownxl" displayName="Markdown XL">
	<tag definition="heading1" pattern="#"></tag>
	<tag definition="heading2" pattern="##"></tag>
	<tag definition="heading3" pattern="###"></tag>
	<tag definition="heading4" pattern="####"></tag>
	<tag definition="heading5" pattern="#####"></tag>
	<tag definition="heading6" pattern="######"></tag>
	<tag definition="codeblock" pattern="''"></tag>
	<tag definition="comment" pattern="%%"></tag>
	<tag definition="divider" pattern="----"></tag>
	<tag definition="nativeblock" pattern="~~"></tag>
	<tag definition="blockquote" pattern=">"></tag>
	<tag definition="orderedList" pattern="\d."></tag>
	<tag definition="unorderedList" pattern="*"></tag>
	<tag definition="unorderedList" pattern="+"></tag>
	<tag definition="unorderedList" pattern="-"></tag>
	<tag definition="code" startPattern="`" endPattern="`"></tag>
	<tag definition="delete" startPattern="||" endPattern="||"></tag>
	<tag definition="emph" startPattern="*" endPattern="*"></tag>
	<tag definition="emph" startPattern="_" endPattern="_"></tag>
	<tag definition="inlineComment" startPattern="++" endPattern="++"></tag>
	<tag definition="inlineNative" startPattern="~" endPattern="~"></tag>
	<tag definition="mark" startPattern="::" endPattern="::"></tag>
	<tag definition="strong" startPattern="__" endPattern="__"></tag>
	<tag definition="strong" startPattern="**" endPattern="**"></tag>
	<tag definition="annotation" startPattern="{" endPattern="}"></tag>
	<tag definition="link" startPattern="[" endPattern="]"></tag>
	<tag definition="footnote" pattern="(fn)"></tag>
	<tag definition="image" pattern="(img)"></tag>
	<tag definition="video" pattern="(vid)"></tag>
</markup>
<string xml:space="preserve">
<p><tags><tag kind="heading3">### </tag></tags>Misc.</p>
<p><tags><tag kind="unorderedList">- </tag></tags>CMD-S will create a new version of the current sheet. Select “Browse All Versions…” from the File menu to see how often you invoked that command</p>
<p><tags><tag kind="unorderedList">- </tag></tags>CMD-J will glue together selected sheets (Join)</p>
<p><tags><tag>	</tag><tag kind="unorderedList">- </tag></tags>If only a single sheet is selected, it will be glued to the previous sheet</p>
<p><tags><tag>	</tag><tag kind="unorderedList">- </tag></tags>If there is no sheet above the currently selected sheet, nothing will happen, because nothing can</p>
<p><tags><tag kind="unorderedList">- </tag></tags>You can permanently merge sheets via the “Merge Sheets” command from the File menu</p>
<p><tags><tag kind="unorderedList">- </tag></tags>You can also split a sheet at the current cursor position by using the “Split at Selection” command from the Edit menu</p>
<p><tags><tag kind="unorderedList">- </tag></tags>You can have multiple windows open at the same time (CMD-ALT-N)</p>
<p><tags><tag kind="unorderedList">- </tag></tags>You can even have the same sheet visible in all open windows, which makes for some fancy show-off while editing, but it’s of not much use, to be honest</p>
<p><tags><tag kind="unorderedList">- </tag></tags>Double-clicking a sheet in the sidebar lets you jump to the location of your last edit</p>
<p></p></string>
</sheet>