<sheet version="1">
<markup version="1" identifier="markdownxl" displayName="Markdown XL">
	<tag definition="heading1" pattern="#"></tag>
	<tag definition="heading2" pattern="##"></tag>
	<tag definition="heading3" pattern="###"></tag>
	<tag definition="heading4" pattern="####"></tag>
	<tag definition="heading5" pattern="#####"></tag>
	<tag definition="heading6" pattern="######"></tag>
	<tag definition="codeblock" pattern="''"></tag>
	<tag definition="comment" pattern="%%"></tag>
	<tag definition="divider" pattern="----"></tag>
	<tag definition="nativeblock" pattern="~~"></tag>
	<tag definition="blockquote" pattern=">"></tag>
	<tag definition="orderedList" pattern="\d."></tag>
	<tag definition="unorderedList" pattern="*"></tag>
	<tag definition="unorderedList" pattern="+"></tag>
	<tag definition="unorderedList" pattern="-"></tag>
	<tag definition="code" startPattern="`" endPattern="`"></tag>
	<tag definition="delete" startPattern="||" endPattern="||"></tag>
	<tag definition="emph" startPattern="*" endPattern="*"></tag>
	<tag definition="emph" startPattern="_" endPattern="_"></tag>
	<tag definition="inlineComment" startPattern="++" endPattern="++"></tag>
	<tag definition="inlineNative" startPattern="~" endPattern="~"></tag>
	<tag definition="mark" startPattern="::" endPattern="::"></tag>
	<tag definition="strong" startPattern="__" endPattern="__"></tag>
	<tag definition="strong" startPattern="**" endPattern="**"></tag>
	<tag definition="annotation" startPattern="{" endPattern="}"></tag>
	<tag definition="link" startPattern="[" endPattern="]"></tag>
	<tag definition="footnote" pattern="(fn)"></tag>
	<tag definition="image" pattern="(img)"></tag>
	<tag definition="video" pattern="(vid)"></tag>
</markup>
<string xml:space="preserve">
<p><tags><tag kind="heading2">## </tag></tags>サイドバーグループとフィルタ</p>
<p></p>
<p>サイドバーの＋メニューからグループとフィルタを追加します。グループとフィルタを他のグループの中に入れることができます。サイドバーにあるグループを選択すると、そのコンテンツがシート列に表示されます。シートを選択すると、エディタに表示されます。</p>
<p></p>
<p>フィルタは特別な種類のグループです。フィルタは一旦設定されると、そのグループ内を検索し、その条件に一致するシートをすべて表示します。例えば、“素敵”というキーワードを持つシートのみを表示するようフィルタを設定します。何層ものグループに奥深く、例えば 6 層下に、入っていたとしても、フィルタはそのグループ内で一致するシートのみを表示します。</p>
<p></p>
<p>⌘ を押したままにすることで、複数のグループやフィルタを選択することもできるので、フィルタを組み合わせたコンテンツをシート列に表示することもできます。 </p>
<p></p></string>
</sheet>