<sheet version="1">
<markup version="1" identifier="markdownxl" displayName="Markdown XL">
	<tag definition="heading1" pattern="#"></tag>
	<tag definition="heading2" pattern="##"></tag>
	<tag definition="heading3" pattern="###"></tag>
	<tag definition="heading4" pattern="####"></tag>
	<tag definition="heading5" pattern="#####"></tag>
	<tag definition="heading6" pattern="######"></tag>
	<tag definition="codeblock" pattern="''"></tag>
	<tag definition="comment" pattern="%%"></tag>
	<tag definition="divider" pattern="----"></tag>
	<tag definition="nativeblock" pattern="~~"></tag>
	<tag definition="blockquote" pattern=">"></tag>
	<tag definition="orderedList" pattern="\d."></tag>
	<tag definition="unorderedList" pattern="*"></tag>
	<tag definition="unorderedList" pattern="+"></tag>
	<tag definition="unorderedList" pattern="-"></tag>
	<tag definition="code" startPattern="`" endPattern="`"></tag>
	<tag definition="delete" startPattern="||" endPattern="||"></tag>
	<tag definition="emph" startPattern="*" endPattern="*"></tag>
	<tag definition="emph" startPattern="_" endPattern="_"></tag>
	<tag definition="inlineComment" startPattern="++" endPattern="++"></tag>
	<tag definition="inlineNative" startPattern="~" endPattern="~"></tag>
	<tag definition="mark" startPattern="::" endPattern="::"></tag>
	<tag definition="strong" startPattern="__" endPattern="__"></tag>
	<tag definition="strong" startPattern="**" endPattern="**"></tag>
	<tag definition="annotation" startPattern="{" endPattern="}"></tag>
	<tag definition="link" startPattern="[" endPattern="]"></tag>
	<tag definition="footnote" pattern="(fn)"></tag>
	<tag definition="image" pattern="(img)"></tag>
	<tag definition="video" pattern="(vid)"></tag>
</markup>
<string xml:space="preserve">
<p><tags><tag kind="heading3">### </tag></tags>ナビゲーション、サイドバー</p>
<p><tags><tag kind="unorderedList">- </tag></tags>グループの右矢印をクリックすると、グループを開きます</p>
<p><tags><tag kind="unorderedList">- </tag></tags>スタックの右矢印をクリックすると、操作対象をシート列に移動します</p>
<p></p>
<p><tags><tag kind="heading3">### </tag></tags>ナビゲーション、シート列</p>
<p><tags><tag kind="unorderedList">- </tag></tags>右矢印を押すと、操作対象を編集に移動します（挿入位置は最後に編集していた位置に置かれます）</p>
<p><tags><tag kind="unorderedList">- </tag></tags>左矢印は操作対象をサイドバーに移動します</p>
<p></p>
<p><tags><tag kind="heading3">### </tag></tags>ナビゲーション、エディタ</p>
<p><tags><tag kind="unorderedList">- </tag></tags>シートの最初で：</p>
<p><tags><tag>	</tag><tag kind="unorderedList">- </tag></tags>上向き矢印をダブルタップすると、1 枚上のシートに移動します</p>
<p><tags><tag kind="unorderedList">- </tag></tags>シートの最後で：</p>
<p><tags><tag>	</tag><tag kind="unorderedList">- </tag></tags>下向き矢印をダブルタップすると、1 枚下のシートに移動します</p>
<p><tags><tag kind="unorderedList">- </tag></tags>シートの中のどこでも：</p>
<p><tags><tag>	</tag><tag kind="unorderedList">- </tag></tags>⌘-ALT-上向き矢印で 1 枚前のシートに移動します</p>
<p><tags><tag>	</tag><tag kind="unorderedList">- </tag></tags>⌘-ALT-下向き矢印で次のシートに移動します </p>
<p><tags><tag kind="unorderedList">- </tag></tags>ダブルタップ ⌘-左矢印で操作対象をシート列に移動します</p>
<p></p>
<p><tags><tag kind="heading3">### </tag></tags>コピー＆サイドバーでの移動</p>
<p><tags><tag kind="unorderedList">- </tag></tags>デフォルト設定として、グループやシートを iCloud または“この Mac 内”から／にドラッグすると、必ず<element kind="emph" startTag="_">移動</element>します。つまり、コンテンツが新しい場所に転送されます</p>
<p><tags><tag kind="unorderedList">- </tag></tags>Daedalus や外部ソースから／にドラッグすると、必ず<element kind="emph" startTag="_">コピー</element>されます。つまり、コンテンツは両方の場所に存在します</p>
<p><tags><tag kind="unorderedList">- </tag></tags>ALT キーを押しながらドラッグすると、グループとシートを強制的に<element kind="emph" startTag="_">コピー</element>します</p>
<p><tags><tag kind="unorderedList">- </tag></tags>⌘を押しながらドラッグすると、グループとシートを強制的に<element kind="emph" startTag="_">移動</element>します</p>
<p></p>
<p><tags><tag kind="divider">---- </tag></tags></p>
<p></p>
<p><tags><tag kind="heading3">### </tag></tags>クイック書き出し</p>
<p><tags><tag kind="unorderedList">- </tag></tags>⌘-6：クイック書き出しを現在のエディタに表示</p>
<p><tags><tag kind="unorderedList">- </tag></tags>サイドバーのグループ、フィルタ、またはシートを右クリックして、“クイック書き出し…”を選択</p>
<p></p>
<p><tags><tag kind="heading3">### </tag></tags>標準テキストの書き出し</p>
<p><tags><tag kind="unorderedList">- </tag></tags>標準テキストと Markdown 出力</p>
<p><tags><tag>	</tag><tag kind="unorderedList">- </tag></tags>“標準テキスト”はすべてのタグ、コメント、注釈、イメージなどをはぎ取り、テキストのみを書き出します</p>
<p><tags><tag>	</tag><tag kind="unorderedList">- </tag></tags>“Markdown”は、すべてのタグを残し、テキストを Markdown シンタックスで書き出します</p>
<p></p>
<p><tags><tag kind="heading3">### </tag></tags>リッチテキスト書き出し</p>
<p><tags><tag kind="unorderedList">- </tag></tags>PDF、RTF、および Word 出力の中から選択します</p>
<p><tags><tag kind="unorderedList">- </tag></tags>書き出し中適用する書き出しスタイルを選択してください</p>
<p></p>
<p><tags><tag kind="heading3">### </tag></tags>HTML 書き出し</p>
<p><tags><tag kind="unorderedList">- </tag></tags>スニペットと単一ページ出力の中から選択します</p>
<p><tags><tag>	</tag><tag kind="unorderedList">- </tag></tags>“スニペット”は、すべてのタグを HTML に変換してからテキストを書き出します</p>
<p><tags><tag>	</tag><tag kind="unorderedList">- </tag></tags>“単一ページ”は、ヘッダ、本文、CSS リンクなどを含む完全な HTML 書類を作成します</p>
<p><tags><tag kind="unorderedList">- </tag></tags>書き出し中適用する書き出しスタイルを選択してください</p>
<p></p>
<p><tags><tag kind="heading3">### </tag></tags>ePub 書き出し</p>
<p><tags><tag kind="unorderedList">- </tag></tags>表紙イメージとして使用するイメージをドロップできます</p>
<p><tags><tag kind="unorderedList">- </tag></tags>タイトルと作成者のメタデータを設定できます</p>
<p><tags><tag kind="unorderedList">- </tag></tags>書き出し中適用する書き出しスタイルを選択してください</p>
<p></p>
<p><tags><tag kind="heading3">### </tag></tags>書き出しプレビュー</p>
<p><tags><tag kind="unorderedList">- </tag></tags>⌘-SHIFT-P：現在のサイドバー選択項目をプレビュー（グループも可）</p>
<p><tags><tag kind="unorderedList">- </tag></tags>⌘-R：開いているすべてのプレビューを更新</p>
<p><tags><tag kind="unorderedList">- </tag></tags>プレビューに使用する書き出しスタイルを選択してください</p>
<p><tags><tag kind="unorderedList">- </tag></tags>プレビューウインドウから直接書き出すことができます</p>
<p></p></string>
</sheet>