<sheet version="1">
<markup version="1" identifier="markdownxl" displayName="Markdown XL">
	<tag definition="heading1" pattern="#"/>
	<tag definition="heading2" pattern="##"/>
	<tag definition="heading3" pattern="###"/>
	<tag definition="heading4" pattern="####"/>
	<tag definition="heading5" pattern="#####"/>
	<tag definition="heading6" pattern="######"/>
	<tag definition="codeblock" pattern="''"/>
	<tag definition="comment" pattern="%%"/>
	<tag definition="divider" pattern="----"/>
	<tag definition="nativeblock" pattern="~~"/>
	<tag definition="blockquote" pattern=">"/>
	<tag definition="orderedList" pattern="\d."/>
	<tag definition="unorderedList" pattern="*"/>
	<tag definition="unorderedList" pattern="+"/>
	<tag definition="unorderedList" pattern="-"/>
	<tag definition="code" startPattern="`" endPattern="`"/>
	<tag definition="delete" startPattern="||" endPattern="||"/>
	<tag definition="emph" startPattern="*" endPattern="*"/>
	<tag definition="emph" startPattern="_" endPattern="_"/>
	<tag definition="inlineComment" startPattern="++" endPattern="++"/>
	<tag definition="inlineNative" startPattern="~" endPattern="~"/>
	<tag definition="mark" startPattern="::" endPattern="::"/>
	<tag definition="strong" startPattern="__" endPattern="__"/>
	<tag definition="strong" startPattern="**" endPattern="**"/>
	<tag definition="annotation" startPattern="{" endPattern="}"/>
	<tag definition="link" startPattern="[" endPattern="]"/>
	<tag definition="footnote" pattern="(fn)"/>
	<tag definition="image" pattern="(img)"/>
	<tag definition="video" pattern="(vid)"/>
</markup>
<string xml:space="preserve">
<p><tags><tag kind="heading3">### </tag></tags>Depuis la 1.0…</p>
<p><tags><tag kind="unorderedList">- </tag></tags>Il y a une nouvelle fonction de recherche dans la barre latérale via CMD-MAJ-F.</p>
<p><tags><tag kind="unorderedList">- </tag></tags>Il y a un nouveau panneau d’ouverture via CMD-O.</p>
<p><tags><tag kind="unorderedList">- </tag></tags>Il y a un nouvel aperçu d’exportation via CMD-MAJ-P.</p>
<p><tags><tag kind="unorderedList">- </tag></tags>Il y a une nouvelle sous-fenêtre « Styles » dans Préférences permettant d’ajouter des styles d’exportation personnalisés pour HTML, PDF, Word, RTF et ePub.</p>
<p><tags><tag kind="unorderedList">- </tag></tags>Il y a maintenant un exportateur ePub.</p>
<p><tags><tag kind="unorderedList">- </tag></tags>Il y a maintenant une fonction de suggestion de balise de fin ainsi qu’une fonction de prolongement automatique de liste via Édition › Substitutions.</p>
<p><tags><tag kind="unorderedList">- </tag></tags>Il y a maintenant une fonction de défilement machine à écrire via CMD-ALT-T.</p>
<p><tags><tag kind="unorderedList">- </tag></tags>Le menu principal a été optimisé ici et là. Ça peut être déroutant au début, mais à long terme, vous allez nous remercier…</p>
</string>
</sheet>