<sheet version="1">
<markup version="1" identifier="markdownxl" displayName="Markdown XL">
	<tag definition="heading1" pattern="#"></tag>
	<tag definition="heading2" pattern="##"></tag>
	<tag definition="heading3" pattern="###"></tag>
	<tag definition="heading4" pattern="####"></tag>
	<tag definition="heading5" pattern="#####"></tag>
	<tag definition="heading6" pattern="######"></tag>
	<tag definition="codeblock" pattern="''"></tag>
	<tag definition="comment" pattern="%%"></tag>
	<tag definition="divider" pattern="----"></tag>
	<tag definition="nativeblock" pattern="~~"></tag>
	<tag definition="blockquote" pattern=">"></tag>
	<tag definition="orderedList" pattern="\d."></tag>
	<tag definition="unorderedList" pattern="*"></tag>
	<tag definition="unorderedList" pattern="+"></tag>
	<tag definition="unorderedList" pattern="-"></tag>
	<tag definition="code" startPattern="`" endPattern="`"></tag>
	<tag definition="delete" startPattern="||" endPattern="||"></tag>
	<tag definition="emph" startPattern="*" endPattern="*"></tag>
	<tag definition="emph" startPattern="_" endPattern="_"></tag>
	<tag definition="inlineComment" startPattern="++" endPattern="++"></tag>
	<tag definition="inlineNative" startPattern="~" endPattern="~"></tag>
	<tag definition="mark" startPattern="::" endPattern="::"></tag>
	<tag definition="strong" startPattern="__" endPattern="__"></tag>
	<tag definition="strong" startPattern="**" endPattern="**"></tag>
	<tag definition="annotation" startPattern="{" endPattern="}"></tag>
	<tag definition="link" startPattern="[" endPattern="]"></tag>
	<tag definition="footnote" pattern="(fn)"></tag>
	<tag definition="image" pattern="(img)"></tag>
	<tag definition="video" pattern="(vid)"></tag>
</markup>
<string xml:space="preserve">
<p><tags><tag kind="heading2">## </tag></tags>Ulysses 1.2 – la mise à jour demandes d'utilisateur</p>
<p></p>
<p>FONCTIONNALITÉS :</p>
<p><tags><tag kind="unorderedList">- </tag></tags>Division et fusion des feuilles.</p>
<p><tags><tag kind="unorderedList">- </tag></tags>Ajout d'objectifs dans les feuilles.</p>
<p><tags><tag kind="unorderedList">- </tag></tags>Édition de mots-clés dans la liste des feuilles.</p>
<p><tags><tag kind="unorderedList">- </tag></tags>Options d'affichage de l'objectif, de la date de modification et de mots-clés dans la liste des feuilles.</p>
<p><tags><tag kind="unorderedList">- </tag></tags>Tri des feuilles par date et premier(s) caractère(s).</p>
<p><tags><tag kind="unorderedList">- </tag></tags>Réglage du nombre de lignes d'aperçu à afficher dans la liste des feuilles.</p>
<p><tags><tag kind="unorderedList">- </tag></tags>Partage de styles et de thèmes sur Ulysses Style Exchange.</p>
<p><tags><tag kind="unorderedList">- </tag></tags>Création et modification des palettes de couleurs directement dans Ulysses.</p>
<p><tags><tag kind="unorderedList">- </tag></tags>Refonte de la section des thèmes de Préférences.</p>
<p></p>
<p>AMÉLIORATIONS :</p>
<p><tags><tag kind="unorderedList">- </tag></tags>Option d'ouverture rapide pour ouvrir un texte depuis le groupe sélectionné.</p>
<p><tags><tag kind="unorderedList">- </tag></tags>Attribution de mots-clés aux feuilles dans Sources externes comme tags Mavericks.</p>
<p><tags><tag kind="unorderedList">- </tag></tags>Barres latérales sombres activables indépendamment du mode plat.</p>
<p><tags><tag kind="unorderedList">- </tag></tags>Mise en surbrillance de ligne activable indépendamment de Défilement machine à écrire.</p>
<p><tags><tag kind="unorderedList">- </tag></tags>ATH Statistiques avec moyenne mots/phrase et nombre de feuilles.</p>
<p><tags><tag kind="unorderedList">- </tag></tags>Styles d'exportation avec aperçu.</p>
<p><tags><tag kind="unorderedList">- </tag></tags>Options de rejet des orphelines et veuves dans les feuilles de style d'Ulysses.</p>
<p><tags><tag kind="unorderedList">- </tag></tags>Amélioration des réglages d'impression.</p>
<p><tags><tag kind="unorderedList">- </tag></tags>Amélioration du traitement des erreurs pour les opérations sur fichier.</p>
<p><tags><tag kind="unorderedList">- </tag></tags>Glissement de fichiers .doc/.docx directement dans Ulysses.</p>
<p></p>
<p>CORRECTIONS DE BOGUES :</p>
<p><tags><tag kind="unorderedList">- </tag></tags>Correction d'un problème lié à la modification de la casse des noms de fichier dans Sources externes.</p>
<p><tags><tag kind="unorderedList">- </tag></tags>Correction d'un blocage lors de la reprise de modification d'un élément de style.</p>
<p><tags><tag kind="unorderedList">- </tag></tags>Correction d'un blocage lors de la suppression de texte à saisie composée (notamment japonais) dans les balises en ligne.</p>
<p><tags><tag kind="unorderedList">- </tag></tags>Amélioration de la stabilité de l'éditeur.</p>
</string>
</sheet>