<sheet version="1">
<markup version="1" identifier="markdownxl" displayName="Markdown XL">
	<tag definition="heading1" pattern="#"></tag>
	<tag definition="heading2" pattern="##"></tag>
	<tag definition="heading3" pattern="###"></tag>
	<tag definition="heading4" pattern="####"></tag>
	<tag definition="heading5" pattern="#####"></tag>
	<tag definition="heading6" pattern="######"></tag>
	<tag definition="codeblock" pattern="''"></tag>
	<tag definition="comment" pattern="%%"></tag>
	<tag definition="divider" pattern="----"></tag>
	<tag definition="nativeblock" pattern="~~"></tag>
	<tag definition="blockquote" pattern=">"></tag>
	<tag definition="orderedList" pattern="\d."></tag>
	<tag definition="unorderedList" pattern="*"></tag>
	<tag definition="unorderedList" pattern="+"></tag>
	<tag definition="unorderedList" pattern="-"></tag>
	<tag definition="code" startPattern="`" endPattern="`"></tag>
	<tag definition="delete" startPattern="||" endPattern="||"></tag>
	<tag definition="emph" startPattern="*" endPattern="*"></tag>
	<tag definition="emph" startPattern="_" endPattern="_"></tag>
	<tag definition="inlineComment" startPattern="++" endPattern="++"></tag>
	<tag definition="inlineNative" startPattern="~" endPattern="~"></tag>
	<tag definition="mark" startPattern="::" endPattern="::"></tag>
	<tag definition="strong" startPattern="__" endPattern="__"></tag>
	<tag definition="strong" startPattern="**" endPattern="**"></tag>
	<tag definition="annotation" startPattern="{" endPattern="}"></tag>
	<tag definition="link" startPattern="[" endPattern="]"></tag>
	<tag definition="footnote" pattern="(fn)"></tag>
	<tag definition="image" pattern="(img)"></tag>
	<tag definition="video" pattern="(vid)"></tag>
</markup>
<string xml:space="preserve">
<p><tags><tag kind="heading2">## </tag></tags>Editor: „Plain Text Enhanced“</p>
<p></p>
<p>Inzwischen sind Ihnen bestimmt diese ganzen „komischen Zeichen“ im Fließtext und vor den Überschriften aufgefallen. Vielleicht haben Sie sich auch über diese „<element kind="annotation"><attribute identifier="text"><string xml:space="preserve">
<p>Hier gibt es nichts zu sehen. Zu hören auch nicht, sieht man doch.</p>
</string></attribute>farbigen</element> Kästchen“ gewundert und fragen sich, was diese in einer angeblich formatierungsfreien Einführung zu suchen haben.</p>
<p></p>
<p>Womöglich wundern Sie sich auch, wie hübsch der Text formatiert ist, wie Überschriften positioniert, wie Aufzählungen eingezogen wurden, und wie das ganze ohne eine riesige Werkzeug- oder Formatierungsleiste möglich sein soll. Und schlußendlich, was das alles bedeutet und <element kind="emph" startTag="_">wozu das ganze gut ist</element>.</p>
<p></p>
<p><tags><tag kind="comment">%% </tag></tags>Sie sind Markup-Profi? Dann ab in die Kaffeepause!</p>
<p></p>
<p>Wir sind davon überzeugt, dass Autoren sich nicht mit Formatierungsarbeiten herumschlagen sollen. Auch wenn das ein Wunschtraum ist, so sollten jedenfalls die Formatierungsaufgaben nicht den Schreibfluss stören. Nennen Sie es, wie Sie wollen: Ablenkungsfrei, Zen-Modus, Semantik-Modus, Minimalismus, Neo-Retro, … Fakt ist, dass das Erstellen von Inhalten und das Präsentieren dieser voneinander getrennt werden sollten, da sie sich sonst nur gegenseitig stören. Oder zumindest sehr wahrscheinlich. Liegt jedenfalls in der Natur der Sache.</p>
<p></p>
<p>Ulysses setzt auf sogenannte „minimale Markups“, um Textpassagen eine bestimmte Bedeutung oder einen bestimmten Zweck zuzuweisen (Definitionen). Dabei wird der Text aber nicht formatiert. Die vollständige Liste aller verfügbaren Definitionen kann mit CMD-9 aufgerufen werden und ist immer für Sie da. Von Überschriften über Listen, Bilder bis hin zu Fußnoten:</p>
<p></p>
<p>Diese Funktion oder diesen Zweck können Sie den entsprechenden Textpassagen mittels einfach zu merkender Tastaturkürzel einfach zuweisen.</p>
<p></p>
<p><tags><tag kind="heading2">## </tag></tags>Sie brauchen einen Titel? Erstellen Sie einen Titel.</p>
<p></p>
<p><tags><tag kind="blockquote">&gt; </tag></tags>Sie zitieren?</p>
<p><tags><tag kind="blockquote">&gt; </tag></tags>Erstellen Sie ein Zitat.</p>
<p></p>
<p>Eine Fußnote gefällig? Legen Sie eine an.<element kind="footnote"><attribute identifier="text"><string xml:space="preserve">
<p>Tippen Sie (fn) ein, füllen Sie das Popover aus und drücken Sie CMD-Return. Ja, das war’s schon.</p>
<p></p></string></attribute></element> Dafür brauchen Sie die Maus gar nicht in die Hand zu nehmen. Tippen. Genügt.</p>
</string>
</sheet>