<sheet version="1">
<markup version="1" identifier="markdownxl" displayName="Markdown XL">
	<tag definition="heading1" pattern="#"></tag>
	<tag definition="heading2" pattern="##"></tag>
	<tag definition="heading3" pattern="###"></tag>
	<tag definition="heading4" pattern="####"></tag>
	<tag definition="heading5" pattern="#####"></tag>
	<tag definition="heading6" pattern="######"></tag>
	<tag definition="codeblock" pattern="''"></tag>
	<tag definition="comment" pattern="%%"></tag>
	<tag definition="divider" pattern="----"></tag>
	<tag definition="nativeblock" pattern="~~"></tag>
	<tag definition="blockquote" pattern=">"></tag>
	<tag definition="orderedList" pattern="\d."></tag>
	<tag definition="unorderedList" pattern="*"></tag>
	<tag definition="unorderedList" pattern="+"></tag>
	<tag definition="unorderedList" pattern="-"></tag>
	<tag definition="code" startPattern="`" endPattern="`"></tag>
	<tag definition="delete" startPattern="||" endPattern="||"></tag>
	<tag definition="emph" startPattern="*" endPattern="*"></tag>
	<tag definition="emph" startPattern="_" endPattern="_"></tag>
	<tag definition="inlineComment" startPattern="++" endPattern="++"></tag>
	<tag definition="inlineNative" startPattern="~" endPattern="~"></tag>
	<tag definition="mark" startPattern="::" endPattern="::"></tag>
	<tag definition="strong" startPattern="__" endPattern="__"></tag>
	<tag definition="strong" startPattern="**" endPattern="**"></tag>
	<tag definition="annotation" startPattern="{" endPattern="}"></tag>
	<tag definition="link" startPattern="[" endPattern="]"></tag>
	<tag definition="footnote" pattern="(fn)"></tag>
	<tag definition="image" pattern="(img)"></tag>
	<tag definition="video" pattern="(vid)"></tag>
</markup>
<string xml:space="preserve">
<p><tags><tag kind="heading3">### </tag></tags>スクリーンモード</p>
<p><tags><tag kind="unorderedList">- </tag></tags>⌘-ALT-P：ピュアモードを切り替え</p>
<p><tags><tag kind="unorderedList">- </tag></tags>⌘-ALT-L：ダークモードを切り替え</p>
<p><tags><tag kind="unorderedList">- </tag></tags>⌘-CTRL-F：フルスクリーンモードを切り替え</p>
<p></p>
<p><tags><tag kind="heading3">### </tag></tags>シート列のオプション</p>
<p><tags><tag kind="unorderedList">- </tag></tags>表示メニューはシート列を個人用に設定するオプションが数種含まれています。</p>
<p><tags><tag>	</tag><tag kind="unorderedList">- </tag></tags>“シートプレビュー”を 1 行から 6 行のどれかに設定します。</p>
<p><tags><tag>	</tag><tag kind="unorderedList">- </tag></tags>キーワードと目標をシートプレビューに含めます。</p>
<p><tags><tag>	</tag><tag kind="unorderedList">- </tag></tags>手動、日付、または最初の文字で並び替えてください。</p>
<p></p>
<p><tags><tag kind="heading3">### </tag></tags>エディタオプション</p>
<p><tags><tag kind="unorderedList">- </tag></tags>表示メニューにはエディタを個人用に設定するオプションも含まれています。</p>
<p><tags><tag kind="unorderedList">- </tag></tags>⌘-ALT-T：タイプライタースクロールを切り替え</p>
<p><tags><tag>	</tag><tag kind="unorderedList">- </tag></tags>これは画面上、中央、下のいずれかに配置できます。</p>
<p><tags><tag>	</tag><tag kind="unorderedList">- </tag></tags>また固定するかしないかも設定できます</p>
<p><tags><tag kind="unorderedList">- </tag></tags>現在選択している行をハイライトしておくことができます</p>
<p><tags><tag kind="unorderedList">- </tag></tags>段落番号の表示することも可能です</p>
<p></p>
<p><tags><tag kind="heading3">### </tag></tags>フォントサイズ</p>
<p><tags><tag kind="unorderedList">- </tag></tags>⌘-plus：フォントサイズを大きくする</p>
<p><tags><tag kind="unorderedList">- </tag></tags>⌘-minus：フォントサイズを小さくする</p>
<p><tags><tag kind="unorderedList">- </tag></tags>⌘-0：フォントサイズをデフォルト値に戻す</p>
<p></p></string>
</sheet>