<sheet version="1">
<markup version="1" identifier="markdownxl" displayName="Markdown XL">
	<tag definition="heading1" pattern="#"></tag>
	<tag definition="heading2" pattern="##"></tag>
	<tag definition="heading3" pattern="###"></tag>
	<tag definition="heading4" pattern="####"></tag>
	<tag definition="heading5" pattern="#####"></tag>
	<tag definition="heading6" pattern="######"></tag>
	<tag definition="codeblock" pattern="''"></tag>
	<tag definition="comment" pattern="%%"></tag>
	<tag definition="divider" pattern="----"></tag>
	<tag definition="nativeblock" pattern="~~"></tag>
	<tag definition="blockquote" pattern=">"></tag>
	<tag definition="orderedList" pattern="\d."></tag>
	<tag definition="unorderedList" pattern="*"></tag>
	<tag definition="unorderedList" pattern="+"></tag>
	<tag definition="unorderedList" pattern="-"></tag>
	<tag definition="code" startPattern="`" endPattern="`"></tag>
	<tag definition="delete" startPattern="||" endPattern="||"></tag>
	<tag definition="emph" startPattern="*" endPattern="*"></tag>
	<tag definition="emph" startPattern="_" endPattern="_"></tag>
	<tag definition="inlineComment" startPattern="++" endPattern="++"></tag>
	<tag definition="inlineNative" startPattern="~" endPattern="~"></tag>
	<tag definition="mark" startPattern="::" endPattern="::"></tag>
	<tag definition="strong" startPattern="__" endPattern="__"></tag>
	<tag definition="strong" startPattern="**" endPattern="**"></tag>
	<tag definition="annotation" startPattern="{" endPattern="}"></tag>
	<tag definition="link" startPattern="[" endPattern="]"></tag>
	<tag definition="footnote" pattern="(fn)"></tag>
	<tag definition="image" pattern="(img)"></tag>
	<tag definition="video" pattern="(vid)"></tag>
</markup>
<string xml:space="preserve">
<p><tags><tag kind="heading3">### </tag></tags>Exportation : styles</p>
<p></p>
<p>Dans la partie inférieure de ATH Exportation rapide, on trouve une option permettant de basculer entre les différents styles d'exportation. Chaque style propose un ensemble prédéfini de règles de conversion.</p>
<p></p>
<p>Par exemple :</p>
<p></p>
<p>Titres : Helvetica Neue, gras, 24 pt.</p>
<p>Corps de texte : Helvetica Neue, normal, 14 pt.</p>
<p>Emphase : Gras.</p>
<p>Images : Bordure, 1 pt, noir.</p>
<p>Commentaires : Supprimer.</p>
<p></p>
<p>Et ainsi de suite. </p>
<p></p>
<p>Ulysses comporte quelques styles intégrés pour chaque exportateur. Vous les trouverez tous dans Préférences &gt; Styles. Ici, vous pouvez désactiver les styles dont vous n'avez pas besoin, dupliquer des styles pour les modifier et même télécharger et partager de nouveaux styles via l'<element kind="link"><attribute identifier="URL">http://styles.ulyssesapp.com/</attribute><attribute identifier="title">« Ulysses Style Exchange »</attribute>Ulysses Style Exchange</element>. </p>
</string>
</sheet>