<sheet version="1">
<markup version="1" identifier="markdownxl" displayName="Markdown XL">
	<tag definition="heading1" pattern="#"></tag>
	<tag definition="heading2" pattern="##"></tag>
	<tag definition="heading3" pattern="###"></tag>
	<tag definition="heading4" pattern="####"></tag>
	<tag definition="heading5" pattern="#####"></tag>
	<tag definition="heading6" pattern="######"></tag>
	<tag definition="codeblock" pattern="''"></tag>
	<tag definition="comment" pattern="%%"></tag>
	<tag definition="divider" pattern="----"></tag>
	<tag definition="nativeblock" pattern="~~"></tag>
	<tag definition="blockquote" pattern=">"></tag>
	<tag definition="orderedList" pattern="\d."></tag>
	<tag definition="unorderedList" pattern="*"></tag>
	<tag definition="unorderedList" pattern="+"></tag>
	<tag definition="unorderedList" pattern="-"></tag>
	<tag definition="code" startPattern="`" endPattern="`"></tag>
	<tag definition="delete" startPattern="||" endPattern="||"></tag>
	<tag definition="emph" startPattern="*" endPattern="*"></tag>
	<tag definition="emph" startPattern="_" endPattern="_"></tag>
	<tag definition="inlineComment" startPattern="++" endPattern="++"></tag>
	<tag definition="inlineNative" startPattern="~" endPattern="~"></tag>
	<tag definition="mark" startPattern="::" endPattern="::"></tag>
	<tag definition="strong" startPattern="__" endPattern="__"></tag>
	<tag definition="strong" startPattern="**" endPattern="**"></tag>
	<tag definition="annotation" startPattern="{" endPattern="}"></tag>
	<tag definition="link" startPattern="[" endPattern="]"></tag>
	<tag definition="footnote" pattern="(fn)"></tag>
	<tag definition="image" pattern="(img)"></tag>
	<tag definition="video" pattern="(vid)"></tag>
</markup>
<string xml:space="preserve">
<p><tags><tag kind="heading2">## </tag></tags>Ventanas emergentes</p>
<p></p>
<p>Como has visto, la mayoría de las funciones avanzadas de Ulysses están escondidas en pequeñas ventanas emergentes. De este modo se mantienen invisibles hasta que realmente las necesitas. La mayoría de ventanas emergentes pueden moverse de su posición para convertirlas en paneles flotantes siempre visibles a modo de referencia rápida o para acceder a ellas directamente. Por cierto, van geniales para aprovecharlos con un segundo monitor.</p>
<p></p>
<p>Y aunque algunas ventanas emergentes solo están disponibles desde el editor, otras también están disponibles desde las barras laterales. Por ejemplo, puedes invocar la función de Exportación rápida desde el menú contextual de los grupos y los filtros. También puedes comprobar las estadísticas del mismo modo.</p>
<p></p>
<p>Truco avanzado: Exportación rápida, Favoritos y Navegación pueden usarse totalmente con el teclado. Si tienes ganas de hacer cosas de usuario avanzado, prueba esto…</p>
<p></p>
<p><tags><tag kind="heading3">### </tag></tags>Pulsa CMD-8</p>
<p><tags><tag kind="heading3">### </tag></tags>Usa las flechas arriba/abajo para moverte</p>
<p><tags><tag kind="heading3">### </tag></tags>Intenta seleccionar este título</p>
<p><tags><tag kind="heading3">### </tag></tags>No, este</p>
<p><tags><tag kind="heading3">### </tag></tags>¡¡ESTE DE AQUÍ!!</p>
<p></p></string>
</sheet>