<sheet version="1">
<markup version="1" identifier="markdownxl" displayName="Markdown XL">
	<tag definition="heading1" pattern="#"></tag>
	<tag definition="heading2" pattern="##"></tag>
	<tag definition="heading3" pattern="###"></tag>
	<tag definition="heading4" pattern="####"></tag>
	<tag definition="heading5" pattern="#####"></tag>
	<tag definition="heading6" pattern="######"></tag>
	<tag definition="codeblock" pattern="''"></tag>
	<tag definition="comment" pattern="%%"></tag>
	<tag definition="divider" pattern="----"></tag>
	<tag definition="nativeblock" pattern="~~"></tag>
	<tag definition="blockquote" pattern=">"></tag>
	<tag definition="orderedList" pattern="\d."></tag>
	<tag definition="unorderedList" pattern="*"></tag>
	<tag definition="unorderedList" pattern="+"></tag>
	<tag definition="unorderedList" pattern="-"></tag>
	<tag definition="code" startPattern="`" endPattern="`"></tag>
	<tag definition="delete" startPattern="||" endPattern="||"></tag>
	<tag definition="emph" startPattern="*" endPattern="*"></tag>
	<tag definition="emph" startPattern="_" endPattern="_"></tag>
	<tag definition="inlineComment" startPattern="++" endPattern="++"></tag>
	<tag definition="inlineNative" startPattern="~" endPattern="~"></tag>
	<tag definition="mark" startPattern="::" endPattern="::"></tag>
	<tag definition="strong" startPattern="__" endPattern="__"></tag>
	<tag definition="strong" startPattern="**" endPattern="**"></tag>
	<tag definition="annotation" startPattern="{" endPattern="}"></tag>
	<tag definition="link" startPattern="[" endPattern="]"></tag>
	<tag definition="footnote" pattern="(fn)"></tag>
	<tag definition="image" pattern="(img)"></tag>
	<tag definition="video" pattern="(vid)"></tag>
</markup>
<string xml:space="preserve">
<p><tags><tag kind="heading3">### </tag></tags>Schnellexport</p>
<p><tags><tag kind="unorderedList">- </tag></tags>CMD-6 zum Einblenden des Schnellexports (SECHSport) für den aktuellen Editor</p>
<p><tags><tag kind="unorderedList">- </tag></tags>Rechtsklick auf eine in der Seitenleiste befindliche Gruppe, einen Filter oder ein Blatt zeigt die Funktion „Schnellexport …“</p>
<p></p>
<p><tags><tag kind="heading3">### </tag></tags>Export als reiner Text</p>
<p><tags><tag kind="unorderedList">- </tag></tags>Auswahl zwischen reinem Text oder Markdown</p>
<p><tags><tag>	</tag><tag kind="unorderedList">- </tag></tags>„Reiner Text“ entfernt alle Tags, Kommentare, Anmerkungen, Bilder, usw. und exporiert ausschließlich den Text</p>
<p><tags><tag>	</tag><tag kind="unorderedList">- </tag></tags>„Markdown“ behält alle Tags bei (oder konvertiert diese) und exportiert den Text in Markdown-Syntax</p>
<p></p>
<p><tags><tag kind="heading3">### </tag></tags>Rich Text Export</p>
<p><tags><tag kind="unorderedList">- </tag></tags>Auswahl zwischen PDF, RTF und Word</p>
<p><tags><tag kind="unorderedList">- </tag></tags>Auswahl eines Export-Stils, der beim Exportieren angewendet wird</p>
<p></p>
<p><tags><tag kind="heading3">### </tag></tags>Export als HTML</p>
<p><tags><tag kind="unorderedList">- </tag></tags>Auswahl zwischen Snippet und Einzelseite</p>
<p><tags><tag>	</tag><tag kind="unorderedList">- </tag></tags>„Snippet“ konvertiert alle Tags zu HTML und exportiert dann den Text</p>
<p><tags><tag>	</tag><tag kind="unorderedList">- </tag></tags>„Einzelseite“ erstellt ein vollständiges HTML-Dokument, inklusive Header, Body, CSS-Links usw.</p>
<p><tags><tag kind="unorderedList">- </tag></tags>Auswahl eines Export-Stils, der beim Exportieren angewendet wird</p>
<p></p>
<p><tags><tag kind="heading3">### </tag></tags>Export als ePub</p>
<p><tags><tag kind="unorderedList">- </tag></tags>Per Drag &amp; Drop kann ein Bild eingefügt werden, dass als Umschlagbild für Ihr eBook verwendet wird</p>
<p><tags><tag kind="unorderedList">- </tag></tags>Festlegen von Autoren- und Titel-Namen (Metadaten)</p>
<p><tags><tag kind="unorderedList">- </tag></tags>Auswahl eines Export-Stils, der beim Exportieren angewendet wird</p>
<p></p>
<p><tags><tag kind="heading3">### </tag></tags>Exportvorschau</p>
<p><tags><tag kind="unorderedList">- </tag></tags>CMD-UMSCHALT-P zur Vorschau der aktuellen Seitenleisten-Auswahl (können Gruppen sein)</p>
<p><tags><tag kind="unorderedList">- </tag></tags>CMD-R zur Aktualisierung aller offenen Vorschauen</p>
<p><tags><tag kind="unorderedList">- </tag></tags>Auswahl eines Export-Stils, der für die Vorschau verwendet wird</p>
<p><tags><tag kind="unorderedList">- </tag></tags>Export direkt aus dem Vorschaufenster möglich</p>
</string>
</sheet>