<sheet version="1">
<markup version="1" identifier="markdownxl" displayName="Markdown XL">
	<tag definition="heading1" pattern="#"></tag>
	<tag definition="heading2" pattern="##"></tag>
	<tag definition="heading3" pattern="###"></tag>
	<tag definition="heading4" pattern="####"></tag>
	<tag definition="heading5" pattern="#####"></tag>
	<tag definition="heading6" pattern="######"></tag>
	<tag definition="codeblock" pattern="''"></tag>
	<tag definition="comment" pattern="%%"></tag>
	<tag definition="divider" pattern="----"></tag>
	<tag definition="nativeblock" pattern="~~"></tag>
	<tag definition="blockquote" pattern=">"></tag>
	<tag definition="orderedList" pattern="\d."></tag>
	<tag definition="unorderedList" pattern="*"></tag>
	<tag definition="unorderedList" pattern="+"></tag>
	<tag definition="unorderedList" pattern="-"></tag>
	<tag definition="code" startPattern="`" endPattern="`"></tag>
	<tag definition="delete" startPattern="||" endPattern="||"></tag>
	<tag definition="emph" startPattern="*" endPattern="*"></tag>
	<tag definition="emph" startPattern="_" endPattern="_"></tag>
	<tag definition="inlineComment" startPattern="++" endPattern="++"></tag>
	<tag definition="inlineNative" startPattern="~" endPattern="~"></tag>
	<tag definition="mark" startPattern="::" endPattern="::"></tag>
	<tag definition="strong" startPattern="__" endPattern="__"></tag>
	<tag definition="strong" startPattern="**" endPattern="**"></tag>
	<tag definition="annotation" startPattern="{" endPattern="}"></tag>
	<tag definition="link" startPattern="[" endPattern="]"></tag>
	<tag definition="footnote" pattern="(fn)"></tag>
	<tag definition="image" pattern="(img)"></tag>
	<tag definition="video" pattern="(vid)"></tag>
</markup>
<string xml:space="preserve">
<p><tags><tag kind="heading2">## </tag></tags>iCloud vs On My Mac</p>
<p></p>
<p>In “Overview”, it states:</p>
<p></p>
<p><tags><tag kind="blockquote">&gt; </tag></tags>if you have iCloud set up and enabled, Ulysses will store <element kind="strong" startTag="**">everything</element> on Apple’s super-modern mega-clusters</p>
<p></p>
<p>Well, we lied. It’s completely up to you where things get stored, and you can freely move your texts from the cloud to local storage only and vice versa.</p>
<p></p>
<p>As long as both options are enabled in preferences, that is:</p>
<p></p>
<p><element kind="image"><attribute identifier="image">4fd7a37dc72544aa8ad6ad2579652a02</attribute><attribute identifier="description">Sidebar Settings set the Sidebar</attribute></element> <element closed="no" kind="inlineComment" startTag="++"> &lt;- Simon says: double-click, don’t jump!</element></p>
<p></p>
<p>Obviously, everything stored in “On My Mac” will no longer be available on all the other Macs you own and use, but that’s not necessarily a bad thing, is it?</p>
</string>
</sheet>