<sheet version="1">
<markup version="1" identifier="markdownxl" displayName="Markdown XL">
	<tag definition="heading1" pattern="#"></tag>
	<tag definition="heading2" pattern="##"></tag>
	<tag definition="heading3" pattern="###"></tag>
	<tag definition="heading4" pattern="####"></tag>
	<tag definition="heading5" pattern="#####"></tag>
	<tag definition="heading6" pattern="######"></tag>
	<tag definition="codeblock" pattern="''"></tag>
	<tag definition="comment" pattern="%%"></tag>
	<tag definition="divider" pattern="----"></tag>
	<tag definition="nativeblock" pattern="~~"></tag>
	<tag definition="blockquote" pattern=">"></tag>
	<tag definition="orderedList" pattern="\d."></tag>
	<tag definition="unorderedList" pattern="*"></tag>
	<tag definition="unorderedList" pattern="+"></tag>
	<tag definition="unorderedList" pattern="-"></tag>
	<tag definition="code" startPattern="`" endPattern="`"></tag>
	<tag definition="delete" startPattern="||" endPattern="||"></tag>
	<tag definition="emph" startPattern="*" endPattern="*"></tag>
	<tag definition="emph" startPattern="_" endPattern="_"></tag>
	<tag definition="inlineComment" startPattern="++" endPattern="++"></tag>
	<tag definition="inlineNative" startPattern="~" endPattern="~"></tag>
	<tag definition="mark" startPattern="::" endPattern="::"></tag>
	<tag definition="strong" startPattern="__" endPattern="__"></tag>
	<tag definition="strong" startPattern="**" endPattern="**"></tag>
	<tag definition="annotation" startPattern="{" endPattern="}"></tag>
	<tag definition="link" startPattern="[" endPattern="]"></tag>
	<tag definition="footnote" pattern="(fn)"></tag>
	<tag definition="image" pattern="(img)"></tag>
	<tag definition="video" pattern="(vid)"></tag>
</markup>
<string xml:space="preserve">
<p><tags><tag kind="heading2">## </tag></tags>Ulysses 1.2 – The User Requests Update</p>
<p></p>
<p>FEATURES:</p>
<p><tags><tag kind="unorderedList">- </tag></tags>Added split &amp; merge for sheets.</p>
<p><tags><tag kind="unorderedList">- </tag></tags>Added goals to sheets and groups.</p>
<p><tags><tag kind="unorderedList">- </tag></tags>Added keyword editing to sheet list.</p>
<p><tags><tag kind="unorderedList">- </tag></tags>Added options to show goal, modification date and keywords in sheet list.</p>
<p><tags><tag kind="unorderedList">- </tag></tags>Sheets can now be sorted by date and first character(s).</p>
<p><tags><tag kind="unorderedList">- </tag></tags>Number of preview lines in sheet column is now adjustable.</p>
<p><tags><tag kind="unorderedList">- </tag></tags>Added sharing of styles and themes on Ulysses Style Exchange.</p>
<p><tags><tag kind="unorderedList">- </tag></tags>Color palettes can now be created and edited within Ulysses.</p>
<p><tags><tag kind="unorderedList">- </tag></tags>Reworked theme section of preferences.</p>
<p></p>
<p>ENHANCEMENTS:</p>
<p><tags><tag kind="unorderedList">- </tag></tags>Added a Quick Open option for opening from the currently selected group.</p>
<p><tags><tag kind="unorderedList">- </tag></tags>Keywords can now be added to sheets in External Sources as Mavericks tags.</p>
<p><tags><tag kind="unorderedList">- </tag></tags>Dark sidebars can now be enabled independently of Pure Mode.</p>
<p><tags><tag kind="unorderedList">- </tag></tags>Line highlight can now be enabled independently of Typewriter Scrolling.</p>
<p><tags><tag kind="unorderedList">- </tag></tags>Added average words/sentence and sheet count to Statistics HUD.</p>
<p><tags><tag kind="unorderedList">- </tag></tags>Added preview to export styles.</p>
<p><tags><tag kind="unorderedList">- </tag></tags>Added options for disallowing orphans and widows in Ulysses Style Sheets.</p>
<p><tags><tag kind="unorderedList">- </tag></tags>Improved print settings.</p>
<p><tags><tag kind="unorderedList">- </tag></tags>Improved error handling for file operations.</p>
<p><tags><tag kind="unorderedList">- </tag></tags>Allow dragging of doc/docx files directly into Ulysses.</p>
<p></p>
<p>BUGFIXES:</p>
<p><tags><tag kind="unorderedList">- </tag></tags>Fixed problem when changing case of file names in external sources.</p>
<p><tags><tag kind="unorderedList">- </tag></tags>Fixed a crash when resuming editing of a style item.</p>
<p><tags><tag kind="unorderedList">- </tag></tags>Fixed crash when deleting multi-stage input text in inline tags.</p>
<p><tags><tag kind="unorderedList">- </tag></tags>Improved editor stability.</p>
</string>
</sheet>