<sheet version="1">
<markup version="1" identifier="markdownxl" displayName="Markdown XL">
	<tag definition="heading1" pattern="#"></tag>
	<tag definition="heading2" pattern="##"></tag>
	<tag definition="heading3" pattern="###"></tag>
	<tag definition="heading4" pattern="####"></tag>
	<tag definition="heading5" pattern="#####"></tag>
	<tag definition="heading6" pattern="######"></tag>
	<tag definition="codeblock" pattern="''"></tag>
	<tag definition="comment" pattern="%%"></tag>
	<tag definition="divider" pattern="----"></tag>
	<tag definition="nativeblock" pattern="~~"></tag>
	<tag definition="blockquote" pattern=">"></tag>
	<tag definition="orderedList" pattern="\d."></tag>
	<tag definition="unorderedList" pattern="*"></tag>
	<tag definition="unorderedList" pattern="+"></tag>
	<tag definition="unorderedList" pattern="-"></tag>
	<tag definition="code" startPattern="`" endPattern="`"></tag>
	<tag definition="delete" startPattern="||" endPattern="||"></tag>
	<tag definition="emph" startPattern="*" endPattern="*"></tag>
	<tag definition="emph" startPattern="_" endPattern="_"></tag>
	<tag definition="inlineComment" startPattern="++" endPattern="++"></tag>
	<tag definition="inlineNative" startPattern="~" endPattern="~"></tag>
	<tag definition="mark" startPattern="::" endPattern="::"></tag>
	<tag definition="strong" startPattern="__" endPattern="__"></tag>
	<tag definition="strong" startPattern="**" endPattern="**"></tag>
	<tag definition="annotation" startPattern="{" endPattern="}"></tag>
	<tag definition="link" startPattern="[" endPattern="]"></tag>
	<tag definition="footnote" pattern="(fn)"></tag>
	<tag definition="image" pattern="(img)"></tag>
	<tag definition="video" pattern="(vid)"></tag>
</markup>
<string xml:space="preserve">
<p><tags><tag kind="heading3">### </tag></tags>Funzioni di base</p>
<p><tags><tag kind="unorderedList">- </tag></tags>CMD+N per creare un nuovo foglio</p>
<p><tags><tag kind="unorderedList">- </tag></tags>CMD+SHIFT+N per creare un nuovo gruppo</p>
<p><tags><tag kind="unorderedList">- </tag></tags>CMD+CTRL+N per creare un nuovo filtro</p>
<p><tags><tag kind="unorderedList">- </tag></tags>Gli elementi vengono sempre creati in prossimità dell’elemento selezionato in quel momento</p>
<p><tags><tag kind="unorderedList">- </tag></tags>I fogli vengono creati sotto il foglio selezionato</p>
<p><tags><tag kind="unorderedList">- </tag></tags>I gruppi e i filtri vengono creati all’interno del gruppo selezionato </p>
<p><tags><tag kind="unorderedList">- </tag></tags>Se non è selezionato alcun elemento o se quello selezionato non accetta nuovo contenuto (Libreria › Tutto ciò che ti viene in mente), gli elementi verranno creati nella categoria superiore (per es. iCloud)</p>
<p><tags><tag kind="unorderedList">- </tag></tags>Clicca per selezionare</p>
<p><tags><tag kind="unorderedList">- </tag></tags>Doppio click per elaborare</p>
<p></p>
<p><tags><tag kind="heading3">### </tag></tags>Visore e viste</p>
<p><tags><tag kind="unorderedList">- </tag></tags>CMD+1 per aprire o chiudere le barre laterali</p>
<p><tags><tag kind="unorderedList">- </tag></tags>CMD-2 per attivare/disattivare un elenco di fogli</p>
<p><tags><tag kind="unorderedList">- </tag></tags>CMD+3 per aprire aprire o chiudere la vista solo editor</p>
<p><tags><tag kind="unorderedList">- </tag></tags>CMD+5 per mostrare i Preferiti</p>
<p><tags><tag kind="unorderedList">- </tag></tags>CMD+6 per mostrare Esportazione rapida</p>
<p><tags><tag kind="unorderedList">- </tag></tags>CMD+7 per mostrare le Statistiche</p>
<p><tags><tag kind="unorderedList">- </tag></tags>CMD+8 per mostrare il Navigatore</p>
<p><tags><tag kind="unorderedList">- </tag></tags>CMD-9 per mostrare la Barra Markup</p>
<p></p>
<p>Pannello Apertura rapida</p>
<p><tags><tag kind="unorderedList">- </tag></tags>CMD-O per cercare un foglio nella selezione corrente (iCloud, Sul mio Mac, ecc.)</p>
<p><tags><tag kind="unorderedList">- </tag></tags>CMD-SHIFT-O per cercare un foglio in tutta la libreria</p>
<p><tags><tag kind="unorderedList">- </tag></tags>CMD-ALT-O per cercare un foglio nel gruppo selezionato </p>
<p></p>
<p><tags><tag kind="heading3">### </tag></tags>Ricerca globale</p>
<p><tags><tag kind="unorderedList">- </tag></tags>CMD+SHIFT+F per mostrare il filtro fogli</p>
<p><tags><tag kind="unorderedList">- </tag></tags>ESC per ignorare il filtro fogli</p>
<p></p>
<p><tags><tag kind="heading3">### </tag></tags>Trova e sostituisci nell’editor</p>
<p><tags><tag kind="unorderedList">- </tag></tags>CMD+F per mostrare il panello Trova</p>
<p><tags><tag kind="unorderedList">- </tag></tags>ALT+CMD+F per mostrare il pannello Trova e sostituisci</p>
<p><tags><tag kind="unorderedList">- </tag></tags>ESC per chiudere il panello Trova/sostituisci</p>
<p></p>
<p><tags><tag kind="heading3">### </tag></tags>Incolla smart dall'editor</p>
<p><tags><tag kind="unorderedList">- </tag></tags>CMD-Shift-V per richiamare la funzione Incolla smart oppure</p>
<p><tags><tag kind="unorderedList">- </tag></tags>Tieni premuto CMD-V per richiamare la funzione Incolla smart</p>
<p><tags><tag>	</tag><tag kind="unorderedList">- </tag></tags>Le opzioni della funzione Incolla varieranno a seconda del contenuto degli appunti e del markup corrente</p>
<p><tags><tag>	</tag><tag kind="unorderedList">- </tag></tags>Freccia sinistra/destra per visualizzare le opzioni Incolla disponibili</p>
<p><tags><tag>	</tag><tag kind="unorderedList">- </tag></tags>INVIO per confermare e incollare</p>
<p></p></string>
</sheet>