<sheet version="1">
<markup version="1" identifier="markdownxl" displayName="Markdown XL">
	<tag definition="heading1" pattern="#"></tag>
	<tag definition="heading2" pattern="##"></tag>
	<tag definition="heading3" pattern="###"></tag>
	<tag definition="heading4" pattern="####"></tag>
	<tag definition="heading5" pattern="#####"></tag>
	<tag definition="heading6" pattern="######"></tag>
	<tag definition="codeblock" pattern="''"></tag>
	<tag definition="comment" pattern="%%"></tag>
	<tag definition="divider" pattern="----"></tag>
	<tag definition="nativeblock" pattern="~~"></tag>
	<tag definition="blockquote" pattern=">"></tag>
	<tag definition="orderedList" pattern="\d."></tag>
	<tag definition="unorderedList" pattern="*"></tag>
	<tag definition="unorderedList" pattern="+"></tag>
	<tag definition="unorderedList" pattern="-"></tag>
	<tag definition="code" startPattern="`" endPattern="`"></tag>
	<tag definition="delete" startPattern="||" endPattern="||"></tag>
	<tag definition="emph" startPattern="*" endPattern="*"></tag>
	<tag definition="emph" startPattern="_" endPattern="_"></tag>
	<tag definition="inlineComment" startPattern="++" endPattern="++"></tag>
	<tag definition="inlineNative" startPattern="~" endPattern="~"></tag>
	<tag definition="mark" startPattern="::" endPattern="::"></tag>
	<tag definition="strong" startPattern="__" endPattern="__"></tag>
	<tag definition="strong" startPattern="**" endPattern="**"></tag>
	<tag definition="annotation" startPattern="{" endPattern="}"></tag>
	<tag definition="link" startPattern="[" endPattern="]"></tag>
	<tag definition="footnote" pattern="(fn)"></tag>
	<tag definition="image" pattern="(img)"></tag>
	<tag definition="video" pattern="(vid)"></tag>
</markup>
<string xml:space="preserve">
<p><tags><tag kind="heading2">## </tag></tags>iCloud / En mi Mac</p>
<p></p>
<p>En la sección «Resumen», decíamos:</p>
<p></p>
<p><tags><tag kind="blockquote">&gt; </tag></tags>si tienes iCloud configurado y activo, Ulysses lo guardará <element kind="strong" startTag="**">todo</element> en los superservidores ultramodernos de Apple.</p>
<p></p>
<p>Bueno, era mentira. Tienes absoluta libertad para elegir dónde se guardarán las cosas, y puedes mover libremente tus textos desde la nube a tu almacenamiento local, y viceversa.</p>
<p></p>
<p>Siempre que las dos opciones estén activadas en las preferencias, por supuesto:</p>
<p></p>
<p><element kind="image"><attribute identifier="image">aae667e25cea4fc199935022e6574b1b</attribute><attribute identifier="URL">DraggedImage.png</attribute><attribute identifier="title"></attribute><attribute identifier="description">Ajustes de la barra lateral para dejarla a mi gusto</attribute></element> <element closed="no" kind="inlineComment" startTag="++"> &lt;- Simón dice: haz doble clic, pero no saltes.</element></p>
<p></p>
<p>Obviamente, todo lo que esté guardado dentro de «En mi Mac» ya no estará disponible en tus otros Mac, aunque esto no tiene por qué ser algo malo, ¿no?</p>
<p></p>
<p><tags><tag kind="heading2">## </tag></tags>Integración con Daedalus Touch</p>
<p></p>
<p>Si tienes Daedalus Touch para iOS (y, sinceramente, <element kind="link"><attribute identifier="URL">http://www.daedalusapp.com</attribute><attribute identifier="title">El editor de texto más atractivo del mundo. Solo para iOS.</attribute>deberías tenerlo</element>), ahora es un buen momento para activar iCloud en tus dispositivos. Hemos integrado Daedalus de forma nativa en la barra lateral de Ulysses, así que no tendrás que configurar ni vincular nada.</p>
<p></p>
<p>Las pilas de Daedalus aparecerán como grupos, y podrás usar la mayoría de las funciones avanzadas de Ulysses para continuar lo que empezaste a escribir mientras estabas de viaje. O en la cafetería. O la playa. La cama. El sofá. La torre Eiffel. El monte Everest. La estación espacial. El planeta Kepler-21b. A que mola.</p>
<p></p>
<p><tags><tag kind="heading2">## </tag></tags>Fuentes externas</p>
<p></p>
<p>Por último, pero no menos importante, puedes incluso importar y editar archivos .txt y .markdown de toda la vida, y hacer que Ulysses los mantenga guardados en tu disco (esto es, fuera de la biblioteca de Ulysses). Por ejemplo, puedes mandar a Ulysses a una carpeta en tu Dropbox, y hacer que sus contenidos funcionen como si fueran grupos y hojas normales.</p>
<p></p>
<p>Algunas prestaciones del editor quedarán limitadas (no podrás usar imágenes ni adjuntos), pero eso apenas importa teniendo en cuenta las alternativas. Si se nos permite decirlo.</p>
<p></p>
<p>Y eso… es… todo. Ya deberías saber suficiente para moverte por la app; en caso contrario, hemos fracasado miserablemente.</p>
<p></p>
<p>Pues bien, sin más preámbulos, ya te dejamos libre.</p>
<p>¡Que disfrutes!</p>
</string>
</sheet>