<sheet version="1">
<markup version="1" identifier="markdownxl" displayName="Markdown XL">
	<tag definition="heading1" pattern="#"></tag>
	<tag definition="heading2" pattern="##"></tag>
	<tag definition="heading3" pattern="###"></tag>
	<tag definition="heading4" pattern="####"></tag>
	<tag definition="heading5" pattern="#####"></tag>
	<tag definition="heading6" pattern="######"></tag>
	<tag definition="codeblock" pattern="''"></tag>
	<tag definition="comment" pattern="%%"></tag>
	<tag definition="divider" pattern="----"></tag>
	<tag definition="nativeblock" pattern="~~"></tag>
	<tag definition="blockquote" pattern=">"></tag>
	<tag definition="orderedList" pattern="\d."></tag>
	<tag definition="unorderedList" pattern="*"></tag>
	<tag definition="unorderedList" pattern="+"></tag>
	<tag definition="unorderedList" pattern="-"></tag>
	<tag definition="code" startPattern="`" endPattern="`"></tag>
	<tag definition="delete" startPattern="||" endPattern="||"></tag>
	<tag definition="emph" startPattern="*" endPattern="*"></tag>
	<tag definition="emph" startPattern="_" endPattern="_"></tag>
	<tag definition="inlineComment" startPattern="++" endPattern="++"></tag>
	<tag definition="inlineNative" startPattern="~" endPattern="~"></tag>
	<tag definition="mark" startPattern="::" endPattern="::"></tag>
	<tag definition="strong" startPattern="__" endPattern="__"></tag>
	<tag definition="strong" startPattern="**" endPattern="**"></tag>
	<tag definition="annotation" startPattern="{" endPattern="}"></tag>
	<tag definition="link" startPattern="[" endPattern="]"></tag>
	<tag definition="footnote" pattern="(fn)"></tag>
	<tag definition="image" pattern="(img)"></tag>
	<tag definition="video" pattern="(vid)"></tag>
</markup>
<string xml:space="preserve">
<p><tags><tag kind="heading2">## </tag></tags>Exportation : sémantique 360°</p>
<p></p>
<p>Maintenant la partie fun : Ulysses peut restituer vos écrits dans un tas de formats standards, tels que format texte, RTF, Word, HTML, ePub et même PDF. En fait, le <element kind="emph" startTag="_">contenu saisi en format texte</element> est traduit selon la définition du balisage minimal. Si vous commencez à avoir des maux de crâne, voici un exemple tout simple…</p>
<p></p>
<p>Admettons que vous souhaitez mettre l'emphase sur un certain passage. Sélectionnez le mot « emphase » (allez-y) et appuyez sur le raccourci clavier CMD-I. Notez les caractères supplémentaires autour du mot.</p>
<p></p>
<p>Vous venez d'indiquer à Ulysses, dans son propre « langage texte », que ce passage doit être un passage avec emphase. Ulysses va retenir cette information. Donc, lorsque vous exportez votre texte pour obtenir, disons, un PDF, Ulysses traduit ce passage avec emphase pour qu'un PDF puisse l'interpréter et l'afficher — dans le cas présent, le passage sera formaté en italique.</p>
<p></p>
<p>Essayez donc :</p>
<p></p>
<p><tags><tag kind="unorderedList">- </tag></tags>Ouvrez le panneau d'exportation (CMD-6).</p>
<p><tags><tag kind="unorderedList">- </tag></tags>Sélectionnez le crayon (Format texte enrichi).</p>
<p><tags><tag kind="unorderedList">- </tag></tags>Cliquez sur « Aperçu… ».</p>
<p><tags><tag kind="unorderedList">- </tag></tags>Le mot « emphase » devrait être en italique.</p>
<p></p>
<p><tags><tag kind="heading2">## </tag></tags>Les titres comme celui-ci sont formatés avec une plus grande taille de police.</p>
<p></p>
<p>Si vous exportez en HTML, Ulysses traduit le passage avec emphase en code sémantiquement correct <element kind="code" startTag="`">&lt;em&gt;</element> et le titre est balisé avec <element kind="code" startTag="`">&lt;h2&gt;</element>. </p>
<p></p>
<p>Et ainsi de suite.</p>
<p></p>
<p>L'intérêt de tout ceci devrait à présent être évident : au lieu de vous soucier de l'aspect du document de sortie, vous vous concentrez sur ce que votre contenu est supposé vouloir dire. Ça peut faire peur au début, mais faites-nous confiance, ça ne l'est pas.</p>
<p></p>
<p>C'est super !</p>
<p></p></string>
</sheet>