<sheet version="1">
<markup version="1" identifier="markdownxl" displayName="Markdown XL">
	<tag definition="heading1" pattern="#"></tag>
	<tag definition="heading2" pattern="##"></tag>
	<tag definition="heading3" pattern="###"></tag>
	<tag definition="heading4" pattern="####"></tag>
	<tag definition="heading5" pattern="#####"></tag>
	<tag definition="heading6" pattern="######"></tag>
	<tag definition="codeblock" pattern="''"></tag>
	<tag definition="comment" pattern="%%"></tag>
	<tag definition="divider" pattern="----"></tag>
	<tag definition="nativeblock" pattern="~~"></tag>
	<tag definition="blockquote" pattern=">"></tag>
	<tag definition="orderedList" pattern="\d."></tag>
	<tag definition="unorderedList" pattern="*"></tag>
	<tag definition="unorderedList" pattern="+"></tag>
	<tag definition="unorderedList" pattern="-"></tag>
	<tag definition="code" startPattern="`" endPattern="`"></tag>
	<tag definition="delete" startPattern="||" endPattern="||"></tag>
	<tag definition="emph" startPattern="*" endPattern="*"></tag>
	<tag definition="emph" startPattern="_" endPattern="_"></tag>
	<tag definition="inlineComment" startPattern="++" endPattern="++"></tag>
	<tag definition="inlineNative" startPattern="~" endPattern="~"></tag>
	<tag definition="mark" startPattern="::" endPattern="::"></tag>
	<tag definition="strong" startPattern="__" endPattern="__"></tag>
	<tag definition="strong" startPattern="**" endPattern="**"></tag>
	<tag definition="annotation" startPattern="{" endPattern="}"></tag>
	<tag definition="link" startPattern="[" endPattern="]"></tag>
	<tag definition="footnote" pattern="(fn)"></tag>
	<tag definition="image" pattern="(img)"></tag>
	<tag definition="video" pattern="(vid)"></tag>
</markup>
<string xml:space="preserve">
<p><tags><tag kind="heading3">### </tag></tags>Esportazione rapida</p>
<p><tags><tag kind="unorderedList">- </tag></tags>CMD+6 per mostrare Esportazione rapida (SIXport) per l'editor in uso</p>
<p><tags><tag kind="unorderedList">- </tag></tags>Puoi anche cliccare con il tasto destro su un gruppo, su un filtro o su un foglio nella barra laterale e selezionare "Esportazione rapida…"</p>
<p></p>
<p><tags><tag kind="heading3">### </tag></tags>Esportazione solo testo</p>
<p><tags><tag kind="unorderedList">- </tag></tags>Puoi scegliere tra un'esportazione come solo testo o Markdown</p>
<p><tags><tag>	</tag><tag kind="unorderedList">- </tag></tags>"Solo testo" eliminerà tutti i tag, commenti, annotazioni, immagini, ecc., ed esporterà solo il testo</p>
<p><tags><tag>	</tag><tag kind="unorderedList">- </tag></tags>"Markdown" manterrà (o convertirà) tutti i tag ed esporterà il testo nella sintassi Markdown</p>
<p></p>
<p><tags><tag kind="heading3">### </tag></tags>Esportazione Rich Text</p>
<p><tags><tag kind="unorderedList">- </tag></tags>Scegli tra esportazione in formato PDF, RTF e Word</p>
<p><tags><tag kind="unorderedList">- </tag></tags>Scegli uno stile da applicare durante l'esportazione</p>
<p></p>
<p><tags><tag kind="heading3">### </tag></tags>Esportazione HTML</p>
<p><tags><tag kind="unorderedList">- </tag></tags>Scegli tra esportazione Frammento e pagina singola</p>
<p><tags><tag>	</tag><tag kind="unorderedList">- </tag></tags>"Frammento" convertirà tutti i tag in HTML e esporterà il testo</p>
<p><tags><tag>	</tag><tag kind="unorderedList">- </tag></tags>"Pagina singola" creerà un documento HTML completo, inclusi header, body, collegamenti CSS, ecc.</p>
<p><tags><tag kind="unorderedList">- </tag></tags>Scegli uno stile da applicare durante l'esportazione</p>
<p></p>
<p>Esportazione in ePub</p>
<p><tags><tag kind="unorderedList">- </tag></tags>Puoi selezionare un'immagine da utilizzare come copertina del tuo ebook</p>
<p><tags><tag kind="unorderedList">- </tag></tags>Puoi impostare i meta dati titolo e autore</p>
<p><tags><tag kind="unorderedList">- </tag></tags>Scegli uno stile da applicare durante l'esportazione</p>
<p></p>
<p><tags><tag kind="heading3">### </tag></tags>Anteprima esportazione</p>
<p><tags><tag kind="unorderedList">- </tag></tags>CMD+SHIFT+P per visualizzare l’anteprima della selezione corrente nella barra laterale (anche gruppi)</p>
<p><tags><tag kind="unorderedList">- </tag></tags>CMD+R per aggiornare tutte le anteprime aperte</p>
<p><tags><tag kind="unorderedList">- </tag></tags>Scegli uno stile da applicare durante l'anteprima</p>
<p><tags><tag kind="unorderedList">- </tag></tags>Puoi esportare direttamente dalla finestra di anteprima</p>
<p></p></string>
</sheet>