<sheet version="1">
<markup version="1" identifier="markdownxl" displayName="Markdown XL">
	<tag definition="heading1" pattern="#"></tag>
	<tag definition="heading2" pattern="##"></tag>
	<tag definition="heading3" pattern="###"></tag>
	<tag definition="heading4" pattern="####"></tag>
	<tag definition="heading5" pattern="#####"></tag>
	<tag definition="heading6" pattern="######"></tag>
	<tag definition="codeblock" pattern="''"></tag>
	<tag definition="comment" pattern="%%"></tag>
	<tag definition="divider" pattern="----"></tag>
	<tag definition="nativeblock" pattern="~~"></tag>
	<tag definition="blockquote" pattern=">"></tag>
	<tag definition="orderedList" pattern="\d."></tag>
	<tag definition="unorderedList" pattern="*"></tag>
	<tag definition="unorderedList" pattern="+"></tag>
	<tag definition="unorderedList" pattern="-"></tag>
	<tag definition="code" startPattern="`" endPattern="`"></tag>
	<tag definition="delete" startPattern="||" endPattern="||"></tag>
	<tag definition="emph" startPattern="*" endPattern="*"></tag>
	<tag definition="emph" startPattern="_" endPattern="_"></tag>
	<tag definition="inlineComment" startPattern="++" endPattern="++"></tag>
	<tag definition="inlineNative" startPattern="~" endPattern="~"></tag>
	<tag definition="mark" startPattern="::" endPattern="::"></tag>
	<tag definition="strong" startPattern="__" endPattern="__"></tag>
	<tag definition="strong" startPattern="**" endPattern="**"></tag>
	<tag definition="annotation" startPattern="{" endPattern="}"></tag>
	<tag definition="link" startPattern="[" endPattern="]"></tag>
	<tag definition="footnote" pattern="(fn)"></tag>
	<tag definition="image" pattern="(img)"></tag>
	<tag definition="video" pattern="(vid)"></tag>
</markup>
<string xml:space="preserve">
<p><tags><tag kind="heading3">### </tag></tags>Exportación: Estilos</p>
<p></p>
<p>En la parte inferior del panel flotante de Exportación rápida hay una opción para elegir entre varios estilos de exportación. Cada estilo ofrece un conjunto predefinido de normas de conversión.</p>
<p></p>
<p>Por ejemplo:</p>
<p></p>
<p>Títulos: Helvetica Neue, negrita, 24 pt.</p>
<p>Texto de párrafo: Helvetica Neue, normal, 14 pt.</p>
<p>Énfasis: Negrita.</p>
<p>Imágenes: Con contorno negro de 1 pt.</p>
<p>Comentarios: Eliminar.</p>
<p></p>
<p>Y así con el resto de elementos. </p>
<p></p>
<p>Ulysses incluye un par de estilos para cada exportador; puedes verlos todos en «Preferencias › Estilos». Aquí puedes desactivar estilos que no necesites, duplicar cualquiera de ellos apra editarlo, e incluso descargar y compartir estilos en el <element kind="link"><attribute identifier="URL">http://styles.ulyssesapp.com/</attribute><attribute identifier="title">Ulysses Style Exchange</attribute>Ulysses Style Exchange</element>.</p>
<p></p></string>
</sheet>