<sheet version="2">
<markup version="1" identifier="markdownxl" displayName="Markdown XL">
	<tag definition="heading1" pattern="#"></tag>
	<tag definition="heading2" pattern="##"></tag>
	<tag definition="heading3" pattern="###"></tag>
	<tag definition="heading4" pattern="####"></tag>
	<tag definition="heading5" pattern="#####"></tag>
	<tag definition="heading6" pattern="######"></tag>
	<tag definition="codeblock" pattern="''"></tag>
	<tag definition="comment" pattern="%%"></tag>
	<tag definition="divider" pattern="----"></tag>
	<tag definition="nativeblock" pattern="~~"></tag>
	<tag definition="blockquote" pattern=">"></tag>
	<tag definition="orderedList" pattern="\d."></tag>
	<tag definition="unorderedList" pattern="*"></tag>
	<tag definition="unorderedList" pattern="+"></tag>
	<tag definition="unorderedList" pattern="-"></tag>
	<tag definition="code" startPattern="`" endPattern="`"></tag>
	<tag definition="delete" startPattern="||" endPattern="||"></tag>
	<tag definition="emph" startPattern="*" endPattern="*"></tag>
	<tag definition="emph" startPattern="_" endPattern="_"></tag>
	<tag definition="inlineComment" startPattern="++" endPattern="++"></tag>
	<tag definition="inlineNative" startPattern="~" endPattern="~"></tag>
	<tag definition="mark" startPattern="::" endPattern="::"></tag>
	<tag definition="strong" startPattern="__" endPattern="__"></tag>
	<tag definition="strong" startPattern="**" endPattern="**"></tag>
	<tag definition="annotation" startPattern="{" endPattern="}"></tag>
	<tag definition="link" startPattern="[" endPattern="]"></tag>
	<tag definition="footnote" pattern="(fn)"></tag>
	<tag definition="image" pattern="(img)"></tag>
	<tag definition="video" pattern="(vid)"></tag>
</markup>
<string xml:space="preserve">
<p><tags><tag kind="heading2">## </tag></tags>Allegati, note e commenti</p>
<p></p>
<p>Nella parte alta di ogni foglio si trova una barra chiamata “barra allegati”. Gli allegati ti consentono di posizionare qualsiasi tipo di contenuto accanto al tuo testo principale (che non è certo un testo qualsiasi): per es. immagini, note e parole chiave. Le parole chiave sono particolarmente interessanti perché puoi usarle per impostare filtri.</p>
<p></p>
<p>Le immagini e le note al testo possono essere allegate più di una volta, tutti gli allegati possono inoltre essere spostati in un punto qualsiasi dello schermo. All’interno delle note puoi anche ingrandire immagini, sfogliare PDF e usare la maggior parte dei markup.</p>
<p></p>
<p>Un altro modo per aggiungere note è tramite <element kind="annotation"><attribute identifier="text"><string xml:space="preserve">
<p>“Hai ucciso la mia annotazione.”</p>
<p>“No, io SONO la tua annotazione.”</p>
</string></attribute>annotazioni</element>. <element kind="inlineComment" startTag="++"> Fa’ doppio clic sull’annotazione, per favore. </element> I commenti possono anche comprendere interi paragrafi.</p>
<p></p>
<p><tags><tag kind="comment">%% </tag></tags>Comprendere. </p>
<p><tags><tag kind="comment">%% </tag></tags>Interi. </p>
<p><tags><tag kind="comment">%% </tag></tags>Paragrafi.</p>
<p></p></string>
<attachment type="note"><string xml:space="preserve">
<p>Oh, ti sei accorto di me! Non mi chiudere di nuovo, per favore. Era da così tanto tempo che qualcuno non mi leggeva. Staccami, ti prego Vorrei prendere ancora un po' d'aria.</p>
</string></attachment>
</sheet>