<sheet version="1">
<markup version="1" identifier="markdownxl" displayName="Markdown XL">
	<tag definition="heading1" pattern="#"></tag>
	<tag definition="heading2" pattern="##"></tag>
	<tag definition="heading3" pattern="###"></tag>
	<tag definition="heading4" pattern="####"></tag>
	<tag definition="heading5" pattern="#####"></tag>
	<tag definition="heading6" pattern="######"></tag>
	<tag definition="codeblock" pattern="''"></tag>
	<tag definition="comment" pattern="%%"></tag>
	<tag definition="divider" pattern="----"></tag>
	<tag definition="nativeblock" pattern="~~"></tag>
	<tag definition="blockquote" pattern=">"></tag>
	<tag definition="orderedList" pattern="\d."></tag>
	<tag definition="unorderedList" pattern="*"></tag>
	<tag definition="unorderedList" pattern="+"></tag>
	<tag definition="unorderedList" pattern="-"></tag>
	<tag definition="code" startPattern="`" endPattern="`"></tag>
	<tag definition="delete" startPattern="||" endPattern="||"></tag>
	<tag definition="emph" startPattern="*" endPattern="*"></tag>
	<tag definition="emph" startPattern="_" endPattern="_"></tag>
	<tag definition="inlineComment" startPattern="++" endPattern="++"></tag>
	<tag definition="inlineNative" startPattern="~" endPattern="~"></tag>
	<tag definition="mark" startPattern="::" endPattern="::"></tag>
	<tag definition="strong" startPattern="__" endPattern="__"></tag>
	<tag definition="strong" startPattern="**" endPattern="**"></tag>
	<tag definition="annotation" startPattern="{" endPattern="}"></tag>
	<tag definition="link" startPattern="[" endPattern="]"></tag>
	<tag definition="footnote" pattern="(fn)"></tag>
	<tag definition="image" pattern="(img)"></tag>
	<tag definition="video" pattern="(vid)"></tag>
</markup>
<string xml:space="preserve">
<p><tags><tag kind="heading2">## </tag></tags>Externe Quellen</p>
<p></p>
<p>Zu guter Letzt: Sie können auch normale .txt und .markdown Dateien importieren, bearbeiten und sie dabei an ihrem ursprünglichen Speicherort belassen (also außerhalb der Ulysses-Bibliothek). Sie können beispielsweise mit Ulysses auf einen Ordner in Ihrer Dropbox zugreifen und die Inhalte wie normale Gruppen und Blätter bearbeiten.</p>
<p></p>
<p>Einige der Editor-Funktionen werden zwar nur eingeschränkt funktionieren (keine Bilder, keine Anhänge), aber das sollte im Vergleich zu den Alternativen verschmerzbar sein – wenn man das einfach mal so sagen darf.</p>
<p></p>
<p>Und das ist nur die Kurzfassung. Jetzt wissen Sie genug, um sich in Ulysses zurechtzufinden – wenn nicht, dann haben wir wohl kläglich versagt.</p>
<p></p>
<p>So, genug geredet!</p>
<p>Viel Spaß und: Gutes Schreiben!</p>
</string>
</sheet>