<sheet version="1">
<markup version="1" identifier="markdownxl" displayName="Markdown XL">
	<tag definition="heading1" pattern="#"></tag>
	<tag definition="heading2" pattern="##"></tag>
	<tag definition="heading3" pattern="###"></tag>
	<tag definition="heading4" pattern="####"></tag>
	<tag definition="heading5" pattern="#####"></tag>
	<tag definition="heading6" pattern="######"></tag>
	<tag definition="codeblock" pattern="''"></tag>
	<tag definition="comment" pattern="%%"></tag>
	<tag definition="divider" pattern="----"></tag>
	<tag definition="nativeblock" pattern="~~"></tag>
	<tag definition="blockquote" pattern=">"></tag>
	<tag definition="orderedList" pattern="\d."></tag>
	<tag definition="unorderedList" pattern="*"></tag>
	<tag definition="unorderedList" pattern="+"></tag>
	<tag definition="unorderedList" pattern="-"></tag>
	<tag definition="code" startPattern="`" endPattern="`"></tag>
	<tag definition="delete" startPattern="||" endPattern="||"></tag>
	<tag definition="emph" startPattern="*" endPattern="*"></tag>
	<tag definition="emph" startPattern="_" endPattern="_"></tag>
	<tag definition="inlineComment" startPattern="++" endPattern="++"></tag>
	<tag definition="inlineNative" startPattern="~" endPattern="~"></tag>
	<tag definition="mark" startPattern="::" endPattern="::"></tag>
	<tag definition="strong" startPattern="__" endPattern="__"></tag>
	<tag definition="strong" startPattern="**" endPattern="**"></tag>
	<tag definition="annotation" startPattern="{" endPattern="}"></tag>
	<tag definition="link" startPattern="[" endPattern="]"></tag>
	<tag definition="footnote" pattern="(fn)"></tag>
	<tag definition="image" pattern="(img)"></tag>
	<tag definition="video" pattern="(vid)"></tag>
</markup>
<string xml:space="preserve">
<p><tags><tag kind="heading2">## </tag></tags>Éditeur : format texte amélioré</p>
<p></p>
<p>Vous avez certainement remarqué « tous ces étranges caractères » devant les titres et au sein du texte. Vous avez dû également repérer « ces bulles <element kind="annotation"><attribute identifier="text"><string xml:space="preserve">
<p>Rien à voir ici. Vous voyez ?</p>
</string></attribute>colorées</element> » et vous être demandé comment elles sont arrivées dans cette introduction sinon dépourvue de format.</p>
<p></p>
<p>Peut-être avez-vous admiré l'agréable présentation, le texte superbement composé, les titres désindentés et les listes indentées, et peut-être vous êtes-vous demandé comment tout cela est possible sans utiliser de chics palettes de formatage, règles et panneaux de caractères. Et, en fin de compte, ce que ça veut dire, à quoi ça sert et <element kind="emph" startTag="_">pourquoi s'y intéresser</element>.</p>
<p></p>
<p><tags><tag kind="comment">%% </tag></tags>Au fait, les pros du balisage peuvent sauter ce passage.</p>
<p></p>
<p>À notre avis, les rédacteurs ne doivent pas s'ennuyer avec la mise en page. Du moins, le travail de mise en page ne devrait jamais interférer avec le processus de rédaction en soi. Appelez ça comme vous voulez — sans distraction, zen, purement sémantique, mini minimal, néo rétro —, le fait est qu'il vaut mieux séparer la création de contenu de la présentation qui s'avère sinon perturbante. Éventuellement. À dessein (calembour, pardon).</p>
<p></p>
<p>Ulysses exploite un balisage dit minimal pour <element kind="emph" startTag="_">définir</element>, et non formater ou préparer, des passages de texte. La liste complète des définitions disponibles est accessible via CMD-9, et devrait satisfaire amplement à vos besoins. Titres, listes, images, notes de bas de page – attribuez simplement du sens à des passages de texte en saisissant des raccourcis faciles à mémoriser.</p>
<p></p>
<p><tags><tag kind="heading2">## </tag></tags>Besoin d'un titre ? Créez un titre.</p>
<p></p>
<p><tags><tag kind="blockquote">&gt; </tag></tags>Besoin d'une citation ?</p>
<p><tags><tag kind="blockquote">&gt; </tag></tags>Créez une citation.</p>
<p></p>
<p>Besoin d'une note de bas de page ? Créez-en une.<element kind="footnote"><attribute identifier="text"><string xml:space="preserve">
<p>Tapez (fn), saisissez un texte dans la fenêtre surgissante, appuyez sur CMD-Retour, continuez.</p>
<p></p></string></attribute></element> Pas besoin de chercher la souris, tapez, c'est tout. Just. Ta-pez</p>
<p></p></string>
</sheet>