<sheet version="1">
<markup version="1" identifier="markdownxl" displayName="Markdown XL">
	<tag definition="heading1" pattern="#"></tag>
	<tag definition="heading2" pattern="##"></tag>
	<tag definition="heading3" pattern="###"></tag>
	<tag definition="heading4" pattern="####"></tag>
	<tag definition="heading5" pattern="#####"></tag>
	<tag definition="heading6" pattern="######"></tag>
	<tag definition="codeblock" pattern="''"></tag>
	<tag definition="comment" pattern="%%"></tag>
	<tag definition="divider" pattern="----"></tag>
	<tag definition="nativeblock" pattern="~~"></tag>
	<tag definition="blockquote" pattern=">"></tag>
	<tag definition="orderedList" pattern="\d."></tag>
	<tag definition="unorderedList" pattern="*"></tag>
	<tag definition="unorderedList" pattern="+"></tag>
	<tag definition="unorderedList" pattern="-"></tag>
	<tag definition="code" startPattern="`" endPattern="`"></tag>
	<tag definition="delete" startPattern="||" endPattern="||"></tag>
	<tag definition="emph" startPattern="*" endPattern="*"></tag>
	<tag definition="emph" startPattern="_" endPattern="_"></tag>
	<tag definition="inlineComment" startPattern="++" endPattern="++"></tag>
	<tag definition="inlineNative" startPattern="~" endPattern="~"></tag>
	<tag definition="mark" startPattern="::" endPattern="::"></tag>
	<tag definition="strong" startPattern="__" endPattern="__"></tag>
	<tag definition="strong" startPattern="**" endPattern="**"></tag>
	<tag definition="annotation" startPattern="{" endPattern="}"></tag>
	<tag definition="link" startPattern="[" endPattern="]"></tag>
	<tag definition="footnote" pattern="(fn)"></tag>
	<tag definition="image" pattern="(img)"></tag>
	<tag definition="video" pattern="(vid)"></tag>
</markup>
<string xml:space="preserve">
<p><tags><tag kind="heading3">### </tag></tags>Liste</p>
<p><tags><tag kind="unorderedList">- </tag></tags>TAB per aumentare il rientro della lista</p>
<p><tags><tag kind="unorderedList">- </tag></tags>SHIFT+TAB per diminuire il rientro della lista</p>
<p><tags><tag kind="unorderedList">- </tag></tags>ALT+Enter per aggiungere automaticamente un altro elemento della lista</p>
<p></p>
<p><tags><tag kind="heading3">### </tag></tags>Elenchi smart</p>
<p><tags><tag kind="unorderedList">- </tag></tags>Se la funzione è abilitata, premendo Enter si creerà automaticamente un nuovo elemento dell’elenco</p>
<p><tags><tag kind="unorderedList">- </tag></tags>Puoi abilitare Elenchi smart tramite Composizione › Sostituzioni</p>
<p></p>
<p><tags><tag kind="heading3">### </tag></tags>Multimedia</p>
<p><tags><tag kind="unorderedList">- </tag></tags>Trascina immagini, video e pdf nella finestra dell’editor per creare un oggetto nel testo che contiene l’elemento trascinato</p>
<p></p>
<p><tags><tag kind="heading3">### </tag></tags>Oggetti</p>
<p><tags><tag kind="unorderedList">- </tag></tags>CMD+clic per selezionare</p>
<p><tags><tag kind="unorderedList">- </tag></tags>Doppio click per aprire la finestra pop-over</p>
<p></p>
<p><tags><tag kind="heading3">### </tag></tags>Finestra pop-over oggetti</p>
<p><tags><tag kind="unorderedList">- </tag></tags>CMD+Enter per chiudere e spostare avanti il punto d’inserimento</p>
<p><tags><tag kind="unorderedList">- </tag></tags>ESC per chiudere e mantenere la selezione</p>
<p><tags><tag kind="unorderedList">- </tag></tags>TAB per spostarsi nei campi d’inserimento</p>
<p><tags><tag kind="unorderedList">- </tag></tags>Trascina la finestra pop-over per staccarla e trasformarla in un visore sospeso</p>
<p></p></string>
</sheet>