<sheet version="1">
<markup version="1" identifier="markdownxl" displayName="Markdown XL">
	<tag definition="heading1" pattern="#"></tag>
	<tag definition="heading2" pattern="##"></tag>
	<tag definition="heading3" pattern="###"></tag>
	<tag definition="heading4" pattern="####"></tag>
	<tag definition="heading5" pattern="#####"></tag>
	<tag definition="heading6" pattern="######"></tag>
	<tag definition="codeblock" pattern="''"></tag>
	<tag definition="comment" pattern="%%"></tag>
	<tag definition="divider" pattern="----"></tag>
	<tag definition="nativeblock" pattern="~~"></tag>
	<tag definition="blockquote" pattern=">"></tag>
	<tag definition="orderedList" pattern="\d."></tag>
	<tag definition="unorderedList" pattern="*"></tag>
	<tag definition="unorderedList" pattern="+"></tag>
	<tag definition="unorderedList" pattern="-"></tag>
	<tag definition="code" startPattern="`" endPattern="`"></tag>
	<tag definition="delete" startPattern="||" endPattern="||"></tag>
	<tag definition="emph" startPattern="*" endPattern="*"></tag>
	<tag definition="emph" startPattern="_" endPattern="_"></tag>
	<tag definition="inlineComment" startPattern="++" endPattern="++"></tag>
	<tag definition="inlineNative" startPattern="~" endPattern="~"></tag>
	<tag definition="mark" startPattern="::" endPattern="::"></tag>
	<tag definition="strong" startPattern="__" endPattern="__"></tag>
	<tag definition="strong" startPattern="**" endPattern="**"></tag>
	<tag definition="annotation" startPattern="{" endPattern="}"></tag>
	<tag definition="link" startPattern="[" endPattern="]"></tag>
	<tag definition="footnote" pattern="(fn)"></tag>
	<tag definition="image" pattern="(img)"></tag>
	<tag definition="video" pattern="(vid)"></tag>
</markup>
<string xml:space="preserve">
<p><tags><tag kind="heading2">## </tag></tags>iCloud vs. Lokal</p>
<p></p>
<p>In „Übersicht“ hieß es:</p>
<p></p>
<p><tags><tag kind="blockquote">&gt; </tag></tags>Wenn Sie iCloud eingerichtet und aktiviert haben, wird Ulysses <element kind="strong" startTag="**">alles</element> auf Apples supermodernen Megaclustern ablegen.</p>
<p></p>
<p>Das war, nun ja, glatt gelogen. Sie bestimmen natürlich selbst, wo Inhalte gesichert werden und können Ihre Texte einfach aus der Cloud in ihren lokalen Speicher verschieben. Und umgekehrt, klar.</p>
<p></p>
<p>Das funktioniert, wenn die folgenden beiden Optionen in den Einstellungen aktiviert werden:</p>
<p></p>
<p><element kind="image"><attribute identifier="image">b1b8ccd8a02144af823bf2be80f0848e</attribute><attribute identifier="URL">DraggedImage.png</attribute><attribute identifier="title"></attribute><attribute identifier="description">Seitenleisten-Einstellungen stellen die Seitenleiste ein.</attribute></element> <element closed="no" kind="inlineComment" startTag="++"> &lt;- Simon sagt: Doppelklicken, nicht springen!</element></p>
<p></p>
<p>Logischerweise ist alles, was Sie aus der iCloud-Sektion nach „Lokal“ verschieben, anschließend nicht mehr von Ihren anderen Macs aus verfügbar. Aber das kann ja durchaus so gewollt sein.</p>
</string>
</sheet>