<sheet version="1">
<markup version="1" identifier="markdownxl" displayName="Markdown XL">
	<tag definition="heading1" pattern="#"></tag>
	<tag definition="heading2" pattern="##"></tag>
	<tag definition="heading3" pattern="###"></tag>
	<tag definition="heading4" pattern="####"></tag>
	<tag definition="heading5" pattern="#####"></tag>
	<tag definition="heading6" pattern="######"></tag>
	<tag definition="codeblock" pattern="''"></tag>
	<tag definition="comment" pattern="%%"></tag>
	<tag definition="divider" pattern="----"></tag>
	<tag definition="nativeblock" pattern="~~"></tag>
	<tag definition="blockquote" pattern=">"></tag>
	<tag definition="orderedList" pattern="\d."></tag>
	<tag definition="unorderedList" pattern="*"></tag>
	<tag definition="unorderedList" pattern="+"></tag>
	<tag definition="unorderedList" pattern="-"></tag>
	<tag definition="code" startPattern="`" endPattern="`"></tag>
	<tag definition="delete" startPattern="||" endPattern="||"></tag>
	<tag definition="emph" startPattern="*" endPattern="*"></tag>
	<tag definition="emph" startPattern="_" endPattern="_"></tag>
	<tag definition="inlineComment" startPattern="++" endPattern="++"></tag>
	<tag definition="inlineNative" startPattern="~" endPattern="~"></tag>
	<tag definition="mark" startPattern="::" endPattern="::"></tag>
	<tag definition="strong" startPattern="__" endPattern="__"></tag>
	<tag definition="strong" startPattern="**" endPattern="**"></tag>
	<tag definition="annotation" startPattern="{" endPattern="}"></tag>
	<tag definition="link" startPattern="[" endPattern="]"></tag>
	<tag definition="footnote" pattern="(fn)"></tag>
	<tag definition="image" pattern="(img)"></tag>
	<tag definition="video" pattern="(vid)"></tag>
</markup>
<string xml:space="preserve">
<p><tags><tag kind="heading2">## </tag></tags>エディタ：強化された標準テキスト</p>
<p></p>
<p>もう既にお気づきでしょうが、ヘッドラインの前やテキストの中に“奇妙な特殊文字”が含まれていますよね。またこれまでに“こんな <element kind="annotation"><attribute identifier="text"><string xml:space="preserve">
<p>見えない。聞こえもしないでしょ</p>
</string></attribute>色付きの</element> バブル文字に気がついていたでしょう。それで、こんなフォマーットにないはずのものがどうして侵入してきたかと不思議に思っていらっしゃったでしょう。</p>
<p></p>
<p>ファンシーなフォーマット用パレットやルーラやフォントパネルがないのに、すべてがどうして素敵に見えるか、なぜテキストが美しく設定されているか、どのようにリストがインデントされていて、ヘッドラインがインデント解除されているか、どうしてこんなことがすべて可能なのか、驚いていらっしゃるかもしれませんね。そう、最終的にはそれが Ulysses のすべてです。そのために作られたのです。<element kind="emph" startTag="_">ここに注目すべきなのです</element>。</p>
<p></p>
<p><tags><tag kind="comment">%%</tag></tags>ところで、マークアップのプロは、ここからしばらくスキップしていただいて結構ですよ。</p>
<p></p>
<p>ライターはレイアウトに翻弄させられるべきではない、と私たちは考えます。少なくとも、レイアウトは決して執筆中の思考の妨げとなるべきではありません。注意散漫防止、禅的、真のセマンティック、ミニなミニマル、ネオレトロ、等お好きに呼んでください。ただ確かなことは、コンテンツの作成がプレゼンテーションから分離されることがベストであり、そうでなければ、後者が前者の前に立ちはだかってしまうということです。遅かれ早かれね。そうデザインされています。</p>
<p></p>
<p>Ulysses は、<element kind="emph" startTag="_">定義する</element>ためにいわゆる最低限のマークアップを使用します。フォーマットやスタイル、テキストの一部ではなく。利用可能な定義の全リストは、⌘-9 からアクセスできます。そのリストですべてカバーされるでしょう。ヘッドラインからリストへ、イメージや脚注へ、覚え易いショートカットを入力することで、テキストの一説に意味を割り当てることができます。</p>
<p></p>
<p><tags><tag kind="heading2">## </tag></tags>タイトルが必要ですか？タイトルを作成してください。</p>
<p></p>
<p><tags><tag kind="blockquote">&gt; </tag></tags>引用が必要ですか？</p>
<p><tags><tag kind="blockquote">&gt; </tag></tags>引用を作成してください。</p>
<p></p>
<p>脚注が必要ですか？作成してください。<element kind="footnote"><attribute identifier="text"><string xml:space="preserve">
<p>（FN）とタイプして、ポップオーバーにテキストを挿入し、⌘-Return を押し、継続してください。</p>
<p></p></string></attribute></element>マウスに手を伸ばす必要はありません。タイプするだけです。タイプする。それだけ。</p>
<p></p></string>
</sheet>