<sheet version="1">
<markup version="1" identifier="markdownxl" displayName="Markdown XL">
	<tag definition="heading1" pattern="#"></tag>
	<tag definition="heading2" pattern="##"></tag>
	<tag definition="heading3" pattern="###"></tag>
	<tag definition="heading4" pattern="####"></tag>
	<tag definition="heading5" pattern="#####"></tag>
	<tag definition="heading6" pattern="######"></tag>
	<tag definition="codeblock" pattern="''"></tag>
	<tag definition="comment" pattern="%%"></tag>
	<tag definition="divider" pattern="----"></tag>
	<tag definition="nativeblock" pattern="~~"></tag>
	<tag definition="blockquote" pattern=">"></tag>
	<tag definition="orderedList" pattern="\d."></tag>
	<tag definition="unorderedList" pattern="*"></tag>
	<tag definition="unorderedList" pattern="+"></tag>
	<tag definition="unorderedList" pattern="-"></tag>
	<tag definition="code" startPattern="`" endPattern="`"></tag>
	<tag definition="delete" startPattern="||" endPattern="||"></tag>
	<tag definition="emph" startPattern="*" endPattern="*"></tag>
	<tag definition="emph" startPattern="_" endPattern="_"></tag>
	<tag definition="inlineComment" startPattern="++" endPattern="++"></tag>
	<tag definition="inlineNative" startPattern="~" endPattern="~"></tag>
	<tag definition="mark" startPattern="::" endPattern="::"></tag>
	<tag definition="strong" startPattern="__" endPattern="__"></tag>
	<tag definition="strong" startPattern="**" endPattern="**"></tag>
	<tag definition="annotation" startPattern="{" endPattern="}"></tag>
	<tag definition="link" startPattern="[" endPattern="]"></tag>
	<tag definition="footnote" pattern="(fn)"></tag>
	<tag definition="image" pattern="(img)"></tag>
	<tag definition="video" pattern="(vid)"></tag>
</markup>
<string xml:space="preserve">
<p><tags><tag kind="heading3">### </tag></tags>屏幕模式</p>
<p><tags><tag kind="unorderedList">- </tag></tags>CMD-ALT-P 切换纯模式</p>
<p><tags><tag kind="unorderedList">- </tag></tags>CMD-ALT-L 切换黑暗主题</p>
<p><tags><tag kind="unorderedList">- </tag></tags>CMD-CTRL-F 切换全屏模式</p>
<p></p>
<p><tags><tag kind="heading3">### </tag></tags>工作表列表选项</p>
<p><tags><tag kind="unorderedList">- </tag></tags>视图菜单有几个自定义工作表列表等选项：</p>
<p><tags><tag>	</tag><tag kind="unorderedList">- </tag></tags>将“工作表预览”设置为 1 行至 6 行之间的任意值</p>
<p><tags><tag>	</tag><tag kind="unorderedList">- </tag></tags>在工作表预览中包含关键词和目标</p>
<p><tags><tag>	</tag></tags>-按日期或首字符手动排序</p>
<p></p>
<p><tags><tag kind="heading3">### </tag></tags>编辑器选项</p>
<p><tags><tag kind="unorderedList">- </tag></tags>视图菜单还有几个自定义编辑器等选项：</p>
<p><tags><tag kind="unorderedList">- </tag></tags>CMD-ALT-T 切换打字机滚动</p>
<p><tags><tag>	</tag><tag kind="unorderedList">- </tag></tags>您可以将它设置在顶部、中心或底部</p>
<p><tags><tag>	</tag><tag kind="unorderedList">- </tag></tags>您还可以将它设置为固定或可变</p>
<p><tags><tag kind="unorderedList">- </tag></tags>您可以为当前所选行启用突出显示 </p>
<p><tags><tag kind="unorderedList">- </tag></tags>您可以启用显示段落号</p>
<p></p>
<p><tags><tag kind="heading3">### </tag></tags>字体大小</p>
<p><tags><tag kind="unorderedList">- </tag></tags>CMD-加号 增加字体大小</p>
<p><tags><tag kind="unorderedList">- </tag></tags>CMD-减号 减小字体大小</p>
<p><tags><tag kind="unorderedList">- </tag></tags>CMD-0 字体大小重置为默认值</p>
<p></p></string>
</sheet>