<sheet version="1">
<markup version="1" identifier="markdownxl" displayName="Markdown XL">
	<tag definition="heading1" pattern="#"></tag>
	<tag definition="heading2" pattern="##"></tag>
	<tag definition="heading3" pattern="###"></tag>
	<tag definition="heading4" pattern="####"></tag>
	<tag definition="heading5" pattern="#####"></tag>
	<tag definition="heading6" pattern="######"></tag>
	<tag definition="codeblock" pattern="''"></tag>
	<tag definition="comment" pattern="%%"></tag>
	<tag definition="divider" pattern="----"></tag>
	<tag definition="nativeblock" pattern="~~"></tag>
	<tag definition="blockquote" pattern=">"></tag>
	<tag definition="orderedList" pattern="\d."></tag>
	<tag definition="unorderedList" pattern="*"></tag>
	<tag definition="unorderedList" pattern="+"></tag>
	<tag definition="unorderedList" pattern="-"></tag>
	<tag definition="code" startPattern="`" endPattern="`"></tag>
	<tag definition="delete" startPattern="||" endPattern="||"></tag>
	<tag definition="emph" startPattern="*" endPattern="*"></tag>
	<tag definition="emph" startPattern="_" endPattern="_"></tag>
	<tag definition="inlineComment" startPattern="++" endPattern="++"></tag>
	<tag definition="inlineNative" startPattern="~" endPattern="~"></tag>
	<tag definition="mark" startPattern="::" endPattern="::"></tag>
	<tag definition="strong" startPattern="__" endPattern="__"></tag>
	<tag definition="strong" startPattern="**" endPattern="**"></tag>
	<tag definition="annotation" startPattern="{" endPattern="}"></tag>
	<tag definition="link" startPattern="[" endPattern="]"></tag>
	<tag definition="footnote" pattern="(fn)"></tag>
	<tag definition="image" pattern="(img)"></tag>
	<tag definition="video" pattern="(vid)"></tag>
</markup>
<string xml:space="preserve">
<p><tags><tag kind="heading2">## </tag></tags>Feuilles</p>
<p></p>
<p>Dans Ulysses, on écrit sur des feuilles. Les feuilles sont plus ou moins l'équivalent des documents classiques quoiqu'elles n'exigent ni « titre » ni « nom de fichier » ni quoi que soit de ce genre.</p>
<p></p>
<p>Utilisez CMD-N pour créer des feuilles.</p>
<p></p>
<p>Les feuilles peuvent contenir une quantité quelconque de texte, vous pouvez les déplacer et les trier comme vous voulez. Vous pouvez également sélectionner plusieurs feuilles et les coller les unes aux autres (CMD-J). Elles se comportent alors comme une seule feuille dans l'éditeur, ce qui est particulièrement cool si vous avez plein de petits morceaux plutôt qu'un mur monolithique de texte.</p>
<p></p>
<p>Vous pouvez aussi diviser la page en deux au point d'insertion (Édition &gt; Scinder à la sélection) et fusionner deux feuilles ou plus pour n'avoir plus qu'une seule feuille (Fichier &gt; Fusionner les feuilles).</p>
<p></p>
<p></p>
<p><tags><tag kind="heading3">### </tag></tags>Bonus en plus</p>
<p></p>
<p>Comme il est probable que plusieurs feuilles se suivent, nous avons imaginé que ce serait sympa de pouvoir naviguer facilement de l'une à l'autre — directement depuis l'éditeur. Il existe pour cela des raccourcis clavier (CMD-ALT-Flèche vers le haut/bas), mais si vous utilisez une Magic Mouse ou un trackpad, vous pouvez simplement faire défiler vers le haut ou le bas, et aussi « tirer pour changer ».</p>
<p></p>
<p>Vous devriez essayer ça maintenant, histoire d'attraper le coup. Seulement, pensez à revenir car nous sommes sur le point de nous attaquer aux trucs sympa.</p>
<p></p></string>
</sheet>