<sheet version="1">
<markup version="1" identifier="markdownxl" displayName="Markdown XL">
	<tag definition="heading1" pattern="#"/>
	<tag definition="heading2" pattern="##"/>
	<tag definition="heading3" pattern="###"/>
	<tag definition="heading4" pattern="####"/>
	<tag definition="heading5" pattern="#####"/>
	<tag definition="heading6" pattern="######"/>
	<tag definition="codeblock" pattern="''"/>
	<tag definition="comment" pattern="%%"/>
	<tag definition="divider" pattern="----"/>
	<tag definition="nativeblock" pattern="~~"/>
	<tag definition="blockquote" pattern=">"/>
	<tag definition="orderedList" pattern="\d."/>
	<tag definition="unorderedList" pattern="*"/>
	<tag definition="unorderedList" pattern="+"/>
	<tag definition="unorderedList" pattern="-"/>
	<tag definition="code" startPattern="`" endPattern="`"/>
	<tag definition="delete" startPattern="||" endPattern="||"/>
	<tag definition="emph" startPattern="*" endPattern="*"/>
	<tag definition="emph" startPattern="_" endPattern="_"/>
	<tag definition="inlineComment" startPattern="++" endPattern="++"/>
	<tag definition="inlineNative" startPattern="~" endPattern="~"/>
	<tag definition="mark" startPattern="::" endPattern="::"/>
	<tag definition="strong" startPattern="__" endPattern="__"/>
	<tag definition="strong" startPattern="**" endPattern="**"/>
	<tag definition="annotation" startPattern="{" endPattern="}"/>
	<tag definition="link" startPattern="[" endPattern="]"/>
	<tag definition="footnote" pattern="(fn)"/>
	<tag definition="image" pattern="(img)"/>
	<tag definition="video" pattern="(vid)"/>
</markup>
<string xml:space="preserve">
<p><tags><tag kind="heading2">## </tag></tags>Una breve nota sobre la versión 1.1</p>
<p></p>
<p>En los últimos dos meses, la reacción ante Ulysses III ha sido magnífica. Entre las críticas positivas aparecidas en los medios y el lugar destacado que hemos disfrutado en el Mac App Store, los comentarios de los usuarios han sido fabulosos, por decirlo suavemente.</p>
<p></p>
<p>Si eres uno de los primeros usuarios que compraron la app, queremos darte las gracias de todo corazón. Es un verdadero placer trabajar para un público tan fantástico. ¡Sois los mejores!</p>
<p></p>
<p>La versión que estás usando ahora mismo incluye muchas prestaciones solicitadas por nuestros usuarios. Son demasiadas para enumerarlas todas, pero por supuesto hemos añadido cosas como la búsqueda global, el desplazamiento de máquina de escribir, la finalización automática de listas y etiquetas y, por último, la posibilidad de crear tus propios estilos de exportación.</p>
<p></p>
<p>Para algunos, todo esto son cosas que debimos incluir en la versión 1.0, y quizá tengan razón. Pero nos encanta poder lanzar esta versión con prestaciones alucinantes y totalmente perfeccionadas; la versión 1.0 nos dio la libertad de refinar cada prestación sin apresurar nada. Esperamos que se note.</p>
<p></p>
<p>Seguiremos explorando los límites de la edición de texto, y no dejaremos de presumir de tener los mejores usuarios del universo conocido.</p>
<p></p>
<p>¡Muchas gracias y que disfrutes!</p>
<p></p>
<p>Marcus Fehn | The Soulmen</p>
<p>Septiembre de 2013</p>
</string>
</sheet>