<sheet version="1">
<markup version="1" identifier="markdownxl" displayName="Markdown XL">
	<tag definition="heading1" pattern="#"></tag>
	<tag definition="heading2" pattern="##"></tag>
	<tag definition="heading3" pattern="###"></tag>
	<tag definition="heading4" pattern="####"></tag>
	<tag definition="heading5" pattern="#####"></tag>
	<tag definition="heading6" pattern="######"></tag>
	<tag definition="codeblock" pattern="''"></tag>
	<tag definition="comment" pattern="%%"></tag>
	<tag definition="divider" pattern="----"></tag>
	<tag definition="nativeblock" pattern="~~"></tag>
	<tag definition="blockquote" pattern=">"></tag>
	<tag definition="orderedList" pattern="\d."></tag>
	<tag definition="unorderedList" pattern="*"></tag>
	<tag definition="unorderedList" pattern="+"></tag>
	<tag definition="unorderedList" pattern="-"></tag>
	<tag definition="code" startPattern="`" endPattern="`"></tag>
	<tag definition="delete" startPattern="||" endPattern="||"></tag>
	<tag definition="emph" startPattern="*" endPattern="*"></tag>
	<tag definition="emph" startPattern="_" endPattern="_"></tag>
	<tag definition="inlineComment" startPattern="++" endPattern="++"></tag>
	<tag definition="inlineNative" startPattern="~" endPattern="~"></tag>
	<tag definition="mark" startPattern="::" endPattern="::"></tag>
	<tag definition="strong" startPattern="__" endPattern="__"></tag>
	<tag definition="strong" startPattern="**" endPattern="**"></tag>
	<tag definition="annotation" startPattern="{" endPattern="}"></tag>
	<tag definition="link" startPattern="[" endPattern="]"></tag>
	<tag definition="footnote" pattern="(fn)"></tag>
	<tag definition="image" pattern="(img)"></tag>
	<tag definition="video" pattern="(vid)"></tag>
</markup>
<string xml:space="preserve">
<p><tags><tag kind="heading2">## </tag></tags>Ulysses 1.2 – la actualización en la que atendemos las peticiones de los usuarios</p>
<p></p>
<p>CARACTERÍSTICAS:</p>
<p><tags><tag kind="unorderedList">- </tag></tags>Hemos añadido opciones para dividir y combinar hojas.</p>
<p><tags><tag kind="unorderedList">- </tag></tags>Hemos añadido objetivos a las hojas.</p>
<p><tags><tag kind="unorderedList">- </tag></tags>Hemos añadido funciones de edición de palabras clave a la lista de hojas.</p>
<p><tags><tag kind="unorderedList">- </tag></tags>Nuevas opciones para mostrar el objetivo, la fecha de modificación y las palabras clave en la lista de hojas.</p>
<p><tags><tag kind="unorderedList">- </tag></tags>Ahora las hojas pueden ordenarse por fecha y por caracteres iniciales.</p>
<p><tags><tag kind="unorderedList">- </tag></tags>Se puede ajustar el número de líneas que se previsualizarán en la lista de hojas.</p>
<p><tags><tag kind="unorderedList">- </tag></tags>Hemos añadido opciones para compartir estilos y temas en Ulysses Style Exchange.</p>
<p><tags><tag kind="unorderedList">- </tag></tags>Ahora se pueden crear y editar paletas de color dentro de Ulysses.</p>
<p><tags><tag kind="unorderedList">- </tag></tags>Hemos reestructurado el apartado de los temas dentro de las Preferencias.</p>
<p></p>
<p>MEJORAS:</p>
<p><tags><tag kind="unorderedList">- </tag></tags>Hemos añadido una opción de Apertura rápida para abrir desde el grupo seleccionado actualmente.</p>
<p><tags><tag kind="unorderedList">- </tag></tags>Ahora se pueden añadir palabras clave a las hojas de las Fuentes externas como etiquetas de Mavericks.</p>
<p><tags><tag kind="unorderedList">- </tag></tags>Ahora se pueden activar las barras laterales oscuras independientemente del modo plano.</p>
<p><tags><tag kind="unorderedList">- </tag></tags>Se puede activar de forma independiente el resaltado de la línea actual con el Desplazamiento de máquina de escribir.</p>
<p><tags><tag kind="unorderedList">- </tag></tags>Hemos añadido el promedio de palabras/frase y el recuento de hojas al panel flotante de Estadísticas.</p>
<p><tags><tag kind="unorderedList">- </tag></tags>Los estilos de exportación ahora tienen una vista previa.</p>
<p><tags><tag kind="unorderedList">- </tag></tags>Hemos añadido a las hojas de estilo de Ulysses opciones para no permitir líneas huérfanas y viudas.</p>
<p><tags><tag kind="unorderedList">- </tag></tags>Mejoras en las opciones de impresión.</p>
<p><tags><tag kind="unorderedList">- </tag></tags>Mejor gestión de errores en las operaciones con archivos.</p>
<p><tags><tag kind="unorderedList">- </tag></tags>Ahora se pueden arrastrar archivos doc/docx directamente a Ulysses.</p>
<p></p>
<p>FALLOS SOLUCIONADOS:</p>
<p><tags><tag kind="unorderedList">- </tag></tags>Solucionado un problema al cambiar mayúsculas o minúsculas en los nombres de archivos de fuentes externas.</p>
<p><tags><tag kind="unorderedList">- </tag></tags>Solucionado un cierre forzoso al continuar la edición de un elemento de un estilo.</p>
<p><tags><tag kind="unorderedList">- </tag></tags>Solucionado un cierre forzoso  al eliminar texto en chino o japonés en las etiquetas en línea.</p>
<p><tags><tag kind="unorderedList">- </tag></tags>Mayor estabilidad del editor.</p>
</string>
</sheet>