<sheet version="1">
<markup version="1" identifier="markdownxl" displayName="Markdown XL">
	<tag definition="heading1" pattern="#"></tag>
	<tag definition="heading2" pattern="##"></tag>
	<tag definition="heading3" pattern="###"></tag>
	<tag definition="heading4" pattern="####"></tag>
	<tag definition="heading5" pattern="#####"></tag>
	<tag definition="heading6" pattern="######"></tag>
	<tag definition="codeblock" pattern="''"></tag>
	<tag definition="comment" pattern="%%"></tag>
	<tag definition="divider" pattern="----"></tag>
	<tag definition="nativeblock" pattern="~~"></tag>
	<tag definition="blockquote" pattern=">"></tag>
	<tag definition="orderedList" pattern="\d."></tag>
	<tag definition="unorderedList" pattern="*"></tag>
	<tag definition="unorderedList" pattern="+"></tag>
	<tag definition="unorderedList" pattern="-"></tag>
	<tag definition="code" startPattern="`" endPattern="`"></tag>
	<tag definition="delete" startPattern="||" endPattern="||"></tag>
	<tag definition="emph" startPattern="*" endPattern="*"></tag>
	<tag definition="emph" startPattern="_" endPattern="_"></tag>
	<tag definition="inlineComment" startPattern="++" endPattern="++"></tag>
	<tag definition="inlineNative" startPattern="~" endPattern="~"></tag>
	<tag definition="mark" startPattern="::" endPattern="::"></tag>
	<tag definition="strong" startPattern="__" endPattern="__"></tag>
	<tag definition="strong" startPattern="**" endPattern="**"></tag>
	<tag definition="annotation" startPattern="{" endPattern="}"></tag>
	<tag definition="link" startPattern="[" endPattern="]"></tag>
	<tag definition="footnote" pattern="(fn)"></tag>
	<tag definition="image" pattern="(img)"></tag>
	<tag definition="video" pattern="(vid)"></tag>
</markup>
<string xml:space="preserve">
<p><tags><tag kind="heading3">### </tag></tags>Opérations basiques</p>
<p><tags><tag kind="unorderedList">- </tag></tags>CMD-N pour créer une nouvelle feuille.</p>
<p><tags><tag kind="unorderedList">- </tag></tags>CMD-MAJ-N pour créer un nouveau groupe.</p>
<p><tags><tag kind="unorderedList">- </tag></tags>CMD-CTRL-N pour créer un nouveau filtre.</p>
<p><tags><tag kind="unorderedList">- </tag></tags>Les éléments sont systématiquement créés à proximité de la sélection active.</p>
<p><tags><tag kind="unorderedList">- </tag></tags>Les feuilles sont créées sous la feuille actuellement sélectionnée.</p>
<p><tags><tag kind="unorderedList">- </tag></tags>Les groupes et les filtres sont créés à l'intérieur du groupe actuellement sélectionné. </p>
<p><tags><tag kind="unorderedList">- </tag></tags>Faute de sélection, ou si la sélection n'accepte pas de nouveau contenu (Bibliothèque &gt; Ce qui vous passe par la tête), les éléments sont créés dans la catégorie tout en haut (iCloud, par exemple).</p>
<p><tags><tag kind="unorderedList">- </tag></tags>Clic pour sélectionner.</p>
<p><tags><tag kind="unorderedList">- </tag></tags>Double-clic pour modifier.</p>
<p></p>
<p><tags><tag kind="heading3">### </tag></tags>ATH et présentations</p>
<p><tags><tag kind="unorderedList">- </tag></tags>CMD-1 pour activer et désactiver les barres latérales.</p>
<p><tags><tag kind="unorderedList">- </tag></tags>CMD-2 pour activer et désactiver la liste des feuilles.</p>
<p><tags><tag kind="unorderedList">- </tag></tags>CMD-3 pour activer et désactiver la présentation Éditeur seulement.</p>
<p><tags><tag kind="unorderedList">- </tag></tags>CMD-5 pour afficher Favoris.</p>
<p><tags><tag kind="unorderedList">- </tag></tags>CMD-6 pour afficher Exportation rapide.</p>
<p><tags><tag kind="unorderedList">- </tag></tags>CMD-7 pour afficher Statistiques.</p>
<p><tags><tag kind="unorderedList">- </tag></tags>CMD-8 pour afficher Navigation.</p>
<p><tags><tag kind="unorderedList">- </tag></tags>CMD-9 pour afficher la barre de balisage.</p>
<p></p>
<p><tags><tag kind="heading3">### </tag></tags>Panneau d'ouverture rapide</p>
<p><tags><tag kind="unorderedList">- </tag></tags>CMD-O pour localiser une feuille dans la sélection active (iCloud, Sur mon Mac, etc.).</p>
<p><tags><tag kind="unorderedList">- </tag></tags>CMD-MAJ-O pour localiser une feuille dans l'ensemble de la bibliothèque.</p>
<p><tags><tag kind="unorderedList">- </tag></tags>CMD-ALT-O pour localiser une feuille dans le groupe sélectionné. </p>
<p></p>
<p><tags><tag kind="heading3">### </tag></tags>Recherche globale</p>
<p><tags><tag kind="unorderedList">- </tag></tags>CMD-MAJ-F pour afficher le filtre de la feuille.</p>
<p><tags><tag kind="unorderedList">- </tag></tags>ESC pour fermer le filtre de la feuille.</p>
<p></p>
<p><tags><tag kind="heading3">### </tag></tags>Rechercher et remplacer dans l'éditeur</p>
<p><tags><tag kind="unorderedList">- </tag></tags>CMD-F pour afficher le panneau Rechercher.</p>
<p><tags><tag kind="unorderedList">- </tag></tags>CMD-ALT-F pour afficher le panneau Rechercher et remplacer.</p>
<p><tags><tag kind="unorderedList">- </tag></tags>ESC pour fermer le panneau Rechercher et remplacer.</p>
<p></p>
<p><tags><tag kind="heading3">### </tag></tags>Coller intelligent dans l'éditeur</p>
<p><tags><tag kind="unorderedList">- </tag></tags>CMD-MAJ-V pour appeler le coller intelligent (solution n° 1).</p>
<p><tags><tag kind="unorderedList">- </tag></tags>CMD-V maintenu enfoncé pour appeler le coller intelligent (solution n° 2).</p>
<p><tags><tag>	</tag><tag kind="unorderedList">- </tag></tags>Les options de collage varient en fonction du contenu du presse-papiers et du balisage actuel.</p>
<p><tags><tag>	</tag><tag kind="unorderedList">- </tag></tags>Flèche gauche/droite pour visualiser les options de collage disponibles.</p>
<p><tags><tag>	</tag><tag kind="unorderedList">- </tag></tags>ENTRÉE pour confirmer et coller.</p>
</string>
</sheet>