<sheet version="1">
<markup version="1" identifier="markdownxl" displayName="Markdown XL">
	<tag definition="heading1" pattern="#"></tag>
	<tag definition="heading2" pattern="##"></tag>
	<tag definition="heading3" pattern="###"></tag>
	<tag definition="heading4" pattern="####"></tag>
	<tag definition="heading5" pattern="#####"></tag>
	<tag definition="heading6" pattern="######"></tag>
	<tag definition="codeblock" pattern="''"></tag>
	<tag definition="comment" pattern="%%"></tag>
	<tag definition="divider" pattern="----"></tag>
	<tag definition="nativeblock" pattern="~~"></tag>
	<tag definition="blockquote" pattern=">"></tag>
	<tag definition="orderedList" pattern="\d."></tag>
	<tag definition="unorderedList" pattern="*"></tag>
	<tag definition="unorderedList" pattern="+"></tag>
	<tag definition="unorderedList" pattern="-"></tag>
	<tag definition="code" startPattern="`" endPattern="`"></tag>
	<tag definition="delete" startPattern="||" endPattern="||"></tag>
	<tag definition="emph" startPattern="*" endPattern="*"></tag>
	<tag definition="emph" startPattern="_" endPattern="_"></tag>
	<tag definition="inlineComment" startPattern="++" endPattern="++"></tag>
	<tag definition="inlineNative" startPattern="~" endPattern="~"></tag>
	<tag definition="mark" startPattern="::" endPattern="::"></tag>
	<tag definition="strong" startPattern="__" endPattern="__"></tag>
	<tag definition="strong" startPattern="**" endPattern="**"></tag>
	<tag definition="annotation" startPattern="{" endPattern="}"></tag>
	<tag definition="link" startPattern="[" endPattern="]"></tag>
	<tag definition="footnote" pattern="(fn)"></tag>
	<tag definition="image" pattern="(img)"></tag>
	<tag definition="video" pattern="(vid)"></tag>
</markup>
<string xml:space="preserve">
<p></p>
<p><tags><tag kind="heading3">### </tag></tags>Ansichtsmodi</p>
<p><tags><tag kind="unorderedList">- </tag></tags>CMD-ALT-P zum Ein- und Ausschalten des flachen Modus</p>
<p><tags><tag kind="unorderedList">- </tag></tags>CMD-ALT-L zum Ein- und Ausschalten des dunklen Themes</p>
<p><tags><tag kind="unorderedList">- </tag></tags>CMD-CTRL-F zum Ein- und Ausschalten des Vollbildmodus</p>
<p></p>
<p><tags><tag kind="heading3">### </tag></tags>Optionen in der Blätterliste</p>
<p><tags><tag kind="unorderedList">- </tag></tags>Das Menü „Darstellung“ enthält mehrere Optionen zur individuellen Anpassung der Blätterliste:</p>
<p><tags><tag>	</tag><tag kind="unorderedList">- </tag></tags>Festlegen der „Blattvorschau“ auf einen Wert zwischen 1 und 6 Zeilen</p>
<p><tags><tag>	</tag><tag kind="unorderedList">- </tag></tags>Schlagworte und Ziele in Blattvorschau anzeigen<escape>\*</escape></p>
<p><tags><tag>	</tag><tag kind="unorderedList">- </tag></tags>Sortierung entweder manuell, nach Datum oder nach erstem / ersten Zeichen</p>
<p></p>
<p><tags><tag kind="heading3">### </tag></tags>Editor-Optionen</p>
<p><tags><tag kind="unorderedList">- </tag></tags>Das Menü „Darstellung“ enthält auch Optionen zur individuellen Anpassung des Editors:</p>
<p><tags><tag kind="unorderedList">- </tag></tags>CMD-ALT-T zum Ein- und Ausschalten des Schreibmaschinenscrollings</p>
<p><tags><tag>	</tag><tag kind="unorderedList">- </tag></tags>Einstellbar auf oben, Mitte, unten</p>
<p><tags><tag>	</tag><tag kind="unorderedList">- </tag></tags>Einstellbar auf fest oder variabel</p>
<p><tags><tag kind="unorderedList">- </tag></tags>Die ausgewählte Zeile kann hervorgehoben werden</p>
<p><tags><tag kind="unorderedList">- </tag></tags>Die Absatznummerierung kann aktiviert werden</p>
<p></p>
<p><tags><tag kind="heading3">### </tag></tags>Schriftgröße</p>
<p><tags><tag kind="unorderedList">- </tag></tags>CMD-Plus zum Vergrößern der Schrift</p>
<p><tags><tag kind="unorderedList">- </tag></tags>CMD-Minus zum Verkleinern der Schrift</p>
<p><tags><tag kind="unorderedList">- </tag></tags>CMD-0 zum Zurücksetzen der Schriftgröße auf Standardgröße</p>
</string>
</sheet>