<sheet version="1">
<markup version="1" identifier="markdownxl" displayName="Markdown XL">
	<tag definition="heading1" pattern="#"></tag>
	<tag definition="heading2" pattern="##"></tag>
	<tag definition="heading3" pattern="###"></tag>
	<tag definition="heading4" pattern="####"></tag>
	<tag definition="heading5" pattern="#####"></tag>
	<tag definition="heading6" pattern="######"></tag>
	<tag definition="codeblock" pattern="''"></tag>
	<tag definition="comment" pattern="%%"></tag>
	<tag definition="divider" pattern="----"></tag>
	<tag definition="nativeblock" pattern="~~"></tag>
	<tag definition="blockquote" pattern=">"></tag>
	<tag definition="orderedList" pattern="\d."></tag>
	<tag definition="unorderedList" pattern="*"></tag>
	<tag definition="unorderedList" pattern="+"></tag>
	<tag definition="unorderedList" pattern="-"></tag>
	<tag definition="code" startPattern="`" endPattern="`"></tag>
	<tag definition="delete" startPattern="||" endPattern="||"></tag>
	<tag definition="emph" startPattern="*" endPattern="*"></tag>
	<tag definition="emph" startPattern="_" endPattern="_"></tag>
	<tag definition="inlineComment" startPattern="++" endPattern="++"></tag>
	<tag definition="inlineNative" startPattern="~" endPattern="~"></tag>
	<tag definition="mark" startPattern="::" endPattern="::"></tag>
	<tag definition="strong" startPattern="__" endPattern="__"></tag>
	<tag definition="strong" startPattern="**" endPattern="**"></tag>
	<tag definition="annotation" startPattern="{" endPattern="}"></tag>
	<tag definition="link" startPattern="[" endPattern="]"></tag>
	<tag definition="footnote" pattern="(fn)"></tag>
	<tag definition="image" pattern="(img)"></tag>
	<tag definition="video" pattern="(vid)"></tag>
</markup>
<string xml:space="preserve">
<p><tags><tag kind="heading3">### </tag></tags>Basic Operation</p>
<p><tags><tag kind="unorderedList">- </tag></tags>CMD-N to create a new sheet</p>
<p><tags><tag kind="unorderedList">- </tag></tags>CMD-SHIFT-N to create a new group</p>
<p><tags><tag kind="unorderedList">- </tag></tags>CMD-CTRL-N to create a new filter</p>
<p><tags><tag kind="unorderedList">- </tag></tags>Items will always be created in vicinity to the current selection</p>
<p><tags><tag kind="unorderedList">- </tag></tags>Sheets will be created below the currently selected sheet</p>
<p><tags><tag kind="unorderedList">- </tag></tags>Groups and Filters will be created inside the currently selected Group </p>
<p><tags><tag kind="unorderedList">- </tag></tags>If there is no selection, or if the selection can’t accept new content (Library › All comes to mind), items will be created in the top-most category (e.g. iCloud)</p>
<p><tags><tag kind="unorderedList">- </tag></tags>Click to select</p>
<p><tags><tag kind="unorderedList">- </tag></tags>Double-click to edit</p>
<p></p>
<p><tags><tag kind="heading3">### </tag></tags>HUDs and Views</p>
<p><tags><tag kind="unorderedList">- </tag></tags>CMD-1 to toggle sidebars</p>
<p><tags><tag kind="unorderedList">- </tag></tags>CMD-2 to toggle sheet list</p>
<p><tags><tag kind="unorderedList">- </tag></tags>CMD-3 to toggle editor-only view</p>
<p><tags><tag kind="unorderedList">- </tag></tags>CMD-5 to show Favorites (FIVEorites)</p>
<p><tags><tag kind="unorderedList">- </tag></tags>CMD-6 to show Quick Export (SIXport)</p>
<p><tags><tag kind="unorderedList">- </tag></tags>CMD-7 to show Statistics</p>
<p><tags><tag kind="unorderedList">- </tag></tags>CMD-8 to show Navigator (NavigEIGHTor, get it?)</p>
<p><tags><tag kind="unorderedList">- </tag></tags>CMD-9 to show Markup Cheat Sheet</p>
<p></p>
<p><tags><tag kind="heading3">### </tag></tags>Quick Open Panel</p>
<p><tags><tag kind="unorderedList">- </tag></tags>CMD-O to look for a sheet in the current section (iCloud, On My Mac, etc.)</p>
<p><tags><tag kind="unorderedList">- </tag></tags>CMD-SHIFT-O to look for a sheet in the whole library</p>
<p><tags><tag kind="unorderedList">- </tag></tags>CMD-ALT-O to look for a sheet in the currently selected group </p>
<p></p>
<p><tags><tag kind="heading3">### </tag></tags>Global Search</p>
<p><tags><tag kind="unorderedList">- </tag></tags>CMD-SHIFT-F to show sheet filter</p>
<p><tags><tag kind="unorderedList">- </tag></tags>ESC to dismiss the sheet filter</p>
<p></p>
<p><tags><tag kind="heading3">### </tag></tags>Editor Find &amp; Replace</p>
<p><tags><tag kind="unorderedList">- </tag></tags>CMD-F to show Find panel</p>
<p><tags><tag kind="unorderedList">- </tag></tags>CMD-ALT-F to show Find &amp; Replace panel</p>
<p><tags><tag kind="unorderedList">- </tag></tags>ESC to close Find/Replace panel</p>
<p></p>
<p><tags><tag kind="heading3">### </tag></tags>Editor Smart Paste</p>
<p><tags><tag kind="unorderedList">- </tag></tags>CMD-Shift-V to invoke Smart Paste or</p>
<p><tags><tag kind="unorderedList">- </tag></tags>Hold CMD-V to invoke Smart Paste</p>
<p><tags><tag>	</tag><tag kind="unorderedList">- </tag></tags>Paste options will vary based on clipboard content and current Markup</p>
<p><tags><tag>	</tag><tag kind="unorderedList">- </tag></tags>Arrow left/right to preview available paste options</p>
<p><tags><tag>	</tag><tag kind="unorderedList">- </tag></tags>ENTER to confirm and paste </p>
<p></p>
<p></p></string>
</sheet>