<sheet version="1">
<markup version="1" identifier="markdownxl" displayName="Markdown XL">
	<tag definition="heading1" pattern="#"></tag>
	<tag definition="heading2" pattern="##"></tag>
	<tag definition="heading3" pattern="###"></tag>
	<tag definition="heading4" pattern="####"></tag>
	<tag definition="heading5" pattern="#####"></tag>
	<tag definition="heading6" pattern="######"></tag>
	<tag definition="codeblock" pattern="''"></tag>
	<tag definition="comment" pattern="%%"></tag>
	<tag definition="divider" pattern="----"></tag>
	<tag definition="nativeblock" pattern="~~"></tag>
	<tag definition="blockquote" pattern=">"></tag>
	<tag definition="orderedList" pattern="\d."></tag>
	<tag definition="unorderedList" pattern="*"></tag>
	<tag definition="unorderedList" pattern="+"></tag>
	<tag definition="unorderedList" pattern="-"></tag>
	<tag definition="code" startPattern="`" endPattern="`"></tag>
	<tag definition="delete" startPattern="||" endPattern="||"></tag>
	<tag definition="emph" startPattern="*" endPattern="*"></tag>
	<tag definition="emph" startPattern="_" endPattern="_"></tag>
	<tag definition="inlineComment" startPattern="++" endPattern="++"></tag>
	<tag definition="inlineNative" startPattern="~" endPattern="~"></tag>
	<tag definition="mark" startPattern="::" endPattern="::"></tag>
	<tag definition="strong" startPattern="__" endPattern="__"></tag>
	<tag definition="strong" startPattern="**" endPattern="**"></tag>
	<tag definition="annotation" startPattern="{" endPattern="}"></tag>
	<tag definition="link" startPattern="[" endPattern="]"></tag>
	<tag definition="footnote" pattern="(fn)"></tag>
	<tag definition="image" pattern="(img)"></tag>
	<tag definition="video" pattern="(vid)"></tag>
</markup>
<string xml:space="preserve">
<p><tags><tag kind="heading3">### </tag></tags>Export: Stile</p>
<p></p>
<p>Am unteren Rand des Schnellexport-Fensters befindet sich eine Option, mit der verschiedene Export-Stile ausgewählt werden können. Jeder Stil bietet ein vordefiniertes Set aus Übersetzungsregeln:</p>
<p></p>
<p>Ein Beispiel:</p>
<p></p>
<p><tags><tag>	</tag></tags>Überschriften: Helvetica Neue, fett, 24pt.</p>
<p><tags><tag>	</tag></tags>Haupttext: Helvetica Neue, normal, 14pt.</p>
<p><tags><tag>	</tag></tags>Betonung: Fett.</p>
<p><tags><tag>	</tag></tags>Bilder: Einfassen in Rahmen, 1pt, schwarz.</p>
<p><tags><tag>	</tag></tags>Kommentare: Entfernen.</p>
<p></p>
<p>Und so weiter. </p>
<p></p>
<p>Ulysses bringt schon ein paar Stile für jeden Exporter mit, die Sie sich alle unter „Einstellungen › Stile“ ansehen können. Wenn Sie gewisse Stile nicht benötigen, können Sie diese an dieser Stelle auch deaktivieren. Oder Stile sicherheitshalber duplizieren, bevor Sie diese verändern. Oder neue Stile übder die <element kind="link"><attribute identifier="URL">http://styles.ulyssesapp.com/</attribute><attribute identifier="title">Ulysses Style Exchange</attribute>Ulysses Style Exchange</element> herunterladen. Oder Ihre eigenen Kreationen anderen Benutzern dort bereitstellen. </p>
</string>
</sheet>