<sheet version="1">
<markup version="1" identifier="markdownxl" displayName="Markdown XL">
	<tag definition="heading1" pattern="#"></tag>
	<tag definition="heading2" pattern="##"></tag>
	<tag definition="heading3" pattern="###"></tag>
	<tag definition="heading4" pattern="####"></tag>
	<tag definition="heading5" pattern="#####"></tag>
	<tag definition="heading6" pattern="######"></tag>
	<tag definition="codeblock" pattern="''"></tag>
	<tag definition="comment" pattern="%%"></tag>
	<tag definition="divider" pattern="----"></tag>
	<tag definition="nativeblock" pattern="~~"></tag>
	<tag definition="blockquote" pattern=">"></tag>
	<tag definition="orderedList" pattern="\d."></tag>
	<tag definition="unorderedList" pattern="*"></tag>
	<tag definition="unorderedList" pattern="+"></tag>
	<tag definition="unorderedList" pattern="-"></tag>
	<tag definition="code" startPattern="`" endPattern="`"></tag>
	<tag definition="delete" startPattern="||" endPattern="||"></tag>
	<tag definition="emph" startPattern="*" endPattern="*"></tag>
	<tag definition="emph" startPattern="_" endPattern="_"></tag>
	<tag definition="inlineComment" startPattern="++" endPattern="++"></tag>
	<tag definition="inlineNative" startPattern="~" endPattern="~"></tag>
	<tag definition="mark" startPattern="::" endPattern="::"></tag>
	<tag definition="strong" startPattern="__" endPattern="__"></tag>
	<tag definition="strong" startPattern="**" endPattern="**"></tag>
	<tag definition="annotation" startPattern="{" endPattern="}"></tag>
	<tag definition="link" startPattern="[" endPattern="]"></tag>
	<tag definition="footnote" pattern="(fn)"></tag>
	<tag definition="image" pattern="(img)"></tag>
	<tag definition="video" pattern="(vid)"></tag>
</markup>
<string xml:space="preserve">
<p><tags><tag kind="heading3">### </tag></tags>Listas</p>
<p><tags><tag kind="unorderedList">- </tag></tags>TABULADOR para aumentar la sangría de las listas.</p>
<p><tags><tag kind="unorderedList">- </tag></tags>MAYÚSCULAS-TABULADOR para reducir la sangría de las listas.</p>
<p><tags><tag kind="unorderedList">- </tag></tags>ALT-Intro para añadir automáticamente otro elemento a la lista.</p>
<p></p>
<p><tags><tag kind="heading3">### </tag></tags>Listas inteligentes</p>
<p><tags><tag kind="unorderedList">- </tag></tags>Si la opción está activada, al pulsar Intro se añadirá automáticamente otro elemento a la lista, mientras que con ALT-Intro simplemente se creará un nuevo párrafo.</p>
<p><tags><tag kind="unorderedList">- </tag></tags>Puedes activar las Etiquetas inteligentes en Edición › Sustituciones.</p>
<p></p>
<p><tags><tag kind="heading3">### </tag></tags>Contenido multimedia</p>
<p><tags><tag kind="unorderedList">- </tag></tags>Arrastra una imagen, vídeo o archivo PDF al editor para crear un objeto de texto que lo contendrá.</p>
<p></p>
<p><tags><tag kind="heading3">### </tag></tags>Objetos de texto</p>
<p><tags><tag kind="unorderedList">- </tag></tags>CMD-clic para seleccionar.</p>
<p><tags><tag kind="unorderedList">- </tag></tags>Doble clic para abrir la ventana emergente.</p>
<p></p>
<p><tags><tag kind="heading3">### </tag></tags>Ventanas emergentes de objetos de texto</p>
<p><tags><tag kind="unorderedList">- </tag></tags>CMD-Intro para cerrar y avanzar el punto de inserción.</p>
<p><tags><tag kind="unorderedList">- </tag></tags>ESC para cerrar y mantener el objeto seleccionado.</p>
<p><tags><tag kind="unorderedList">- </tag></tags>TABULADOR para moverse por los campos de entrada.</p>
<p><tags><tag kind="unorderedList">- </tag></tags>Arrastra la ventana emergente para separarla y convertirla en un panel flotante.</p>
<p></p></string>
</sheet>