<sheet version="1">
<markup version="1" identifier="markdownxl" displayName="Markdown XL">
	<tag definition="heading1" pattern="#"></tag>
	<tag definition="heading2" pattern="##"></tag>
	<tag definition="heading3" pattern="###"></tag>
	<tag definition="heading4" pattern="####"></tag>
	<tag definition="heading5" pattern="#####"></tag>
	<tag definition="heading6" pattern="######"></tag>
	<tag definition="codeblock" pattern="''"></tag>
	<tag definition="comment" pattern="%%"></tag>
	<tag definition="divider" pattern="----"></tag>
	<tag definition="nativeblock" pattern="~~"></tag>
	<tag definition="blockquote" pattern=">"></tag>
	<tag definition="orderedList" pattern="\d."></tag>
	<tag definition="unorderedList" pattern="*"></tag>
	<tag definition="unorderedList" pattern="+"></tag>
	<tag definition="unorderedList" pattern="-"></tag>
	<tag definition="code" startPattern="`" endPattern="`"></tag>
	<tag definition="delete" startPattern="||" endPattern="||"></tag>
	<tag definition="emph" startPattern="*" endPattern="*"></tag>
	<tag definition="emph" startPattern="_" endPattern="_"></tag>
	<tag definition="inlineComment" startPattern="++" endPattern="++"></tag>
	<tag definition="inlineNative" startPattern="~" endPattern="~"></tag>
	<tag definition="mark" startPattern="::" endPattern="::"></tag>
	<tag definition="strong" startPattern="__" endPattern="__"></tag>
	<tag definition="strong" startPattern="**" endPattern="**"></tag>
	<tag definition="annotation" startPattern="{" endPattern="}"></tag>
	<tag definition="link" startPattern="[" endPattern="]"></tag>
	<tag definition="footnote" pattern="(fn)"></tag>
	<tag definition="image" pattern="(img)"></tag>
	<tag definition="video" pattern="(vid)"></tag>
</markup>
<string xml:space="preserve">
<p><tags><tag kind="heading2">## </tag></tags>Hojas</p>
<p></p>
<p>Todo el proceso de escritura en Ulysses tiene lugar en las hojas. Las hojas son el equivalente a los documentos de siempre, aunque no necesitan un «título», un «nombre de archivo» ni nada por el estilo.</p>
<p></p>
<p>Para crear nuevas hojas, pulsa CMD-N.</p>
<p></p>
<p>Las hojas pueden contener la cantidad de texto que desees; puedes moverlas libremente de aquí para allá y ordenarlas como prefieras. También puedes seleccionar varias hojas y combinarlas (CMD-J). Eso hará que se comporten como una única hoja en el editor, cosa especialmente genial si prefieres tener un montón de fragmentos pequeños de texto en lugar de un único bloque de texto monolítico.</p>
<p></p>
<p>También puedes dividir una hoja en dos en la posición actual del cursor (Edición › Dividir en la selección), y combinar dos o más hojas para formar una sola (Archivo › Combinar hojas).</p>
<p></p></string>
</sheet>