<sheet version="1">
<markup version="1" identifier="markdownxl" displayName="Markdown XL">
	<tag definition="heading1" pattern="#"></tag>
	<tag definition="heading2" pattern="##"></tag>
	<tag definition="heading3" pattern="###"></tag>
	<tag definition="heading4" pattern="####"></tag>
	<tag definition="heading5" pattern="#####"></tag>
	<tag definition="heading6" pattern="######"></tag>
	<tag definition="codeblock" pattern="''"></tag>
	<tag definition="comment" pattern="%%"></tag>
	<tag definition="divider" pattern="----"></tag>
	<tag definition="nativeblock" pattern="~~"></tag>
	<tag definition="blockquote" pattern=">"></tag>
	<tag definition="orderedList" pattern="\d."></tag>
	<tag definition="unorderedList" pattern="*"></tag>
	<tag definition="unorderedList" pattern="+"></tag>
	<tag definition="unorderedList" pattern="-"></tag>
	<tag definition="code" startPattern="`" endPattern="`"></tag>
	<tag definition="delete" startPattern="||" endPattern="||"></tag>
	<tag definition="emph" startPattern="*" endPattern="*"></tag>
	<tag definition="emph" startPattern="_" endPattern="_"></tag>
	<tag definition="inlineComment" startPattern="++" endPattern="++"></tag>
	<tag definition="inlineNative" startPattern="~" endPattern="~"></tag>
	<tag definition="mark" startPattern="::" endPattern="::"></tag>
	<tag definition="strong" startPattern="__" endPattern="__"></tag>
	<tag definition="strong" startPattern="**" endPattern="**"></tag>
	<tag definition="annotation" startPattern="{" endPattern="}"></tag>
	<tag definition="link" startPattern="[" endPattern="]"></tag>
	<tag definition="footnote" pattern="(fn)"></tag>
	<tag definition="image" pattern="(img)"></tag>
	<tag definition="video" pattern="(vid)"></tag>
</markup>
<string xml:space="preserve">
<p><tags><tag kind="heading3">### </tag></tags>导航，侧边栏</p>
<p><tags><tag kind="unorderedList">- </tag></tags>右箭头在组上打开组</p>
<p><tags><tag kind="unorderedList">- </tag></tags>右箭头在栈上将焦点切换至工作表列表</p>
<p></p>
<p><tags><tag kind="heading3">### </tag></tags>导航，工作表列表</p>
<p><tags><tag kind="unorderedList">- </tag></tags>右箭头将焦点切换到编辑器（插入点放置在上次编辑的位置）</p>
<p><tags><tag kind="unorderedList">- </tag></tags>左箭头将焦点切换到侧边栏</p>
<p></p>
<p><tags><tag kind="heading3">### </tag></tags>导航, 编辑器</p>
<p><tags><tag kind="unorderedList">- </tag></tags>在工作表开始时：</p>
<p><tags><tag>	</tag><tag kind="unorderedList">- </tag></tags>双点击向上箭头向上移动一张</p>
<p><tags><tag kind="unorderedList">- </tag></tags>在工作表结束时：</p>
<p><tags><tag>	</tag></tags> 双点击向下箭头向下移动一张</p>
<p><tags><tag kind="unorderedList">- </tag></tags>在表内任何地方：</p>
<p><tags><tag>	</tag><tag kind="unorderedList">- </tag></tags>CMD-ALT-向上箭头向上移动一张</p>
<p><tags><tag>	</tag><tag kind="unorderedList">- </tag></tags>CMD-ALT-向下箭头向下移动一张 </p>
<p><tags><tag kind="unorderedList">- </tag></tags>双点击 CMD-左箭头键将焦点切换到工作表列表</p>
<p></p>
<p><tags><tag kind="heading3">### </tag></tags>复制和移动的侧边栏</p>
<p><tags><tag kind="unorderedList">- </tag></tags>在默认情况下，从 iCloud 或“我的 Mac 中”拖动组和表将总是<element kind="emph" startTag="_">移动</element>，例如内容将转移到新的位置</p>
<p><tags><tag kind="unorderedList">- </tag></tags>从 Daedalus 和外部源拖动将总是 <element kind="emph" startTag="_">拷贝</element>, i.e. 例如内容同时存在这两个位置中</p>
<p><tags><tag kind="unorderedList">- </tag></tags>按住 ALT 键的同时拖动，来强制<element kind="emph" startTag="_">拷贝</element>组和工作表</p>
<p><tags><tag kind="unorderedList">- </tag></tags>按住 CMD 键的同时拖动，来强制<element kind="emph" startTag="_">移动</element>组和工作表</p>
<p></p></string>
</sheet>