<sheet version="2">
<markup version="1" identifier="markdownxl" displayName="Markdown XL">
	<tag definition="heading1" pattern="#"></tag>
	<tag definition="heading2" pattern="##"></tag>
	<tag definition="heading3" pattern="###"></tag>
	<tag definition="heading4" pattern="####"></tag>
	<tag definition="heading5" pattern="#####"></tag>
	<tag definition="heading6" pattern="######"></tag>
	<tag definition="codeblock" pattern="''"></tag>
	<tag definition="comment" pattern="%%"></tag>
	<tag definition="divider" pattern="----"></tag>
	<tag definition="nativeblock" pattern="~~"></tag>
	<tag definition="blockquote" pattern=">"></tag>
	<tag definition="orderedList" pattern="\d."></tag>
	<tag definition="unorderedList" pattern="*"></tag>
	<tag definition="unorderedList" pattern="+"></tag>
	<tag definition="unorderedList" pattern="-"></tag>
	<tag definition="code" startPattern="`" endPattern="`"></tag>
	<tag definition="delete" startPattern="||" endPattern="||"></tag>
	<tag definition="emph" startPattern="*" endPattern="*"></tag>
	<tag definition="emph" startPattern="_" endPattern="_"></tag>
	<tag definition="inlineComment" startPattern="++" endPattern="++"></tag>
	<tag definition="inlineNative" startPattern="~" endPattern="~"></tag>
	<tag definition="mark" startPattern="::" endPattern="::"></tag>
	<tag definition="strong" startPattern="__" endPattern="__"></tag>
	<tag definition="strong" startPattern="**" endPattern="**"></tag>
	<tag definition="annotation" startPattern="{" endPattern="}"></tag>
	<tag definition="link" startPattern="[" endPattern="]"></tag>
	<tag definition="footnote" pattern="(fn)"></tag>
	<tag definition="image" pattern="(img)"></tag>
	<tag definition="video" pattern="(vid)"></tag>
</markup>
<string xml:space="preserve">
<p><tags><tag kind="heading2">## </tag></tags>OK, mais comment… ?</p>
<p></p>
<p>Si vous avez déjà eu l'occasion d'utiliser une application à trois volets, vous n'avez certainement aucun problème à naviguer avec Ulysses et à vous en servir. Et si vous êtes déjà à l'aise avec des choses comme <element kind="link"><attribute identifier="URL">http://daringfireball.net/projects/markdown/</attribute><attribute identifier="title">« Markdown par John Gruber et Aaron Swartz »</attribute>Markdown</element> et <element kind="link"><attribute identifier="URL">http://en.wikipedia.org/wiki/Textile_(markup_language)</attribute><attribute identifier="title">« Page Wikipédia de Textile »</attribute>Textile</element>, vous allez vous sentir chez vous dans l'éditeur. Il peut y avoir des cas spéciaux où nous gérons les choses différemment, mais globalement, on est plutôt sur un terrain d'entente.</p>
<p></p>
<p>Bref. Voici l'interface graphique de gauche à droite :</p>
<p></p>
<p><tags><tag kind="unorderedList">- </tag></tags>BARRE LATÉRALE</p>
<p><tags><tag kind="unorderedList">- </tag></tags>LISTE DES FEUILLES</p>
<p><tags><tag kind="unorderedList">- </tag></tags>ÉDITEUR</p>
<p></p>
<p>Et c'est tout.</p>
<p></p>
<p>La <element kind="emph" startTag="_">barre latérale</element> est divisée en plusieurs sections et devrait parler pour elle-même. Selon que vous avez activé iCloud ou que vous utilisez <element kind="link"><attribute identifier="URL">http://www.daedalusapp.com</attribute><attribute identifier="title">« Daedalus Touch – Éditeur de texte pour iCloud »</attribute>Daedalus Touch</element>, vous verrez différentes sections dans la barre latérale.</p>
<p></p>
<p>La <element kind="emph" startTag="_">liste des feuilles</element> est l'endroit où se trouvent tous vos textes.</p>
<p></p>
<p>Et ceci est l'<element kind="emph" startTag="_">éditeur</element>.</p>
<p></p></string>
<attachment type="keywords">fantastique</attachment>
</sheet>