<sheet version="1">
<markup version="1" identifier="markdownxl" displayName="Markdown XL">
	<tag definition="heading1" pattern="#"></tag>
	<tag definition="heading2" pattern="##"></tag>
	<tag definition="heading3" pattern="###"></tag>
	<tag definition="heading4" pattern="####"></tag>
	<tag definition="heading5" pattern="#####"></tag>
	<tag definition="heading6" pattern="######"></tag>
	<tag definition="codeblock" pattern="''"></tag>
	<tag definition="comment" pattern="%%"></tag>
	<tag definition="divider" pattern="----"></tag>
	<tag definition="nativeblock" pattern="~~"></tag>
	<tag definition="blockquote" pattern=">"></tag>
	<tag definition="orderedList" pattern="\d."></tag>
	<tag definition="unorderedList" pattern="*"></tag>
	<tag definition="unorderedList" pattern="+"></tag>
	<tag definition="unorderedList" pattern="-"></tag>
	<tag definition="code" startPattern="`" endPattern="`"></tag>
	<tag definition="delete" startPattern="||" endPattern="||"></tag>
	<tag definition="emph" startPattern="*" endPattern="*"></tag>
	<tag definition="emph" startPattern="_" endPattern="_"></tag>
	<tag definition="inlineComment" startPattern="++" endPattern="++"></tag>
	<tag definition="inlineNative" startPattern="~" endPattern="~"></tag>
	<tag definition="mark" startPattern="::" endPattern="::"></tag>
	<tag definition="strong" startPattern="__" endPattern="__"></tag>
	<tag definition="strong" startPattern="**" endPattern="**"></tag>
	<tag definition="annotation" startPattern="{" endPattern="}"></tag>
	<tag definition="link" startPattern="[" endPattern="]"></tag>
	<tag definition="footnote" pattern="(fn)"></tag>
	<tag definition="image" pattern="(img)"></tag>
	<tag definition="video" pattern="(vid)"></tag>
</markup>
<string xml:space="preserve">
<p><tags><tag kind="heading2">## </tag></tags>Pop-over</p>
<p></p>
<p>Avrai notato che la maggior parte delle funzionalità avanzate di Ulysses sono nascoste in piccole finestre pop-over. Così restano invisibili fino a che non ne hai veramente bisogno. La maggior parte delle finestre pop-over possono essere staccate e trasformate in un visore sospeso a cui far velocemente riferimento e/o a cui accedere direttamente. Fa per esempio bella figura su un secondo monitor.</p>
<p></p>
<p>Mentre alcune pop-over sono disponibili solo dall’editor, altre possono essere richiamate anche nelle barre laterali. Per esempio puoi richiamare Esportazione rapida dal menu contestuale presente nei gruppi o nei filtri. In questo modo puoi anche controllare le statistiche del testo.</p>
<p></p>
<p>Consiglio avanzato: l’Esportazione rapida, i Preferiti e il Navigatore supportano la navigazione da tastiera completa. Allora, se pensi di essere un utente professionista, prova questo...</p>
<p></p>
<p><tags><tag kind="heading3">### </tag></tags>Premi CMD+8</p>
<p><tags><tag kind="heading3">### </tag></tags>Usa freccia su/giù per navigare</p>
<p><tags><tag kind="heading3">### </tag></tags>Cerca di selezionare questo titolo</p>
<p><tags><tag kind="heading3">### </tag></tags>Non questo</p>
<p><tags><tag kind="heading3">### </tag></tags>QUESTO!!!</p>
<p></p></string>
</sheet>