<sheet version="1">
<markup version="1" identifier="markdownxl" displayName="Markdown XL">
	<tag definition="heading1" pattern="#"></tag>
	<tag definition="heading2" pattern="##"></tag>
	<tag definition="heading3" pattern="###"></tag>
	<tag definition="heading4" pattern="####"></tag>
	<tag definition="heading5" pattern="#####"></tag>
	<tag definition="heading6" pattern="######"></tag>
	<tag definition="codeblock" pattern="''"></tag>
	<tag definition="comment" pattern="%%"></tag>
	<tag definition="divider" pattern="----"></tag>
	<tag definition="nativeblock" pattern="~~"></tag>
	<tag definition="blockquote" pattern=">"></tag>
	<tag definition="orderedList" pattern="\d."></tag>
	<tag definition="unorderedList" pattern="*"></tag>
	<tag definition="unorderedList" pattern="+"></tag>
	<tag definition="unorderedList" pattern="-"></tag>
	<tag definition="code" startPattern="`" endPattern="`"></tag>
	<tag definition="delete" startPattern="||" endPattern="||"></tag>
	<tag definition="emph" startPattern="*" endPattern="*"></tag>
	<tag definition="emph" startPattern="_" endPattern="_"></tag>
	<tag definition="inlineComment" startPattern="++" endPattern="++"></tag>
	<tag definition="inlineNative" startPattern="~" endPattern="~"></tag>
	<tag definition="mark" startPattern="::" endPattern="::"></tag>
	<tag definition="strong" startPattern="__" endPattern="__"></tag>
	<tag definition="strong" startPattern="**" endPattern="**"></tag>
	<tag definition="annotation" startPattern="{" endPattern="}"></tag>
	<tag definition="link" startPattern="[" endPattern="]"></tag>
	<tag definition="footnote" pattern="(fn)"></tag>
	<tag definition="image" pattern="(img)"></tag>
	<tag definition="video" pattern="(vid)"></tag>
</markup>
<string xml:space="preserve">
<p><tags><tag kind="heading2">## </tag></tags>Editor: Plain Text Enhanced</p>
<p></p>
<p>By now you should have noticed “all these funny characters” before headlines and within the text. You should also have noticed “these <element kind="annotation"><attribute identifier="text"><string xml:space="preserve">
<p>Nothing to see here. Or hear, see?</p>
</string></attribute>colored</element> bubbles”, and wondered how they found their way into this otherwise format-free introduction.</p>
<p></p>
<p>You may even have marveled at how nice everything looks, how beautiful the text is set, how headlines are outdented and lists indented, and how all this is possible without using fancy formatting palettes, rulers and font panels. And, ultimately, what it all means, what it’s good for, and <element kind="emph" startTag="_">why you should care</element>.</p>
<p></p>
<p><tags><tag kind="comment">%% </tag></tags>Markup pros can skip this, btw.</p>
<p></p>
<p>We believe that writers should not be bothered with layout tasks. At the very least, layout tasks should never interfere with the writing process itself. Call it what you will — distraction-free, zen-like, purely semantic, mini minimal, neo retro —,  fact is that content creation is best kept separate from presentation, or else the latter will get in the way. Eventually. By design (pun, sorry).</p>
<p></p>
<p>Ulysses uses so-called minimal markup to <element kind="emph" startTag="_">define</element>, not format or style, text passages. The full list of available definitions is accessible via CMD-9, and it should have you covered left to right. From headlines to lists, to images and footnotes, you simply assign meaning to text passages by entering some easy to remember shortcuts.</p>
<p></p>
<p><tags><tag kind="heading2">## </tag></tags>Need a title? Create a title.</p>
<p></p>
<p><tags><tag kind="blockquote">&gt; </tag></tags>Need a quote?</p>
<p><tags><tag kind="blockquote">&gt; </tag></tags>Create a quote.</p>
<p></p>
<p>Need a footnote? Create one.<element kind="footnote"><attribute identifier="text"><string xml:space="preserve">
<p>Type (fn), put text into the popover, hit CMD-Return, continue.</p>
</string></attribute></element> No need to reach for your mouse, just type. Just. Type.</p>
<p></p></string>
</sheet>