<sheet version="1">
<markup version="1" identifier="markdownxl" displayName="Markdown XL">
	<tag definition="heading1" pattern="#"></tag>
	<tag definition="heading2" pattern="##"></tag>
	<tag definition="heading3" pattern="###"></tag>
	<tag definition="heading4" pattern="####"></tag>
	<tag definition="heading5" pattern="#####"></tag>
	<tag definition="heading6" pattern="######"></tag>
	<tag definition="codeblock" pattern="''"></tag>
	<tag definition="comment" pattern="%%"></tag>
	<tag definition="divider" pattern="----"></tag>
	<tag definition="nativeblock" pattern="~~"></tag>
	<tag definition="blockquote" pattern=">"></tag>
	<tag definition="orderedList" pattern="\d."></tag>
	<tag definition="unorderedList" pattern="*"></tag>
	<tag definition="unorderedList" pattern="+"></tag>
	<tag definition="unorderedList" pattern="-"></tag>
	<tag definition="code" startPattern="`" endPattern="`"></tag>
	<tag definition="delete" startPattern="||" endPattern="||"></tag>
	<tag definition="emph" startPattern="*" endPattern="*"></tag>
	<tag definition="emph" startPattern="_" endPattern="_"></tag>
	<tag definition="inlineComment" startPattern="++" endPattern="++"></tag>
	<tag definition="inlineNative" startPattern="~" endPattern="~"></tag>
	<tag definition="mark" startPattern="::" endPattern="::"></tag>
	<tag definition="strong" startPattern="__" endPattern="__"></tag>
	<tag definition="strong" startPattern="**" endPattern="**"></tag>
	<tag definition="annotation" startPattern="{" endPattern="}"></tag>
	<tag definition="link" startPattern="[" endPattern="]"></tag>
	<tag definition="footnote" pattern="(fn)"></tag>
	<tag definition="image" pattern="(img)"></tag>
	<tag definition="video" pattern="(vid)"></tag>
</markup>
<string xml:space="preserve">
<p><tags><tag kind="heading3">### </tag></tags>Export: Styles</p>
<p></p>
<p>At the bottom of the Quick Export HUD, there’s an option to switch between various export styles. Each style offers a predefined set of conversion rules.</p>
<p></p>
<p>For example:</p>
<p></p>
<p><tags><tag>	</tag></tags>Headlines: Helvetica Neue, bold, 24pt.</p>
<p><tags><tag>	</tag></tags>Body text: Helvetica Neue, regular, 14pt.</p>
<p><tags><tag>	</tag></tags>Emphasis: Bold.</p>
<p><tags><tag>	</tag></tags>Images: Draw a border, 1pt, black.</p>
<p><tags><tag>	</tag></tags>Comments: Delete.</p>
<p></p>
<p>And so on. </p>
<p></p>
<p>Ulysses features a couple of built-in styles for each exporter; you can check them all out in “Preferences › Styles”. Here, you can disable styles you don’t need, duplicate styles for editing, and even download and share new styles via the <element kind="link"><attribute identifier="URL">http://styles.ulyssesapp.com/</attribute><attribute identifier="title">Ulysses Style Exchange</attribute>Ulysses Style Exchange</element>. </p>
<p></p></string>
</sheet>