<sheet version="1">
<markup version="1" identifier="markdownxl" displayName="Markdown XL">
	<tag definition="heading1" pattern="#"/>
	<tag definition="heading2" pattern="##"/>
	<tag definition="heading3" pattern="###"/>
	<tag definition="heading4" pattern="####"/>
	<tag definition="heading5" pattern="#####"/>
	<tag definition="heading6" pattern="######"/>
	<tag definition="codeblock" pattern="''"/>
	<tag definition="comment" pattern="%%"/>
	<tag definition="divider" pattern="----"/>
	<tag definition="nativeblock" pattern="~~"/>
	<tag definition="blockquote" pattern=">"/>
	<tag definition="orderedList" pattern="\d."/>
	<tag definition="unorderedList" pattern="*"/>
	<tag definition="unorderedList" pattern="+"/>
	<tag definition="unorderedList" pattern="-"/>
	<tag definition="code" startPattern="`" endPattern="`"/>
	<tag definition="delete" startPattern="||" endPattern="||"/>
	<tag definition="emph" startPattern="*" endPattern="*"/>
	<tag definition="emph" startPattern="_" endPattern="_"/>
	<tag definition="inlineComment" startPattern="++" endPattern="++"/>
	<tag definition="inlineNative" startPattern="~" endPattern="~"/>
	<tag definition="mark" startPattern="::" endPattern="::"/>
	<tag definition="strong" startPattern="__" endPattern="__"/>
	<tag definition="strong" startPattern="**" endPattern="**"/>
	<tag definition="annotation" startPattern="{" endPattern="}"/>
	<tag definition="link" startPattern="[" endPattern="]"/>
	<tag definition="footnote" pattern="(fn)"/>
	<tag definition="image" pattern="(img)"/>
	<tag definition="video" pattern="(vid)"/>
</markup>
<string xml:space="preserve">
<p><tags><tag kind="heading2">## </tag></tags>バージョン1.1について手短に</p>
<p></p>
<p>ここ二ヶ月ほどの間、Ulysses III は、素晴らしい、実に素晴らしいリアクションを頂いています。メディアでは批評家から絶賛を浴び、Mac App Store では皆さんの目に留まるおすすめに取り上げられ、ユーザフィードバックも驚くほどの反響でした。しかもこれはほんの一部です。</p>
<p></p>
<p>もしあなたがこれに賛同していただいている早くからのファンであったなら、心から「ありがとうございます！」を申し上げます。こんな素晴らしい皆さんのために働くことができるのは私たちの喜びです。みなさん、サイコー！</p>
<p></p>
<p>あなたが今ご覧になっているバージョンには、ユーザの皆様からリクエストを頂いた数多くの機能が含まれています。挙げていくときりがないのですが、グローバル検索は、その顕著な１つです。その他、タイプライタースクロール、リストやタグの自動完了機能、そして最後に自分の書き出しスタイルを作成する可能性など、などなど。</p>
<p></p>
<p>これらは、「本来は1.0が持っていて然るべき」 機能と思われる方もいらっしゃることでしょう。しかし、私たちは、自分たちが素晴らしいと信じているものをお届けすることを喜びにしています。1.0 は改良の余地を残し、慌てることなく、その機能１つ１つに磨きをかけることができました。それがここに現れていることを期待しています。</p>
<p></p>
<p>これからも、標準テキスト編集で可能なことの限界を超え続けていくつもりです。この知りうる世界でユーザにとって最も素晴らしい製品で皆様を驚かせ続けたいと願っています。</p>
<p></p>
<p>心よりの感謝をこめて。Ulysses IIIをお楽しみください！</p>
<p></p>
<p>Marcus Fehn | The Soulmen</p>
<p>2013年9月</p>
</string>
</sheet>