<sheet version="1">
<markup version="1" identifier="markdownxl" displayName="Markdown XL">
	<tag definition="heading1" pattern="#"></tag>
	<tag definition="heading2" pattern="##"></tag>
	<tag definition="heading3" pattern="###"></tag>
	<tag definition="heading4" pattern="####"></tag>
	<tag definition="heading5" pattern="#####"></tag>
	<tag definition="heading6" pattern="######"></tag>
	<tag definition="codeblock" pattern="''"></tag>
	<tag definition="comment" pattern="%%"></tag>
	<tag definition="divider" pattern="----"></tag>
	<tag definition="nativeblock" pattern="~~"></tag>
	<tag definition="blockquote" pattern=">"></tag>
	<tag definition="orderedList" pattern="\d."></tag>
	<tag definition="unorderedList" pattern="*"></tag>
	<tag definition="unorderedList" pattern="+"></tag>
	<tag definition="unorderedList" pattern="-"></tag>
	<tag definition="code" startPattern="`" endPattern="`"></tag>
	<tag definition="delete" startPattern="||" endPattern="||"></tag>
	<tag definition="emph" startPattern="*" endPattern="*"></tag>
	<tag definition="emph" startPattern="_" endPattern="_"></tag>
	<tag definition="inlineComment" startPattern="++" endPattern="++"></tag>
	<tag definition="inlineNative" startPattern="~" endPattern="~"></tag>
	<tag definition="mark" startPattern="::" endPattern="::"></tag>
	<tag definition="strong" startPattern="__" endPattern="__"></tag>
	<tag definition="strong" startPattern="**" endPattern="**"></tag>
	<tag definition="annotation" startPattern="{" endPattern="}"></tag>
	<tag definition="link" startPattern="[" endPattern="]"></tag>
	<tag definition="footnote" pattern="(fn)"></tag>
	<tag definition="image" pattern="(img)"></tag>
	<tag definition="video" pattern="(vid)"></tag>
</markup>
<string xml:space="preserve">
<p><tags><tag kind="heading2">## </tag></tags>Ulysses 1.2 – l'aggiornamento richiesto dagli utenti</p>
<p></p>
<p>FUNZIONALITÀ:</p>
<p><tags><tag kind="unorderedList">- </tag></tags>Aggiunta funzionalità suddividi e unisci per fogli.</p>
<p><tags><tag kind="unorderedList">- </tag></tags>Nei fogli sono stati aggiunti gli Obiettivi.</p>
<p><tags><tag kind="unorderedList">- </tag></tags>All'elenco fogli è stata aggiunta la possibilità di modificare parole chiave.</p>
<p><tags><tag kind="unorderedList">- </tag></tags>Sono state aggiunte opzioni per mostrare gli obiettivi, la data di modifica e le parole chiave nell'elenco fogli.</p>
<p><tags><tag kind="unorderedList">- </tag></tags>I fogli possono essere organizzati per data e secondo i primi caratteri.</p>
<p><tags><tag kind="unorderedList">- </tag></tags>Adesso è possibile personalizzare il numero di righe di anteprima nella colonna fogli.</p>
<p><tags><tag kind="unorderedList">- </tag></tags>È stata aggiunta una funzionalità di condivisione di stili e temi tramite Ulysses Style Exchange.</p>
<p><tags><tag kind="unorderedList">- </tag></tags>La tavolozza colori può essere adesso creata e modificata all'interno di Ulysses.</p>
<p><tags><tag kind="unorderedList">- </tag></tags>La sezione Temi delle preferenze è stata rielaborata.</p>
<p></p>
<p>MIGLIORAMENTI:</p>
<p><tags><tag kind="unorderedList">- </tag></tags>È stata aggiunta un'opzione Apertura rapida per l'apertura dal gruppo selezionato.</p>
<p><tags><tag kind="unorderedList">- </tag></tags>Adesso le parole chiave possono essere aggiunte ai fogli in Risorse esterne sotto forma di tag di Maverick.</p>
<p><tags><tag kind="unorderedList">- </tag></tags>Le barre scure possono essere abilitate indipendentemente dalla Modalità pura.</p>
<p><tags><tag kind="unorderedList">- </tag></tags>L'evidenziazione della riga può essere abilitata indipendentemente dallo Scorrimento automatico.</p>
<p><tags><tag kind="unorderedList">- </tag></tags>Nella finestra di pop-over Statistiche sono state aggiunte la media di parole per frasi e il conteggio dei fogli.</p>
<p><tags><tag kind="unorderedList">- </tag></tags>Agli stili di esportazione è stata aggiunta un'anteprima.</p>
<p><tags><tag kind="unorderedList">- </tag></tags>Sono state aggiunte opzioni per non consentire "orphans" e "widows" nei fogli di stile Ulysses.</p>
<p><tags><tag kind="unorderedList">- </tag></tags>Impostazioni di stampa migliorate.</p>
<p><tags><tag kind="unorderedList">- </tag></tags>Migliorato il trattamento degli errori nelle operazioni file.</p>
<p><tags><tag kind="unorderedList">- </tag></tags>È possibile trascinare file doc/docx direttamente in Ulysses.</p>
<p></p>
<p>RISOLUZIONI DI PROBLEMI:</p>
<p><tags><tag kind="unorderedList">- </tag></tags>Risolto un problema verificatosi in caso di modifica maiuscole/minuscole nei nomi dei file di risorse esterne.</p>
<p><tags><tag kind="unorderedList">- </tag></tags>Risolto un crash verificatosi quando si riprendeva la modifica di un elemento di stile.</p>
<p><tags><tag kind="unorderedList">- </tag></tags>Risolto un crash verificatosi quando si eliminava un testo di input multiplo nei tag incorporati.</p>
<p><tags><tag kind="unorderedList">- </tag></tags>Migliorata la stabilità dell'editor.</p>
</string>
</sheet>