<sheet version="1">
<markup version="1" identifier="markdownxl" displayName="Markdown XL">
	<tag definition="heading1" pattern="#"></tag>
	<tag definition="heading2" pattern="##"></tag>
	<tag definition="heading3" pattern="###"></tag>
	<tag definition="heading4" pattern="####"></tag>
	<tag definition="heading5" pattern="#####"></tag>
	<tag definition="heading6" pattern="######"></tag>
	<tag definition="codeblock" pattern="''"></tag>
	<tag definition="comment" pattern="%%"></tag>
	<tag definition="divider" pattern="----"></tag>
	<tag definition="nativeblock" pattern="~~"></tag>
	<tag definition="blockquote" pattern=">"></tag>
	<tag definition="orderedList" pattern="\d."></tag>
	<tag definition="unorderedList" pattern="*"></tag>
	<tag definition="unorderedList" pattern="+"></tag>
	<tag definition="unorderedList" pattern="-"></tag>
	<tag definition="code" startPattern="`" endPattern="`"></tag>
	<tag definition="delete" startPattern="||" endPattern="||"></tag>
	<tag definition="emph" startPattern="*" endPattern="*"></tag>
	<tag definition="emph" startPattern="_" endPattern="_"></tag>
	<tag definition="inlineComment" startPattern="++" endPattern="++"></tag>
	<tag definition="inlineNative" startPattern="~" endPattern="~"></tag>
	<tag definition="mark" startPattern="::" endPattern="::"></tag>
	<tag definition="strong" startPattern="__" endPattern="__"></tag>
	<tag definition="strong" startPattern="**" endPattern="**"></tag>
	<tag definition="annotation" startPattern="{" endPattern="}"></tag>
	<tag definition="link" startPattern="[" endPattern="]"></tag>
	<tag definition="footnote" pattern="(fn)"></tag>
	<tag definition="image" pattern="(img)"></tag>
	<tag definition="video" pattern="(vid)"></tag>
</markup>
<string xml:space="preserve">
<p><tags><tag kind="heading3">### </tag></tags>マークアップ</p>
<p><tags><tag kind="unorderedList">- </tag></tags>⌘-#：見出し</p>
<p><tags><tag kind="unorderedList">- </tag></tags>⌘-I：<element kind="emph" startTag="*">強調</element></p>
<p><tags><tag kind="unorderedList">- </tag></tags>⌘-B：<element kind="strong" startTag="**">strong</element></p>
<p><tags><tag kind="unorderedList">- </tag></tags>⌘-L：<element kind="link"><attribute identifier="URL"></attribute><attribute identifier="title"></attribute>リンク</element></p>
<p><tags><tag kind="unorderedList">- </tag></tags>⌘-K：マークアップをすべて削除</p>
<p><tags><tag kind="unorderedList">- </tag></tags>⌘-9：マークアップバーを表示。ショートカットを暗記できない場合に備えて。</p>
<p></p>
<p><tags><tag kind="heading3">### </tag></tags>スマートタグ</p>
<p><tags><tag kind="unorderedList">- </tag></tags>有効にすると、スタートタグの後に文字が入力されると必ず、エンドタグプレースホルダが自動的に挿入されます。</p>
<p><tags><tag kind="unorderedList">- </tag></tags>編集 ›自動置換 でスマートタグを有効にできます</p>
<p></p>
<p><tags><tag kind="heading3">### </tag></tags>エンドタグの完了</p>
<p><tags><tag kind="unorderedList">- </tag></tags>ESC キーを押すと、自動的にエンドタグプレースホルダが入力されます</p>
<p><tags><tag kind="unorderedList">- </tag></tags>エンドタグを受け付けるには、以下のどれかの方法を使用してください：</p>
<p><tags><tag>	</tag><tag kind="unorderedList">- </tag></tags>Return キーを押す</p>
<p><tags><tag>	</tag><tag kind="unorderedList">- </tag></tags>右矢印を押す</p>
<p><tags><tag>	</tag><tag kind="unorderedList">- </tag></tags>下向き矢印を押す（シートの一番下にある時）</p>
<p><tags><tag>	</tag><tag kind="unorderedList">- </tag></tags>エンドタグをタイプする</p>
<p><tags><tag kind="unorderedList">- </tag></tags>エンドタグを取り消すには、ESC キーを押して下さい</p>
<p></p>
<p><tags><tag kind="heading3">### </tag></tags>エスケープ文字</p>
<p><tags><tag kind="unorderedList">- </tag></tags>Ulyssesが文字をMarkupとして扱うのを避けるには、その文字の前にバックスラッシュを追加してください。（例：もしリンクの代わりに角括弧が欲しい場合、“<escape>\[</escape>something]”と入力してください）</p>
<p></p>
<p><tags><tag kind="heading3">### </tag></tags>マークアップバー（またの名を虎の巻）</p>
<p><tags><tag kind="unorderedList">- </tag></tags>マークアップバーを表示し（⌘-9）、リスト上のマークアップをクリックすると、現在の選択項目に適用できます</p>
<p><tags><tag kind="unorderedList">- </tag></tags>この操作は複数の選択項目にも活用できます。（テキストの異なる部分を選択するには ⌘-クリック してください）</p>
<p><tags><tag kind="unorderedList">- </tag></tags>複数レベルの段落、リストやブロック引用など、はクリックするたびに、+ 1 インデントされます</p>
<p><tags><tag kind="unorderedList">- </tag></tags>Shift-クリックは、マークアップを削除、あるいは、複数レベルの段落をインデント解除します</p>
<p></p></string>
</sheet>