<sheet version="1">
<markup version="1" identifier="markdownxl" displayName="Markdown XL">
	<tag definition="heading1" pattern="#"></tag>
	<tag definition="heading2" pattern="##"></tag>
	<tag definition="heading3" pattern="###"></tag>
	<tag definition="heading4" pattern="####"></tag>
	<tag definition="heading5" pattern="#####"></tag>
	<tag definition="heading6" pattern="######"></tag>
	<tag definition="codeblock" pattern="''"></tag>
	<tag definition="comment" pattern="%%"></tag>
	<tag definition="divider" pattern="----"></tag>
	<tag definition="nativeblock" pattern="~~"></tag>
	<tag definition="blockquote" pattern=">"></tag>
	<tag definition="orderedList" pattern="\d."></tag>
	<tag definition="unorderedList" pattern="*"></tag>
	<tag definition="unorderedList" pattern="+"></tag>
	<tag definition="unorderedList" pattern="-"></tag>
	<tag definition="code" startPattern="`" endPattern="`"></tag>
	<tag definition="delete" startPattern="||" endPattern="||"></tag>
	<tag definition="emph" startPattern="*" endPattern="*"></tag>
	<tag definition="emph" startPattern="_" endPattern="_"></tag>
	<tag definition="inlineComment" startPattern="++" endPattern="++"></tag>
	<tag definition="inlineNative" startPattern="~" endPattern="~"></tag>
	<tag definition="mark" startPattern="::" endPattern="::"></tag>
	<tag definition="strong" startPattern="__" endPattern="__"></tag>
	<tag definition="strong" startPattern="**" endPattern="**"></tag>
	<tag definition="annotation" startPattern="{" endPattern="}"></tag>
	<tag definition="link" startPattern="[" endPattern="]"></tag>
	<tag definition="footnote" pattern="(fn)"></tag>
	<tag definition="image" pattern="(img)"></tag>
	<tag definition="video" pattern="(vid)"></tag>
</markup>
<string xml:space="preserve">
<p><tags><tag kind="heading3">### </tag></tags>Listes</p>
<p><tags><tag kind="unorderedList">- </tag></tags>TAB pour augmenter l'indentation de la liste.</p>
<p><tags><tag kind="unorderedList">- </tag></tags>MAJ-TAB pour réduire l'indentation de la liste.</p>
<p><tags><tag kind="unorderedList">- </tag></tags>ALT-Retour pour ajouter un élément de liste.</p>
<p></p>
<p><tags><tag kind="heading3">### </tag></tags>Listes intelligentes</p>
<p><tags><tag kind="unorderedList">- </tag></tags>Si la fonction est activée, Retour ajoute un élément de liste, tandis que ALT-Retour crée un nouveau paragraphe.</p>
<p><tags><tag kind="unorderedList">- </tag></tags>Vous pouvez activer les listes intelligentes via Édition › Substitutions.</p>
<p></p>
<p><tags><tag kind="heading3">### </tag></tags>Contenu multimédia</p>
<p><tags><tag kind="unorderedList">- </tag></tags>Glisser-déposer des images, vidéos et PDF dans l'éditeur pour créer un objet texte contenant l'élément.</p>
<p></p>
<p><tags><tag kind="heading3">### </tag></tags>Objets texte</p>
<p><tags><tag kind="unorderedList">- </tag></tags>CMD-Clic pour sélectionner.</p>
<p><tags><tag kind="unorderedList">- </tag></tags>Double-clic pour ouvrir la fenêtre surgissante.</p>
<p></p>
<p><tags><tag kind="heading3">### </tag></tags>Fenêtres surgissantes des objets texte</p>
<p><tags><tag kind="unorderedList">- </tag></tags>CMD-Retour pour fermer et déplacer le point d'insertion vers la droite.</p>
<p><tags><tag kind="unorderedList">- </tag></tags>ESC pour fermer et garder l'objet sélectionné.</p>
<p><tags><tag kind="unorderedList">- </tag></tags>TAB pour changer de champ de saisie.</p>
<p><tags><tag kind="unorderedList">- </tag></tags>Faire glisser une fenêtre surgissante pour la détacher et la transformer en ATH flottant.</p>
<p></p></string>
</sheet>