<sheet version="1">
<markup version="1" identifier="markdownxl" displayName="Markdown XL">
	<tag definition="heading1" pattern="#"></tag>
	<tag definition="heading2" pattern="##"></tag>
	<tag definition="heading3" pattern="###"></tag>
	<tag definition="heading4" pattern="####"></tag>
	<tag definition="heading5" pattern="#####"></tag>
	<tag definition="heading6" pattern="######"></tag>
	<tag definition="codeblock" pattern="''"></tag>
	<tag definition="comment" pattern="%%"></tag>
	<tag definition="divider" pattern="----"></tag>
	<tag definition="nativeblock" pattern="~~"></tag>
	<tag definition="blockquote" pattern=">"></tag>
	<tag definition="orderedList" pattern="\d."></tag>
	<tag definition="unorderedList" pattern="*"></tag>
	<tag definition="unorderedList" pattern="+"></tag>
	<tag definition="unorderedList" pattern="-"></tag>
	<tag definition="code" startPattern="`" endPattern="`"></tag>
	<tag definition="delete" startPattern="||" endPattern="||"></tag>
	<tag definition="emph" startPattern="*" endPattern="*"></tag>
	<tag definition="emph" startPattern="_" endPattern="_"></tag>
	<tag definition="inlineComment" startPattern="++" endPattern="++"></tag>
	<tag definition="inlineNative" startPattern="~" endPattern="~"></tag>
	<tag definition="mark" startPattern="::" endPattern="::"></tag>
	<tag definition="strong" startPattern="__" endPattern="__"></tag>
	<tag definition="strong" startPattern="**" endPattern="**"></tag>
	<tag definition="annotation" startPattern="{" endPattern="}"></tag>
	<tag definition="link" startPattern="[" endPattern="]"></tag>
	<tag definition="footnote" pattern="(fn)"></tag>
	<tag definition="image" pattern="(img)"></tag>
	<tag definition="video" pattern="(vid)"></tag>
</markup>
<string xml:space="preserve">
<p><tags><tag kind="heading2">## </tag></tags>Export: 360 degree semantics</p>
<p></p>
<p>Now for the fun part: Ulysses can output your writing to a host of standard formats, such as Plain Text, RTF, Word, HTML, ePub and even PDF. It does so by translating your <element kind="emph" startTag="_">plain text input</element> based on the definition of the minimal markup. If your brain starts to hurt, here’s a simple example…</p>
<p></p>
<p>Let’s assume you want to emphasize a text passage. You select the word “emphasize” (do so), and press the keyboard shortcut CMD-I. Notice the extra characters that were entered around the word.</p>
<p></p>
<p>You have just told Ulysses, in its own “plain text language”, that this passage should be an emphasized passage. Now Ulysses knows and will never forget. So when you export your text to, say, a PDF, Ulysses will translate this emphasized passage into what a PDF will understand and display — in this case, it will format your emphasized passage as italicized text.</p>
<p></p>
<p>Give it a try:</p>
<p></p>
<p><tags><tag kind="unorderedList">- </tag></tags>Open the export panel (CMD-6).</p>
<p><tags><tag kind="unorderedList">- </tag></tags>Select the icon with the pen (Rich Text).</p>
<p><tags><tag kind="unorderedList">- </tag></tags>Click the “Preview…” button.</p>
<p><tags><tag kind="unorderedList">- </tag></tags>The “emphasize” above should be set in italics.</p>
<p></p>
<p><tags><tag kind="heading2">## </tag></tags>Headlines such as this will get a larger font</p>
<p></p>
<p>If you export to HTML instead, Ulysses will translate the emphasized passage to semantically correct <element kind="code" startTag="`">&lt;em&gt;</element>, and the headline will be tagged with <element kind="code" startTag="`">&lt;h2&gt;</element>. </p>
<p></p>
<p>And so on.</p>
<p></p>
<p>The beauty of this should be obvious by now: Instead of worrying about how your output looks, you can concentrate on what your content is supposed to mean. This may be frightening at first, but trust us, it’s not.</p>
<p></p>
<p>It’s awesome.</p>
<p></p></string>
</sheet>