<sheet version="1">
<markup version="1" identifier="markdownxl" displayName="Markdown XL">
	<tag definition="heading1" pattern="#"></tag>
	<tag definition="heading2" pattern="##"></tag>
	<tag definition="heading3" pattern="###"></tag>
	<tag definition="heading4" pattern="####"></tag>
	<tag definition="heading5" pattern="#####"></tag>
	<tag definition="heading6" pattern="######"></tag>
	<tag definition="codeblock" pattern="''"></tag>
	<tag definition="comment" pattern="%%"></tag>
	<tag definition="divider" pattern="----"></tag>
	<tag definition="nativeblock" pattern="~~"></tag>
	<tag definition="blockquote" pattern=">"></tag>
	<tag definition="orderedList" pattern="\d."></tag>
	<tag definition="unorderedList" pattern="*"></tag>
	<tag definition="unorderedList" pattern="+"></tag>
	<tag definition="unorderedList" pattern="-"></tag>
	<tag definition="code" startPattern="`" endPattern="`"></tag>
	<tag definition="delete" startPattern="||" endPattern="||"></tag>
	<tag definition="emph" startPattern="*" endPattern="*"></tag>
	<tag definition="emph" startPattern="_" endPattern="_"></tag>
	<tag definition="inlineComment" startPattern="++" endPattern="++"></tag>
	<tag definition="inlineNative" startPattern="~" endPattern="~"></tag>
	<tag definition="mark" startPattern="::" endPattern="::"></tag>
	<tag definition="strong" startPattern="__" endPattern="__"></tag>
	<tag definition="strong" startPattern="**" endPattern="**"></tag>
	<tag definition="annotation" startPattern="{" endPattern="}"></tag>
	<tag definition="link" startPattern="[" endPattern="]"></tag>
	<tag definition="footnote" pattern="(fn)"></tag>
	<tag definition="image" pattern="(img)"></tag>
	<tag definition="video" pattern="(vid)"></tag>
</markup>
<string xml:space="preserve">
<p><tags><tag kind="heading2">## </tag></tags>シート</p>
<p></p>
<p>書く作業はすべて Ulysses のシートに。シートとは、書類に相当するものです。“タイトル”や“ファイル名”などは必要としませんが。</p>
<p></p>
<p>シートは ⌘ + N で作成できます。</p>
<p></p>
<p>シートはどんな量のテキストも保持でき、自由に移動や並べ替えが可能です。複数のシートを選んで、ひとまとめにすることもできます（⌘+ J）。こうすると、エディタで 1 つのシートとして扱われるようになります。この方法は、一枚岩のような巨大なテキストの壁ではなく、小さく沢山に分かれたパーツにしたい時特に便利です。</p>
<p></p>
<p>カーソルを分割したい位置に合わせるとその位置でシートを 2 枚に分けることもできます（編集 › 選択位置で分割）。また 2 枚以上のシートを 1 つにまとめることもできます（ファイル › シートを結合）。</p>
<p></p>
<p></p>
<p><tags><tag kind="heading2">## </tag></tags>追加ボーナス</p>
<p></p>
<p>シートは他のシートのすぐそばにあるものなので、エディタからすぐに、シート間を簡単に行き来できたら良いだろうと考えました。この操作のためのキーボードショートカットは、(⌘-ALT-アップ／ダウン）です。Magic Mouse またはトラックパッドを使用する場合は、一番上または下にスクロールし、“プルしてスイッチ”するだけです。</p>
<p></p>
<p>今すぐ試してみてください。すぐにコツがわかりますよ。いつでもここに戻ってきてください。ひとまず、他にどんなクールなことがあるか覗いてみましょう。</p>
<p></p></string>
</sheet>