<sheet version="1">
<markup version="1" identifier="markdownxl" displayName="Markdown XL">
	<tag definition="heading1" pattern="#"></tag>
	<tag definition="heading2" pattern="##"></tag>
	<tag definition="heading3" pattern="###"></tag>
	<tag definition="heading4" pattern="####"></tag>
	<tag definition="heading5" pattern="#####"></tag>
	<tag definition="heading6" pattern="######"></tag>
	<tag definition="codeblock" pattern="''"></tag>
	<tag definition="comment" pattern="%%"></tag>
	<tag definition="divider" pattern="----"></tag>
	<tag definition="nativeblock" pattern="~~"></tag>
	<tag definition="blockquote" pattern=">"></tag>
	<tag definition="orderedList" pattern="\d."></tag>
	<tag definition="unorderedList" pattern="*"></tag>
	<tag definition="unorderedList" pattern="+"></tag>
	<tag definition="unorderedList" pattern="-"></tag>
	<tag definition="code" startPattern="`" endPattern="`"></tag>
	<tag definition="delete" startPattern="||" endPattern="||"></tag>
	<tag definition="emph" startPattern="*" endPattern="*"></tag>
	<tag definition="emph" startPattern="_" endPattern="_"></tag>
	<tag definition="inlineComment" startPattern="++" endPattern="++"></tag>
	<tag definition="inlineNative" startPattern="~" endPattern="~"></tag>
	<tag definition="mark" startPattern="::" endPattern="::"></tag>
	<tag definition="strong" startPattern="__" endPattern="__"></tag>
	<tag definition="strong" startPattern="**" endPattern="**"></tag>
	<tag definition="annotation" startPattern="{" endPattern="}"></tag>
	<tag definition="link" startPattern="[" endPattern="]"></tag>
	<tag definition="footnote" pattern="(fn)"></tag>
	<tag definition="image" pattern="(img)"></tag>
	<tag definition="video" pattern="(vid)"></tag>
</markup>
<string xml:space="preserve">
<p><tags><tag kind="heading2">## </tag></tags>Exportieren: Semantik.</p>
<p></p>
<p>Ja, darum dreht es sich. Wie wird aus einem Text nun ein Dokument? Ulysses kann Ihre Texte in einer Vielzahl von Formaten ausgeben: Reiner Text, RTF, Word, HTML, ePub und sogar als PDF. Ulysses übersetzt Ihre <element kind="emph" startTag="_">Texteingaben</element> anhand der Definition eines minimalen Markups. Ihr Kopf raucht? Okay, hier ein vereinfachendes Beispiel …</p>
<p></p>
<p>Nehmen wir einfach einmal an, dass Sie eine Textpassage „betonen“ wollen. Markieren Sie das Wort „<element kind="emph" startTag="*">betonen</element>“ (ja, tun Sie es!) und benutzen Sie dann das Tastaturkürzel CMD-I. Jetzt sehen Sie, dass Ulysses das Wort in ein paar zusätzliche Zeichen eingefasst hat.</p>
<p></p>
<p>Warum? Na, weil Sie Ulysses in Zeichensprache mitgeteilt haben, dass Sie diese Textpassage betonen wollen. Das versteht Ulysses und wird es niemals vergessen. Wenn Sie diesen Text nun also z. B. als PDF exportieren, übersetzt Ulysses diese Textpassage in PDF-Sprache und wird den zu betonenden Text kursiv formatieren.</p>
<p></p>
<p>Probieren Sie es doch einmal aus:</p>
<p></p>
<p><tags><tag kind="unorderedList">- </tag></tags>Öffnen Sie den Schnellexport (CMD-6).</p>
<p><tags><tag kind="unorderedList">- </tag></tags>Klicken Sie auf das Icon mit dem Stift (Rich Text).</p>
<p><tags><tag kind="unorderedList">- </tag></tags>Klicken Sie auf den Button „Vorschau …“.</p>
<p><tags><tag kind="unorderedList">- </tag></tags>Der „betonte“ Text sollte nun kursiv dargestellt werden.</p>
<p></p>
<p><tags><tag kind="heading2">## </tag></tags>Überschriften wie diese haben eine größere Schrift</p>
<p></p>
<p>Wenn Sie aber als HTML exportieren, übersetzt Ulysses die Betonung semantisch korrekt und schließt diesen in HTML „<element kind="code" startTag="`">&lt;em&gt;</element>“-Tags ein – Überschriften werden mit „<element kind="code" startTag="`">&lt;h2&gt;</element>“ versehen. </p>
<p></p>
<p>In anderen Formaten in der entsprechenden Sprache.</p>
<p></p>
<p>Der Vorteil dieser Vorgehensweise sollte mittlerweile sonnenklar sein: Anstatt sich permanent mit dem Gedanken abzulenken, wie das Dokument aussieht, können Sie sich ganz darauf konzentrieren, was Ihr Text aussagen soll. Dies mag zuerst ungewohnt oder irritierend sein, ganz klar. Oder einem Kontrollverlust gleichkommen. Aber glauben Sie uns:</p>
<p></p>
<p>Das ist genial.</p>
</string>
</sheet>