<sheet version="1">
<markup version="1" identifier="markdownxl" displayName="Markdown XL">
	<tag definition="heading1" pattern="#"></tag>
	<tag definition="heading2" pattern="##"></tag>
	<tag definition="heading3" pattern="###"></tag>
	<tag definition="heading4" pattern="####"></tag>
	<tag definition="heading5" pattern="#####"></tag>
	<tag definition="heading6" pattern="######"></tag>
	<tag definition="codeblock" pattern="''"></tag>
	<tag definition="comment" pattern="%%"></tag>
	<tag definition="divider" pattern="----"></tag>
	<tag definition="nativeblock" pattern="~~"></tag>
	<tag definition="blockquote" pattern=">"></tag>
	<tag definition="orderedList" pattern="\d."></tag>
	<tag definition="unorderedList" pattern="*"></tag>
	<tag definition="unorderedList" pattern="+"></tag>
	<tag definition="unorderedList" pattern="-"></tag>
	<tag definition="code" startPattern="`" endPattern="`"></tag>
	<tag definition="delete" startPattern="||" endPattern="||"></tag>
	<tag definition="emph" startPattern="*" endPattern="*"></tag>
	<tag definition="emph" startPattern="_" endPattern="_"></tag>
	<tag definition="inlineComment" startPattern="++" endPattern="++"></tag>
	<tag definition="inlineNative" startPattern="~" endPattern="~"></tag>
	<tag definition="mark" startPattern="::" endPattern="::"></tag>
	<tag definition="strong" startPattern="__" endPattern="__"></tag>
	<tag definition="strong" startPattern="**" endPattern="**"></tag>
	<tag definition="annotation" startPattern="{" endPattern="}"></tag>
	<tag definition="link" startPattern="[" endPattern="]"></tag>
	<tag definition="footnote" pattern="(fn)"></tag>
	<tag definition="image" pattern="(img)"></tag>
	<tag definition="video" pattern="(vid)"></tag>
</markup>
<string xml:space="preserve">
<p><tags><tag kind="heading3">### </tag></tags>列表</p>
<p><tags><tag kind="unorderedList">- </tag></tags>TAB 增加列表缩进层次</p>
<p><tags><tag kind="unorderedList">- </tag></tags> SHIFT-TAB 减少列表缩进层次</p>
<p><tags><tag kind="unorderedList">- </tag></tags>ALT-回车键 自动添加另一个列表项</p>
<p></p>
<p><tags><tag kind="heading3">### </tag></tags>智能列表</p>
<p><tags><tag kind="unorderedList">- </tag></tags>如果启用，回车键将自动添加另一个列表项，ALT-回车键，只是创建一个新段落</p>
<p><tags><tag kind="unorderedList">- </tag></tags>您可以通过“编辑”&gt;“替换”来启用智能列表</p>
<p></p>
<p><tags><tag kind="heading3">### </tag></tags>媒体</p>
<p><tags><tag kind="unorderedList">- </tag></tags>拖放图像，视频，PDF文件到编辑器中来创建一个拥有这些内容的文本</p>
<p></p>
<p><tags><tag kind="heading3">### </tag></tags>文本对象</p>
<p><tags><tag kind="unorderedList">- </tag></tags>CMD 单击来选择</p>
<p><tags><tag kind="unorderedList">- </tag></tags>双击打开弹跳窗</p>
<p></p>
<p><tags><tag kind="heading3">### </tag></tags>文本对象弹跳窗</p>
<p><tags><tag kind="unorderedList">- </tag></tags>CMD 回车键来关闭并向前移动插入点</p>
<p><tags><tag kind="unorderedList">- </tag></tags>ESC 关闭并保持选定对象</p>
<p><tags><tag kind="unorderedList">- </tag></tags>TAB 在输入字段之间切换</p>
<p><tags><tag kind="unorderedList">- </tag></tags>拖放弹跳窗来让它弹出，把它变成一个移动的 HUD</p>
<p></p></string>
</sheet>