<sheet version="2">
<markup version="1" identifier="markdownxl" displayName="Markdown XL">
	<tag definition="heading1" pattern="#"></tag>
	<tag definition="heading2" pattern="##"></tag>
	<tag definition="heading3" pattern="###"></tag>
	<tag definition="heading4" pattern="####"></tag>
	<tag definition="heading5" pattern="#####"></tag>
	<tag definition="heading6" pattern="######"></tag>
	<tag definition="codeblock" pattern="''"></tag>
	<tag definition="comment" pattern="%%"></tag>
	<tag definition="divider" pattern="----"></tag>
	<tag definition="nativeblock" pattern="~~"></tag>
	<tag definition="blockquote" pattern=">"></tag>
	<tag definition="orderedList" pattern="\d."></tag>
	<tag definition="unorderedList" pattern="*"></tag>
	<tag definition="unorderedList" pattern="+"></tag>
	<tag definition="unorderedList" pattern="-"></tag>
	<tag definition="code" startPattern="`" endPattern="`"></tag>
	<tag definition="delete" startPattern="||" endPattern="||"></tag>
	<tag definition="emph" startPattern="*" endPattern="*"></tag>
	<tag definition="emph" startPattern="_" endPattern="_"></tag>
	<tag definition="inlineComment" startPattern="++" endPattern="++"></tag>
	<tag definition="inlineNative" startPattern="~" endPattern="~"></tag>
	<tag definition="mark" startPattern="::" endPattern="::"></tag>
	<tag definition="strong" startPattern="__" endPattern="__"></tag>
	<tag definition="strong" startPattern="**" endPattern="**"></tag>
	<tag definition="annotation" startPattern="{" endPattern="}"></tag>
	<tag definition="link" startPattern="[" endPattern="]"></tag>
	<tag definition="footnote" pattern="(fn)"></tag>
	<tag definition="image" pattern="(img)"></tag>
	<tag definition="video" pattern="(vid)"></tag>
</markup>
<string xml:space="preserve">
<p><tags><tag kind="heading2">## </tag></tags>Popovers</p>
<p></p>
<p>As you have seen, most of Ulysses’ advanced features are tucked away in small popovers. That way, they remain invisible unless you really need them. Most popovers can be torn-off and turned into always-on floating HUDs for quick reference and/or direct access. They make a good fit for a second monitor by the way.</p>
<p></p>
<p>And while some popovers are only available from within the editor, others can also be called in the sidebars. As an example, you can invoke Quick Export via the contextual menu on groups or filters. You can also check text statistics that way.</p>
<p></p>
<p>Pro tip: Quick Export, Favorites and Navigator feature full keyboard navigation. So if you feel like a power user, try this…</p>
<p></p>
<p><tags><tag kind="heading3">### </tag></tags>Hit CMD-8</p>
<p><tags><tag kind="heading3">### </tag></tags>Use up/down arrow to navigate</p>
<p><tags><tag kind="heading3">### </tag></tags>Try to select this headline</p>
<p><tags><tag kind="heading3">### </tag></tags>No, this one</p>
<p><tags><tag kind="heading3">### </tag></tags>THIS ONE!!!</p>
</string>
</sheet>
