<sheet version="1">
<markup version="1" identifier="markdownxl" displayName="Markdown XL">
	<tag definition="heading1" pattern="#"></tag>
	<tag definition="heading2" pattern="##"></tag>
	<tag definition="heading3" pattern="###"></tag>
	<tag definition="heading4" pattern="####"></tag>
	<tag definition="heading5" pattern="#####"></tag>
	<tag definition="heading6" pattern="######"></tag>
	<tag definition="codeblock" pattern="''"></tag>
	<tag definition="comment" pattern="%%"></tag>
	<tag definition="divider" pattern="----"></tag>
	<tag definition="nativeblock" pattern="~~"></tag>
	<tag definition="blockquote" pattern=">"></tag>
	<tag definition="orderedList" pattern="\d."></tag>
	<tag definition="unorderedList" pattern="*"></tag>
	<tag definition="unorderedList" pattern="+"></tag>
	<tag definition="unorderedList" pattern="-"></tag>
	<tag definition="code" startPattern="`" endPattern="`"></tag>
	<tag definition="delete" startPattern="||" endPattern="||"></tag>
	<tag definition="emph" startPattern="*" endPattern="*"></tag>
	<tag definition="emph" startPattern="_" endPattern="_"></tag>
	<tag definition="inlineComment" startPattern="++" endPattern="++"></tag>
	<tag definition="inlineNative" startPattern="~" endPattern="~"></tag>
	<tag definition="mark" startPattern="::" endPattern="::"></tag>
	<tag definition="strong" startPattern="__" endPattern="__"></tag>
	<tag definition="strong" startPattern="**" endPattern="**"></tag>
	<tag definition="annotation" startPattern="{" endPattern="}"></tag>
	<tag definition="link" startPattern="[" endPattern="]"></tag>
	<tag definition="footnote" pattern="(fn)"></tag>
	<tag definition="image" pattern="(img)"></tag>
	<tag definition="video" pattern="(vid)"></tag>
</markup>
<string xml:space="preserve">
<p><tags><tag kind="heading2">## </tag></tags>ポップオーバー</p>
<p></p>
<p>お気づきのように、Ulysses のほとんどの高度な機能は小さなポップオーバーに格納されています。本当に必要な時まで、そうして隠れているのです。大抵のポップオーバーは切り離して、HUD（ヘッドアップディスプレイ）として表示したままにして、手短かに参照したり、直接アクセスすることができます。第 2 のモニターとしても良いですよ。</p>
<p></p>
<p>ポップオーバーの中にはエディタの中からしか利用できないものもありますが、サイドバーで呼び出せるものもあります。例えば、グループやフィルタのコンテクストメニューからクイック書き出しを呼び出すことができます。また、同じ方法でテキストの統計情報を確認することもできます。</p>
<p></p>
<p>プロのヒント：クイック書き出し、よく使う項目と Navigator は、完全なキーボード操作機能を備えています。あなたがパワーユーザと思うなら、これを試してみてください…</p>
<p></p>
<p><tags><tag kind="heading3">### </tag></tags>⌘-8 を押して</p>
<p><tags><tag kind="heading3">### </tag></tags>上／下矢印キーを使って操作し、</p>
<p><tags><tag kind="heading3">### </tag></tags>このヘッドラインを選択してみて</p>
<p><tags><tag kind="heading3">### </tag></tags>違う、こっち。</p>
<p><tags><tag kind="heading3">### </tag></tags>違う、こっち。</p>
<p></p></string>
</sheet>