<sheet version="1">
<markup version="1" identifier="markdownxl" displayName="Markdown XL">
	<tag definition="heading1" pattern="#"></tag>
	<tag definition="heading2" pattern="##"></tag>
	<tag definition="heading3" pattern="###"></tag>
	<tag definition="heading4" pattern="####"></tag>
	<tag definition="heading5" pattern="#####"></tag>
	<tag definition="heading6" pattern="######"></tag>
	<tag definition="codeblock" pattern="''"></tag>
	<tag definition="comment" pattern="%%"></tag>
	<tag definition="divider" pattern="----"></tag>
	<tag definition="nativeblock" pattern="~~"></tag>
	<tag definition="blockquote" pattern=">"></tag>
	<tag definition="orderedList" pattern="\d."></tag>
	<tag definition="unorderedList" pattern="*"></tag>
	<tag definition="unorderedList" pattern="+"></tag>
	<tag definition="unorderedList" pattern="-"></tag>
	<tag definition="code" startPattern="`" endPattern="`"></tag>
	<tag definition="delete" startPattern="||" endPattern="||"></tag>
	<tag definition="emph" startPattern="*" endPattern="*"></tag>
	<tag definition="emph" startPattern="_" endPattern="_"></tag>
	<tag definition="inlineComment" startPattern="++" endPattern="++"></tag>
	<tag definition="inlineNative" startPattern="~" endPattern="~"></tag>
	<tag definition="mark" startPattern="::" endPattern="::"></tag>
	<tag definition="strong" startPattern="__" endPattern="__"></tag>
	<tag definition="strong" startPattern="**" endPattern="**"></tag>
	<tag definition="annotation" startPattern="{" endPattern="}"></tag>
	<tag definition="link" startPattern="[" endPattern="]"></tag>
	<tag definition="footnote" pattern="(fn)"></tag>
	<tag definition="image" pattern="(img)"></tag>
	<tag definition="video" pattern="(vid)"></tag>
</markup>
<string xml:space="preserve">
<p><tags><tag kind="heading3">### </tag></tags>Varios</p>
<p><tags><tag kind="unorderedList"> - </tag></tags>Haciendo doble clic en una hoja de la barra lateral irás al último punto editado.</p>
<p><tags><tag kind="unorderedList">- </tag></tags>Puedes tener varias ventanas abiertas a la vez (CMD-ALT-N).</p>
<p><tags><tag kind="unorderedList">- </tag></tags>Incluso puedes tener la misma hoja visible en todas las ventanas, cosa que queda muy espectacular y vistoso al editar, pero que en realidad no sirve de gran cosa.</p>
<p><tags><tag kind="unorderedList">- </tag></tags>CMD-S crea una versión nueva de la hoja actual. Selecciona «Explorar todas las versiones…» en el menú Archivo para ver con qué frecuencia has usado ese comando.</p>
<p><tags><tag kind="unorderedList">- </tag></tags>CMD-J une las hojas seleccionadas (J de juntar).</p>
<p><tags><tag>	</tag><tag kind="unorderedList">- </tag></tags>Si únicamente se ha seleccionado una hoja, se unirá con la hoja anterior.</p>
<p><tags><tag>	</tag><tag kind="unorderedList">- </tag></tags>Si no hay ninguna hoja encima de la seleccionada, la operación no podrá realizarse y no ocurrirá nada.</p>
<p><tags><tag kind="unorderedList">- </tag></tags>Puedes combinar hojas permanentemente con el comando «Combinar hojas» del menú Archivo.</p>
<p><tags><tag kind="unorderedList">- </tag></tags>También puedes dividir hojas en la posición actual del cursor usando el comando «Dividir en la selección» del menú Edición.</p>
<p></p></string>
</sheet>