<sheet version="1">
<markup version="1" identifier="markdownxl" displayName="Markdown XL">
	<tag definition="heading1" pattern="#"></tag>
	<tag definition="heading2" pattern="##"></tag>
	<tag definition="heading3" pattern="###"></tag>
	<tag definition="heading4" pattern="####"></tag>
	<tag definition="heading5" pattern="#####"></tag>
	<tag definition="heading6" pattern="######"></tag>
	<tag definition="codeblock" pattern="''"></tag>
	<tag definition="comment" pattern="%%"></tag>
	<tag definition="divider" pattern="----"></tag>
	<tag definition="nativeblock" pattern="~~"></tag>
	<tag definition="blockquote" pattern=">"></tag>
	<tag definition="orderedList" pattern="\d."></tag>
	<tag definition="unorderedList" pattern="*"></tag>
	<tag definition="unorderedList" pattern="+"></tag>
	<tag definition="unorderedList" pattern="-"></tag>
	<tag definition="code" startPattern="`" endPattern="`"></tag>
	<tag definition="delete" startPattern="||" endPattern="||"></tag>
	<tag definition="emph" startPattern="*" endPattern="*"></tag>
	<tag definition="emph" startPattern="_" endPattern="_"></tag>
	<tag definition="inlineComment" startPattern="++" endPattern="++"></tag>
	<tag definition="inlineNative" startPattern="~" endPattern="~"></tag>
	<tag definition="mark" startPattern="::" endPattern="::"></tag>
	<tag definition="strong" startPattern="__" endPattern="__"></tag>
	<tag definition="strong" startPattern="**" endPattern="**"></tag>
	<tag definition="annotation" startPattern="{" endPattern="}"></tag>
	<tag definition="link" startPattern="[" endPattern="]"></tag>
	<tag definition="footnote" pattern="(fn)"></tag>
	<tag definition="image" pattern="(img)"></tag>
	<tag definition="video" pattern="(vid)"></tag>
</markup>
<string xml:space="preserve">
<p><tags><tag kind="heading2">## </tag></tags>Présentation</p>
<p></p>
<p>À l'heure qu'il est, vous avez probablement sauté cette introduction et cliqué comme des fous sur les quelques boutons visibles à l'écran. C'est bon, défoulez-vous.</p>
<p></p>
<p>Lorsque vous aurez fini, nous devrions aborder quelques bases :</p>
<p></p>
<p><tags><tag kind="orderedList">1. </tag></tags>Ulysses III est ce que nous appelons un « éditeur de texte amélioré ». Tout ce que vous voyez — les titres, les listes et les emphases — a simplement été <element kind="emph" startTag="*">tapé</element>. Nous y reviendrons plus tard.</p>
<p></p>
<p><tags><tag kind="orderedList">2. </tag></tags>Ulysses III est une application utilisant une bibliothèque unique et tous vos textes résident dans cette seule bibliothèque. « Ouvrir » et « Fermer » n'existent pas et il n'y a pas d'accès au Finder : tout se passe au sein de cette fenêtre.</p>
<p></p>
<p><tags><tag kind="orderedList">3. </tag></tags>Ulysses III exploite pleinement iCloud, autrement dit, si vous avez configuré et activé iCloud, Ulysses stocke <element kind="strong" startTag="**">tout</element> sur les mégagrappes de serveurs super modernes d'Apple. Vous pouvez alors accéder à vos textes sur tous vos Mac tant que (ou dès que) vous avez une connexion Web.</p>
<p></p>
<p><tags><tag kind="orderedList">4. </tag></tags>Ulysses III ne propose ni styles ni formats WYSIWYG (What You See Is What You Get). Au lieu de cela, votre texte est automatiquement formaté lorsque vous l'exportez comme document PDF, page Web ou livre numérique.</p>
<p></p>
<p>Mais surtout : Ulysses III est une application conçue pour se développer et s'adapter. Utilisez-la comme bloc-note sophistiqué, réinventez le roman français. Alimentez votre blog, structurez tout ou faites n'importe quoi.</p>
<p></p>
<p>Il n'y a pas de « bonne » façon de procéder ici. Mettez-vous à l'aise et appropriez-vous Ulysses.</p>
<p></p></string>
</sheet>