<sheet version="1">
<markup version="1" identifier="markdownxl" displayName="Markdown XL">
	<tag definition="heading1" pattern="#"/>
	<tag definition="heading2" pattern="##"/>
	<tag definition="heading3" pattern="###"/>
	<tag definition="heading4" pattern="####"/>
	<tag definition="heading5" pattern="#####"/>
	<tag definition="heading6" pattern="######"/>
	<tag definition="codeblock" pattern="''"/>
	<tag definition="comment" pattern="%%"/>
	<tag definition="divider" pattern="----"/>
	<tag definition="nativeblock" pattern="~~"/>
	<tag definition="blockquote" pattern=">"/>
	<tag definition="orderedList" pattern="\d."/>
	<tag definition="unorderedList" pattern="*"/>
	<tag definition="unorderedList" pattern="+"/>
	<tag definition="unorderedList" pattern="-"/>
	<tag definition="code" startPattern="`" endPattern="`"/>
	<tag definition="delete" startPattern="||" endPattern="||"/>
	<tag definition="emph" startPattern="*" endPattern="*"/>
	<tag definition="emph" startPattern="_" endPattern="_"/>
	<tag definition="inlineComment" startPattern="++" endPattern="++"/>
	<tag definition="inlineNative" startPattern="~" endPattern="~"/>
	<tag definition="mark" startPattern="::" endPattern="::"/>
	<tag definition="strong" startPattern="__" endPattern="__"/>
	<tag definition="strong" startPattern="**" endPattern="**"/>
	<tag definition="annotation" startPattern="{" endPattern="}"/>
	<tag definition="link" startPattern="[" endPattern="]"/>
	<tag definition="footnote" pattern="(fn)"/>
	<tag definition="image" pattern="(img)"/>
	<tag definition="video" pattern="(vid)"/>
</markup>
<string xml:space="preserve">
<p><tags><tag kind="heading2">## </tag></tags>1.1版的简介</p>
<p></p>
<p>在最近几个月里，外界对 Ulysses III 的反映很好。媒体的一致好评及 Mac App Store 的推荐，可以说用户的反馈是惊人的。 </p>
<p></p>
<p>如果您是早期的用户之一, 我们从心底里对您说声“谢谢！”。很高兴有这么棒的拥护者。真的，您太棒了！</p>
<p></p>
<p>您现在看的这一版本加入了大量用户们要求功能。这些功能实在太多了，无法一一列举──全面的搜索功能已经有了、还有像是打字机式滚动、自动完成列表和标签，最后，您更可以创建自己想要的的导出样式。 </p>
<p></p>
<p>对一些人来说，这些功能都是“1.0 版”就应该要有的，他们也许是对的。我们现在很高兴可以推出这个超棒、全面改进的版本。1.0 版给了我们更多的空间、更充裕的时间来对每一项目进行改进。希望您能看得到我们的努力。</p>
<p></p>
<p>以后，我们将继续推动的纯文本编辑的开发，来为我们最可爱的用户们带来惊喜。 </p>
<p></p>
<p>再次感谢，祝好！</p>
<p></p>
<p>Marcus Fehn | The Soulmen</p>
<p>2013年9月</p>
</string>
</sheet>