<sheet version="1">
<markup version="1" identifier="markdownxl" displayName="Markdown XL">
	<tag definition="heading1" pattern="#"></tag>
	<tag definition="heading2" pattern="##"></tag>
	<tag definition="heading3" pattern="###"></tag>
	<tag definition="heading4" pattern="####"></tag>
	<tag definition="heading5" pattern="#####"></tag>
	<tag definition="heading6" pattern="######"></tag>
	<tag definition="codeblock" pattern="''"></tag>
	<tag definition="comment" pattern="%%"></tag>
	<tag definition="divider" pattern="----"></tag>
	<tag definition="nativeblock" pattern="~~"></tag>
	<tag definition="blockquote" pattern=">"></tag>
	<tag definition="orderedList" pattern="\d."></tag>
	<tag definition="unorderedList" pattern="*"></tag>
	<tag definition="unorderedList" pattern="+"></tag>
	<tag definition="unorderedList" pattern="-"></tag>
	<tag definition="code" startPattern="`" endPattern="`"></tag>
	<tag definition="delete" startPattern="||" endPattern="||"></tag>
	<tag definition="emph" startPattern="*" endPattern="*"></tag>
	<tag definition="emph" startPattern="_" endPattern="_"></tag>
	<tag definition="inlineComment" startPattern="++" endPattern="++"></tag>
	<tag definition="inlineNative" startPattern="~" endPattern="~"></tag>
	<tag definition="mark" startPattern="::" endPattern="::"></tag>
	<tag definition="strong" startPattern="__" endPattern="__"></tag>
	<tag definition="strong" startPattern="**" endPattern="**"></tag>
	<tag definition="annotation" startPattern="{" endPattern="}"></tag>
	<tag definition="link" startPattern="[" endPattern="]"></tag>
	<tag definition="footnote" pattern="(fn)"></tag>
	<tag definition="image" pattern="(img)"></tag>
	<tag definition="video" pattern="(vid)"></tag>
</markup>
<string xml:space="preserve">
<p><tags><tag kind="heading3">### </tag></tags>書き出す：スタイラス</p>
<p></p>
<p>クイック書き出し HUD の下に書き出しスタイルを切り替えるオプションがあります。それぞれのスタイルは前もって定義された変換のルールがあります。</p>
<p></p>
<p>例えば：</p>
<p></p>
<p>ヘッドライン：Helvetica Neue、ボールド、24pt。</p>
<p>本文：Helvetica Neue、標準、14pt。</p>
<p>強調：ボールド</p>
<p>イメージ：ボーダーを描く、1pt、黒。</p>
<p>コメント：削除</p>
<p></p>
<p>など、など。 </p>
<p></p>
<p>Ulysses はそれぞれのエクスポータに数個の内蔵スタイルを準備しています。一覧をご覧になるには、“環境設定 › スタイル”と進んで下さい。ここで必要のないスタイルを無効に設定したり、編集のためにスタイルを複製できます。また、<element kind="link"><attribute identifier="URL">http://styles.ulyssesapp.com/</attribute><attribute identifier="title">Ulysses Style Exchange</attribute>Ulysses Style Exchange</element> から新しいスタイルをダウンロードすることも共有も可能です。 </p>
<p></p></string>
</sheet>