<sheet version="1">
<markup version="1" identifier="markdownxl" displayName="Markdown XL">
	<tag definition="heading1" pattern="#"></tag>
	<tag definition="heading2" pattern="##"></tag>
	<tag definition="heading3" pattern="###"></tag>
	<tag definition="heading4" pattern="####"></tag>
	<tag definition="heading5" pattern="#####"></tag>
	<tag definition="heading6" pattern="######"></tag>
	<tag definition="codeblock" pattern="''"></tag>
	<tag definition="comment" pattern="%%"></tag>
	<tag definition="divider" pattern="----"></tag>
	<tag definition="nativeblock" pattern="~~"></tag>
	<tag definition="blockquote" pattern=">"></tag>
	<tag definition="orderedList" pattern="\d."></tag>
	<tag definition="unorderedList" pattern="*"></tag>
	<tag definition="unorderedList" pattern="+"></tag>
	<tag definition="unorderedList" pattern="-"></tag>
	<tag definition="code" startPattern="`" endPattern="`"></tag>
	<tag definition="delete" startPattern="||" endPattern="||"></tag>
	<tag definition="emph" startPattern="*" endPattern="*"></tag>
	<tag definition="emph" startPattern="_" endPattern="_"></tag>
	<tag definition="inlineComment" startPattern="++" endPattern="++"></tag>
	<tag definition="inlineNative" startPattern="~" endPattern="~"></tag>
	<tag definition="mark" startPattern="::" endPattern="::"></tag>
	<tag definition="strong" startPattern="__" endPattern="__"></tag>
	<tag definition="strong" startPattern="**" endPattern="**"></tag>
	<tag definition="annotation" startPattern="{" endPattern="}"></tag>
	<tag definition="link" startPattern="[" endPattern="]"></tag>
	<tag definition="footnote" pattern="(fn)"></tag>
	<tag definition="image" pattern="(img)"></tag>
	<tag definition="video" pattern="(vid)"></tag>
</markup>
<string xml:space="preserve">
<p><tags><tag kind="heading3">### </tag></tags>基本操作</p>
<p><tags><tag kind="unorderedList">- </tag></tags>⌘-N：新規シートを作成</p>
<p><tags><tag kind="unorderedList">- </tag></tags>⌘-SHIFT-N：新規グループを作成</p>
<p><tags><tag kind="unorderedList">- </tag></tags>⌘-CTRL-N：新規フィルタを作成</p>
<p><tags><tag kind="unorderedList">- </tag></tags>項目はいつも現在の選択項目の近くに作成されます。</p>
<p><tags><tag kind="unorderedList">- </tag></tags>シートは現在選択中のシートの下に作成されます。</p>
<p><tags><tag kind="unorderedList">- </tag></tags>グループとフィルタは現在選択中のグループの中に作成されます。  </p>
<p><tags><tag kind="unorderedList">- </tag></tags>選択項目がない場合、あるいは選択項目が新規コンテンツを受け付けない場合（ライブラリ＞ すべて など）、項目は最上カテゴリに作成されます (例 iCloud）。 </p>
<p><tags><tag kind="unorderedList">- </tag></tags>クリックして選択</p>
<p><tags><tag kind="unorderedList">- </tag></tags>ダブルクリックして編集</p>
<p></p>
<p><tags><tag kind="heading3">### </tag></tags>HUD および表示</p>
<p><tags><tag kind="unorderedList">- </tag></tags>⌘-1：サイドバーを切り替え</p>
<p><tags><tag kind="unorderedList">- </tag></tags>⌘-1：シート列を切り替え</p>
<p><tags><tag kind="unorderedList">- </tag></tags>⌘-3：編集のみの表示を切り替え</p>
<p><tags><tag kind="unorderedList">- </tag></tags>⌘-5：よく使う項目を表示</p>
<p><tags><tag kind="unorderedList">- </tag></tags>⌘-6：クイック書き出しを表示</p>
<p><tags><tag kind="unorderedList">- </tag></tags>⌘-7：統計情報を表示</p>
<p><tags><tag kind="unorderedList">- </tag></tags>⌘-8：Navigator を表示（ナビゲイター、ナビゲェイトァー、ナビグ・エイト・アー。分かった？）</p>
<p><tags><tag kind="unorderedList">- </tag></tags>⌘-9：マークアップバーを表示</p>
<p></p>
<p><tags><tag kind="heading3">### </tag></tags>クイックオープンパネル</p>
<p><tags><tag kind="unorderedList">- </tag></tags>⌘-O：現在のセクション（iCloud、自分の Mac 内など)でシートを検索</p>
<p><tags><tag kind="unorderedList">- </tag></tags>⌘-SHIFT-O：ライブラリ全体でシートを検索</p>
<p><tags><tag kind="unorderedList">- </tag></tags>⌘-ALT-O：現在選択しているグループでシートを検索 </p>
<p></p>
<p><tags><tag kind="heading3">### </tag></tags>グローバル検索</p>
<p><tags><tag kind="unorderedList">- </tag></tags>⌘-SHIFT-F：シートフィルタを表示</p>
<p><tags><tag kind="unorderedList">- </tag></tags>ESC キー：シートフィルタを取り消し</p>
<p></p>
<p><tags><tag kind="heading3">### </tag></tags>検索の編集＆置き換え</p>
<p><tags><tag kind="unorderedList">- </tag></tags>⌘-F：検索パネルを表示</p>
<p><tags><tag kind="unorderedList">- </tag></tags>ALT-⌘-F：検索＆置き換えパネルを表示</p>
<p><tags><tag kind="unorderedList">- </tag></tags>ESC キー：検索／置き換えパネルを閉じる</p>
<p></p>
<p><tags><tag kind="heading3">### </tag></tags>エディタスマートペースト</p>
<p><tags><tag kind="unorderedList">- </tag></tags>スマートペーストを呼び出すには、⌘-SHIFT-V、</p>
<p><tags><tag kind="unorderedList">- </tag></tags>または、⌘-Vを押したままにしてください。</p>
<p><tags><tag>	</tag><tag kind="unorderedList">- </tag></tags>ペーストのオプションはクリップボードのコンテンツと使用中にMarkupにより異なります。</p>
<p><tags><tag>	</tag><tag kind="unorderedList">- </tag></tags>利用可能なペーストオプションのプレビューを表示するには、左右の矢印を使用してください。</p>
<p><tags><tag>	</tag><tag kind="unorderedList">- </tag></tags>確認してペーストするには、ENTERを押して下さい。</p>
</string>
</sheet>