<sheet version="1">
<markup version="1" identifier="markdownxl" displayName="Markdown XL">
	<tag definition="heading1" pattern="#"></tag>
	<tag definition="heading2" pattern="##"></tag>
	<tag definition="heading3" pattern="###"></tag>
	<tag definition="heading4" pattern="####"></tag>
	<tag definition="heading5" pattern="#####"></tag>
	<tag definition="heading6" pattern="######"></tag>
	<tag definition="codeblock" pattern="''"></tag>
	<tag definition="comment" pattern="%%"></tag>
	<tag definition="divider" pattern="----"></tag>
	<tag definition="nativeblock" pattern="~~"></tag>
	<tag definition="blockquote" pattern=">"></tag>
	<tag definition="orderedList" pattern="\d."></tag>
	<tag definition="unorderedList" pattern="*"></tag>
	<tag definition="unorderedList" pattern="+"></tag>
	<tag definition="unorderedList" pattern="-"></tag>
	<tag definition="code" startPattern="`" endPattern="`"></tag>
	<tag definition="delete" startPattern="||" endPattern="||"></tag>
	<tag definition="emph" startPattern="*" endPattern="*"></tag>
	<tag definition="emph" startPattern="_" endPattern="_"></tag>
	<tag definition="inlineComment" startPattern="++" endPattern="++"></tag>
	<tag definition="inlineNative" startPattern="~" endPattern="~"></tag>
	<tag definition="mark" startPattern="::" endPattern="::"></tag>
	<tag definition="strong" startPattern="__" endPattern="__"></tag>
	<tag definition="strong" startPattern="**" endPattern="**"></tag>
	<tag definition="annotation" startPattern="{" endPattern="}"></tag>
	<tag definition="link" startPattern="[" endPattern="]"></tag>
	<tag definition="footnote" pattern="(fn)"></tag>
	<tag definition="image" pattern="(img)"></tag>
	<tag definition="video" pattern="(vid)"></tag>
</markup>
<string xml:space="preserve">
<p><tags><tag kind="heading2">## </tag></tags>Markup</p>
<p><tags><tag kind="unorderedList">- </tag></tags>CMD+# per titoli</p>
<p><tags><tag kind="unorderedList">- </tag></tags>CMD+I per <element kind="strong" startTag="**">enfasi</element></p>
<p><tags><tag kind="unorderedList">- </tag></tags>CMD+B per <element kind="strong" startTag="**">enfasi forte</element></p>
<p><tags><tag kind="unorderedList">- </tag></tags>CMD+L per <element kind="link"><attribute identifier="URL"></attribute><attribute identifier="title"></attribute>link</element></p>
<p><tags><tag kind="unorderedList">- </tag></tags>CMD+K per rimuovere qualsiasi tipo di markup</p>
<p><tags><tag kind="unorderedList">- </tag></tags>CMD-9 per visualizzare la Barra Markup nel caso in cui tu abbia bisogno di un promemoria</p>
<p></p>
<p><tags><tag kind="heading2">## </tag></tags>Tag smart</p>
<p><tags><tag kind="unorderedList">- </tag></tags>Se la funzione è abilitata, verrà inserito automaticamente il segnaposto del tag finale dopo aver digitato il tag iniziale seguito da un carattere</p>
<p><tags><tag kind="unorderedList">- </tag></tags>Puoi abilitare Tag smart tramite Composizione › Sostituzioni</p>
<p></p>
<p><tags><tag kind="heading2">## </tag></tags>Completamento tag finale</p>
<p><tags><tag kind="unorderedList">- </tag></tags>Premi ESC per inserire automaticamente il tag finale</p>
<p><tags><tag kind="unorderedList">- </tag></tags>Per confermare il tag finale hai le seguenti possibilità:</p>
<p><tags><tag>	</tag><tag kind="unorderedList">- </tag></tags>Premi Enter</p>
<p><tags><tag>	</tag><tag kind="unorderedList">- </tag></tags>Premi freccia destra</p>
<p><tags><tag>	</tag><tag kind="unorderedList">- </tag></tags>Premi freccia giù (se ti trovi alla fine del foglio)</p>
<p><tags><tag>	</tag><tag kind="unorderedList">- </tag></tags>Digita il tag finale</p>
<p><tags><tag kind="unorderedList">- </tag></tags>Per eliminare il tag finale premi ESC</p>
<p></p>
<p><tags><tag kind="heading3">### </tag></tags>Ignora carattere</p>
<p><tags><tag kind="unorderedList">- </tag></tags>Per far sì che Ulysses non consideri un carattere come markup, è sufficiente aggiungere prima dello stesso una barra inversa (backslash) (per esempio, se vuoi inserire proprio delle parentesi quadre e non un link digita "<escape>\[</escape>qualcosa]")</p>
<p></p>
<p><tags><tag kind="heading3">### </tag></tags>Barra Markup (ovvero Suggeritore)</p>
<p><tags><tag kind="unorderedList">- </tag></tags>Quando visualizzi il Suggeritore markup (CMD+9), puoi  cliccare su uno dei markup elencati per applicarlo al testo selezionato</p>
<p><tags><tag kind="unorderedList">- </tag></tags>Funziona anche con la selezione multipla (CMD+clic su diverse parti del testo)</p>
<p><tags><tag kind="unorderedList">- </tag></tags>Ai paragrafi a più livelli, come liste e citazioni, verrà applicato un rientro di +1 ogni volta che vi clicchi sopra</p>
<p><tags><tag kind="unorderedList">- </tag></tags>SHIFT+click rimuove il markup da paragrafi sporgenti a più livelli</p>
<p></p></string>
</sheet>