<sheet version="1">
<markup version="1" identifier="markdownxl" displayName="Markdown XL">
	<tag definition="heading1" pattern="#"></tag>
	<tag definition="heading2" pattern="##"></tag>
	<tag definition="heading3" pattern="###"></tag>
	<tag definition="heading4" pattern="####"></tag>
	<tag definition="heading5" pattern="#####"></tag>
	<tag definition="heading6" pattern="######"></tag>
	<tag definition="codeblock" pattern="''"></tag>
	<tag definition="comment" pattern="%%"></tag>
	<tag definition="divider" pattern="----"></tag>
	<tag definition="nativeblock" pattern="~~"></tag>
	<tag definition="blockquote" pattern=">"></tag>
	<tag definition="orderedList" pattern="\d."></tag>
	<tag definition="unorderedList" pattern="*"></tag>
	<tag definition="unorderedList" pattern="+"></tag>
	<tag definition="unorderedList" pattern="-"></tag>
	<tag definition="code" startPattern="`" endPattern="`"></tag>
	<tag definition="delete" startPattern="||" endPattern="||"></tag>
	<tag definition="emph" startPattern="*" endPattern="*"></tag>
	<tag definition="emph" startPattern="_" endPattern="_"></tag>
	<tag definition="inlineComment" startPattern="++" endPattern="++"></tag>
	<tag definition="inlineNative" startPattern="~" endPattern="~"></tag>
	<tag definition="mark" startPattern="::" endPattern="::"></tag>
	<tag definition="strong" startPattern="__" endPattern="__"></tag>
	<tag definition="strong" startPattern="**" endPattern="**"></tag>
	<tag definition="annotation" startPattern="{" endPattern="}"></tag>
	<tag definition="link" startPattern="[" endPattern="]"></tag>
	<tag definition="footnote" pattern="(fn)"></tag>
	<tag definition="image" pattern="(img)"></tag>
	<tag definition="video" pattern="(vid)"></tag>
</markup>
<string xml:space="preserve">
<p><tags><tag kind="heading2">## </tag></tags>Resumen</p>
<p></p>
<p>Posiblemente ya hayas saltado esta introducción haciendo clic a lo loco en los pocos botones visibles en pantalla. No pasa nada, deja salir toda esa energía.</p>
<p></p>
<p>En cuanto hayas terminado, deberíamos repasar algunos aspectos básicos:</p>
<p></p>
<p><tags><tag kind="orderedList">1. </tag></tags>Ulysses III es lo que llamamos un «editor de texto normal mejorado». Todo lo que ves (títulos, listas y estilos) se crea <element kind="emph" startTag="*">tecleándolo</element>. Hablaremos de esto un poco más adelante.</p>
<p></p>
<p><tags><tag kind="orderedList">2. </tag></tags>Ulysses III es una app con una única biblioteca, que es la que contiene todos tus textos. No hay opciones para «Abrir» o «Guardar», y tampoco acceso al Finder; todo sucede dentro de esta ventana.</p>
<p></p>
<p><tags><tag kind="orderedList">3. </tag></tags>Ulysses III aprovecha iCloud al máximo. Es decir: si tienes iCloud configurado y activo, Ulysses lo guardará <element kind="strong" startTag="**">todo</element> en los superservidores ultramodernos de Apple. Esto te permitirá acceder a tus textos desde todos tus ordenadores Mac, siempre que tengas conexión a Internet.</p>
<p></p>
<p><tags><tag kind="orderedList">4. </tag></tags>Ulysses III no tiene funcionalidad WYSIWYG (What You See Is What You Get) para los estilos y formatos. En lugar de esto, tu texto se formateará automáticamente en cuanto lo exportes a formato PDF, página web o eBook.</p>
<p></p>
<p>Pero sobre todo, Ulysses III está diseñado para crecer y adaptarse. Puedes usarlo como un bloc de notas de lujo, o bien utilizarlo para crear la próxima novela de éxito. Puedes preparar los artículos de tu blog, tenerlo todo bien ordenadito, o probar mil combinaciones a voluntad.</p>
<p></p>
<p>No hay una forma «correcta» de hacer las cosas; relájate y usa nuestra app a tu gusto.</p>
<p></p></string>
</sheet>