<sheet version="1">
<markup version="1" identifier="markdownxl" displayName="Markdown XL">
	<tag definition="heading1" pattern="#"></tag>
	<tag definition="heading2" pattern="##"></tag>
	<tag definition="heading3" pattern="###"></tag>
	<tag definition="heading4" pattern="####"></tag>
	<tag definition="heading5" pattern="#####"></tag>
	<tag definition="heading6" pattern="######"></tag>
	<tag definition="codeblock" pattern="''"></tag>
	<tag definition="comment" pattern="%%"></tag>
	<tag definition="divider" pattern="----"></tag>
	<tag definition="nativeblock" pattern="~~"></tag>
	<tag definition="blockquote" pattern=">"></tag>
	<tag definition="orderedList" pattern="\d."></tag>
	<tag definition="unorderedList" pattern="*"></tag>
	<tag definition="unorderedList" pattern="+"></tag>
	<tag definition="unorderedList" pattern="-"></tag>
	<tag definition="code" startPattern="`" endPattern="`"></tag>
	<tag definition="delete" startPattern="||" endPattern="||"></tag>
	<tag definition="emph" startPattern="*" endPattern="*"></tag>
	<tag definition="emph" startPattern="_" endPattern="_"></tag>
	<tag definition="inlineComment" startPattern="++" endPattern="++"></tag>
	<tag definition="inlineNative" startPattern="~" endPattern="~"></tag>
	<tag definition="mark" startPattern="::" endPattern="::"></tag>
	<tag definition="strong" startPattern="__" endPattern="__"></tag>
	<tag definition="strong" startPattern="**" endPattern="**"></tag>
	<tag definition="annotation" startPattern="{" endPattern="}"></tag>
	<tag definition="link" startPattern="[" endPattern="]"></tag>
	<tag definition="footnote" pattern="(fn)"></tag>
	<tag definition="image" pattern="(img)"></tag>
	<tag definition="video" pattern="(vid)"></tag>
</markup>
<string xml:space="preserve">
<p><tags><tag kind="heading3">### </tag></tags>Markup</p>
<p><tags><tag kind="unorderedList">- </tag></tags>CMD-# für Überschriften</p>
<p><tags><tag kind="unorderedList">- </tag></tags>CMD-I zum <element kind="emph" startTag="*">Betonen</element></p>
<p><tags><tag kind="unorderedList">- </tag></tags>CMD-B zum Markieren als <element kind="strong" startTag="**">Wichtig</element></p>
<p><tags><tag kind="unorderedList">- </tag></tags>CMD-L für <element kind="link"><attribute identifier="URL"></attribute><attribute identifier="title"></attribute>Links</element></p>
<p><tags><tag kind="unorderedList">- </tag></tags>CMD-K zum Entfernen jeglicher Form von Markup (Löschen)</p>
<p><tags><tag kind="unorderedList">- </tag></tags>CMD-9 zum Einblenden der Markup-Leiste, falls Sie Hilfe brauchen</p>
<p></p>
<p><tags><tag kind="heading3">### </tag></tags>Intelligente Tags</p>
<p><tags><tag kind="unorderedList">- </tag></tags>Wenn aktiviert, werden End-Tag Platzhalter immer dann automatisch eingesetzt, wenn einem Start-Tag ein Zeichen folgt</p>
<p><tags><tag kind="unorderedList">- </tag></tags>Intelligente Tags können via Bearbeiten › Ersetzungen aktiviert werden</p>
<p></p>
<p><tags><tag kind="heading3">### </tag></tags>End-Tag Vervollständigung</p>
<p><tags><tag kind="unorderedList">- </tag></tags>ESC Drücken zum automatischen Eingeben eines End-Tag Platzhalters</p>
<p><tags><tag kind="unorderedList">- </tag></tags>Zum Akzeptieren des End-Tags folgendes tun:</p>
<p><tags><tag>	</tag><tag kind="unorderedList">- </tag></tags>Return drücken</p>
<p><tags><tag>	</tag><tag kind="unorderedList">- </tag></tags>Pfeil nach rechts drücken</p>
<p><tags><tag>	</tag><tag kind="unorderedList">- </tag></tags>Pfeil nach unten drücken (am Ende eines Blatts)</p>
<p><tags><tag>	</tag><tag kind="unorderedList">- </tag></tags>End-Tag eingeben</p>
<p><tags><tag kind="unorderedList">- </tag></tags>Zum Ablehnen des End-Tags ESC drücken</p>
<p></p>
<p><tags><tag kind="heading3">### </tag></tags>Escape-Zeichen</p>
<p><tags><tag kind="unorderedList">- </tag></tags>Um Ulysses davon abzuhalten, ein bestimmtes Zeichen als Markup zu interpretieren, kann einfach ein Backslash vor dem entsprechenden Zeichen eingefügt werden (z. B. wenn wirklich eine eckige Klammer und kein Link gewünscht ist, folgendes eingeben: “<escape>\[</escape>irgendwas]”)</p>
<p></p>
<p><tags><tag kind="heading3">### </tag></tags>Markup-Leiste (auch „Spickzettel“ genannt)</p>
<p><tags><tag kind="unorderedList">- </tag></tags>Wenn die Markup-Leiste angezeigt wird (CMD-9), kann auf jedes der aufgeführten Markups geklickt werden, um es auf die aktuelle Auswahl anzuwenden</p>
<p><tags><tag kind="unorderedList">- </tag></tags>Dies funktioniert auch mit mehrfachen Auswahlen (CMD-Klicken zum mehrfachen Auswählen von Text)</p>
<p><tags><tag kind="unorderedList">- </tag></tags>Absätze mehrerer Ebenen, beispielsweise als Listen oder Blockzitate, Einzug wird pro Klick um +1 erhöht</p>
<p><tags><tag kind="unorderedList">- </tag></tags>UMSCHALT-Klicken entfernt das Markup oder rückt Absätze mehrerer Ebenen aus</p>
</string>
</sheet>