<sheet version="1">
<markup version="1" identifier="markdownxl" displayName="Markdown XL">
	<tag definition="heading1" pattern="#"></tag>
	<tag definition="heading2" pattern="##"></tag>
	<tag definition="heading3" pattern="###"></tag>
	<tag definition="heading4" pattern="####"></tag>
	<tag definition="heading5" pattern="#####"></tag>
	<tag definition="heading6" pattern="######"></tag>
	<tag definition="codeblock" pattern="''"></tag>
	<tag definition="comment" pattern="%%"></tag>
	<tag definition="divider" pattern="----"></tag>
	<tag definition="nativeblock" pattern="~~"></tag>
	<tag definition="blockquote" pattern=">"></tag>
	<tag definition="orderedList" pattern="\d."></tag>
	<tag definition="unorderedList" pattern="*"></tag>
	<tag definition="unorderedList" pattern="+"></tag>
	<tag definition="unorderedList" pattern="-"></tag>
	<tag definition="code" startPattern="`" endPattern="`"></tag>
	<tag definition="delete" startPattern="||" endPattern="||"></tag>
	<tag definition="emph" startPattern="*" endPattern="*"></tag>
	<tag definition="emph" startPattern="_" endPattern="_"></tag>
	<tag definition="inlineComment" startPattern="++" endPattern="++"></tag>
	<tag definition="inlineNative" startPattern="~" endPattern="~"></tag>
	<tag definition="mark" startPattern="::" endPattern="::"></tag>
	<tag definition="strong" startPattern="__" endPattern="__"></tag>
	<tag definition="strong" startPattern="**" endPattern="**"></tag>
	<tag definition="annotation" startPattern="{" endPattern="}"></tag>
	<tag definition="link" startPattern="[" endPattern="]"></tag>
	<tag definition="footnote" pattern="(fn)"></tag>
	<tag definition="image" pattern="(img)"></tag>
	<tag definition="video" pattern="(vid)"></tag>
</markup>
<string xml:space="preserve">
<p><tags><tag kind="heading3">### </tag></tags>Navegación: barra lateral</p>
<p><tags><tag kind="unorderedList">- </tag></tags>Flecha derecha en un grupo para abrirlo.</p>
<p><tags><tag kind="unorderedList">- </tag></tags>Flecha derecha en una pila para cambiar la zona activa a la lista de hojas.</p>
<p></p>
<p><tags><tag kind="heading3">### </tag></tags>Navegación: lista de hojas</p>
<p><tags><tag kind="unorderedList">- </tag></tags>Flecha derecha para cambiar la zona activa al editor (y colocar el punto de inserción en el último punto editado).</p>
<p><tags><tag kind="unorderedList">- </tag></tags>Flecha izquierda para cambiar la zona activa a la barra lateral.</p>
<p></p>
<p><tags><tag kind="heading3">### </tag></tags>Navegación: editor</p>
<p><tags><tag kind="unorderedList">- </tag></tags>Al inicio de una hoja:</p>
<p><tags><tag>	</tag><tag kind="unorderedList">- </tag></tags>Pulsa dos veces la flecha arriba para pasar a la hoja anterior.</p>
<p><tags><tag kind="unorderedList">- </tag></tags>Al final de una hoja:</p>
<p><tags><tag>	</tag><tag kind="unorderedList">- </tag></tags>Pulsa dos veces la flecha abajo para pasar a la hoja siguiente.</p>
<p><tags><tag kind="unorderedList">- </tag></tags>En cualquier punto de una hoja:</p>
<p><tags><tag>	</tag><tag kind="unorderedList">- </tag></tags>CMD-ALT-flecha arriba para pasar a la hoja anterior.</p>
<p><tags><tag>	</tag><tag kind="unorderedList">- </tag></tags>CMD-ALT-flecha abajo para pasar a la hoja siguiente. </p>
<p><tags><tag kind="unorderedList">- </tag></tags>Pulsa dos veces CMD-flecha izquierda para cambiar la zona activa a la lista de hojas.</p>
<p></p>
<p><tags><tag kind="heading3">### </tag></tags>Copiar y mover en las barras laterales</p>
<p><tags><tag kind="unorderedList">- </tag></tags>De forma predeterminada, arrastrar grupos y hojas hacia iCloud y «En mi Mac» o entre ellos siempre <element kind="emph" startTag="_">moverá</element> el contenido a la nueva ubicación.</p>
<p><tags><tag kind="unorderedList">- </tag></tags>Arrastrar hacia Daedalus y Fuentes externas o entre ellos siempre <element kind="emph" startTag="_">copiará</element> el contenido, con lo que existirá en ambas ubicaciones.</p>
<p><tags><tag kind="unorderedList">- </tag></tags>Mantén pulsado ALT al arrastrar para obligar a <element kind="emph" startTag="_">copiar</element> los grupos y hojas.</p>
<p><tags><tag kind="unorderedList">- </tag></tags>Mantén pulsado CMD al arrastrar para obligar a <element kind="emph" startTag="_">mover</element> los grupos y hojas.</p>
<p></p></string>
</sheet>