<sheet version="1">
<markup version="1" identifier="markdownxl" displayName="Markdown XL">
	<tag definition="heading1" pattern="#"></tag>
	<tag definition="heading2" pattern="##"></tag>
	<tag definition="heading3" pattern="###"></tag>
	<tag definition="heading4" pattern="####"></tag>
	<tag definition="heading5" pattern="#####"></tag>
	<tag definition="heading6" pattern="######"></tag>
	<tag definition="codeblock" pattern="''"></tag>
	<tag definition="comment" pattern="%%"></tag>
	<tag definition="divider" pattern="----"></tag>
	<tag definition="nativeblock" pattern="~~"></tag>
	<tag definition="blockquote" pattern=">"></tag>
	<tag definition="orderedList" pattern="\d."></tag>
	<tag definition="unorderedList" pattern="*"></tag>
	<tag definition="unorderedList" pattern="+"></tag>
	<tag definition="unorderedList" pattern="-"></tag>
	<tag definition="code" startPattern="`" endPattern="`"></tag>
	<tag definition="delete" startPattern="||" endPattern="||"></tag>
	<tag definition="emph" startPattern="*" endPattern="*"></tag>
	<tag definition="emph" startPattern="_" endPattern="_"></tag>
	<tag definition="inlineComment" startPattern="++" endPattern="++"></tag>
	<tag definition="inlineNative" startPattern="~" endPattern="~"></tag>
	<tag definition="mark" startPattern="::" endPattern="::"></tag>
	<tag definition="strong" startPattern="__" endPattern="__"></tag>
	<tag definition="strong" startPattern="**" endPattern="**"></tag>
	<tag definition="annotation" startPattern="{" endPattern="}"></tag>
	<tag definition="link" startPattern="[" endPattern="]"></tag>
	<tag definition="footnote" pattern="(fn)"></tag>
	<tag definition="image" pattern="(img)"></tag>
	<tag definition="video" pattern="(vid)"></tag>
</markup>
<string xml:space="preserve">
<p><tags><tag kind="heading3">### </tag></tags>Modes d'écran</p>
<p><tags><tag kind="unorderedList">- </tag></tags>CMD-ALT-P pour activer et désactiver le mode plat.</p>
<p><tags><tag kind="unorderedList">- </tag></tags>CMD-ALT-L pour activer et désactiver le thème sombre.</p>
<p><tags><tag kind="unorderedList">- </tag></tags>CMD-CTRL-F pour activer et désactiver le mode plein écran.</p>
<p></p>
<p><tags><tag kind="heading3">### </tag></tags>Options de la liste des feuilles</p>
<p><tags><tag kind="unorderedList">- </tag></tags>Le menu Présentation contient plusieurs options pour personnaliser la liste des feuilles :</p>
<p><tags><tag>	</tag><tag kind="unorderedList">- </tag></tags>Régler l'aperçu de feuille entre une et six lignes.</p>
<p><tags><tag>	</tag><tag kind="unorderedList">- </tag></tags>Inclure les mots-clés et objectifs dans l'aperçu de feuille.</p>
<p><tags><tag>	</tag><tag kind="unorderedList">- </tag></tags>Trier manuellement, par date ou par premier(s) caractère(s).</p>
<p></p>
<p><tags><tag kind="heading3">### </tag></tags>Options de l'éditeur</p>
<p><tags><tag kind="unorderedList">- </tag></tags>Le menu Présentation contient des options pour personnaliser l'éditeur :</p>
<p><tags><tag kind="unorderedList">- </tag></tags>CMD-ALT-T pour activer et désactiver le défilement machine à écrire.</p>
<p><tags><tag>	</tag><tag kind="unorderedList">- </tag></tags>Celui-ci peut être défini en haut, au centre ou en bas.</p>
<p><tags><tag>	</tag><tag kind="unorderedList">- </tag></tags>Il peut être fixe ou variable.</p>
<p><tags><tag kind="unorderedList">- </tag></tags>La ligne sélectionnée peut être mise en surbrillance.</p>
<p><tags><tag kind="unorderedList">- </tag></tags>Avec affichage ou non des numéros de paragraphe.</p>
<p></p>
<p><tags><tag kind="heading3">### </tag></tags>Taille de police</p>
<p><tags><tag kind="unorderedList">- </tag></tags>CMD-plus pour augmenter la taille de police.</p>
<p><tags><tag kind="unorderedList">- </tag></tags>CMD-moins pour diminuer la taille de police.</p>
<p><tags><tag kind="unorderedList">- </tag></tags>CMD-0 pour rétablir les valeurs par défaut de la taille de police.</p>
<p></p></string>
</sheet>