<sheet version="1">
<markup version="1" identifier="markdownxl" displayName="Markdown XL">
	<tag definition="heading1" pattern="#"></tag>
	<tag definition="heading2" pattern="##"></tag>
	<tag definition="heading3" pattern="###"></tag>
	<tag definition="heading4" pattern="####"></tag>
	<tag definition="heading5" pattern="#####"></tag>
	<tag definition="heading6" pattern="######"></tag>
	<tag definition="codeblock" pattern="''"></tag>
	<tag definition="comment" pattern="%%"></tag>
	<tag definition="divider" pattern="----"></tag>
	<tag definition="nativeblock" pattern="~~"></tag>
	<tag definition="blockquote" pattern=">"></tag>
	<tag definition="orderedList" pattern="\d."></tag>
	<tag definition="unorderedList" pattern="*"></tag>
	<tag definition="unorderedList" pattern="+"></tag>
	<tag definition="unorderedList" pattern="-"></tag>
	<tag definition="code" startPattern="`" endPattern="`"></tag>
	<tag definition="delete" startPattern="||" endPattern="||"></tag>
	<tag definition="emph" startPattern="*" endPattern="*"></tag>
	<tag definition="emph" startPattern="_" endPattern="_"></tag>
	<tag definition="inlineComment" startPattern="++" endPattern="++"></tag>
	<tag definition="inlineNative" startPattern="~" endPattern="~"></tag>
	<tag definition="mark" startPattern="::" endPattern="::"></tag>
	<tag definition="strong" startPattern="__" endPattern="__"></tag>
	<tag definition="strong" startPattern="**" endPattern="**"></tag>
	<tag definition="annotation" startPattern="{" endPattern="}"></tag>
	<tag definition="link" startPattern="[" endPattern="]"></tag>
	<tag definition="footnote" pattern="(fn)"></tag>
	<tag definition="image" pattern="(img)"></tag>
	<tag definition="video" pattern="(vid)"></tag>
</markup>
<string xml:space="preserve">
<p><tags><tag kind="heading2">## </tag></tags>Overview</p>
<p></p>
<p>By now you’ve probably skipped this introduction and manically clicked on what few buttons are visible on screen. That’s alright, let it out.</p>
<p></p>
<p>As soon as you’re ready, we should cover some basics:</p>
<p></p>
<p><tags><tag kind="orderedList">1. </tag></tags>Ulysses III is what we call an “enhanced plain text editor”. Everything you see — headlines, lists and emphasis — is just <element kind="emph" startTag="*">typed in</element>. We will come back to this later.</p>
<p></p>
<p><tags><tag kind="orderedList">2. </tag></tags>Ulysses III is a single-library app, and all your texts live in this single library. There is no “Open”, no “Save”, no Finder access — it all happens right inside this window. </p>
<p></p>
<p><tags><tag kind="orderedList">3. </tag></tags>Ulysses III fully utilizes iCloud, i.e. if you have iCloud set up and enabled, Ulysses will store <element kind="strong" startTag="**">everything</element> on Apple’s super-modern mega-clusters. You can then access your texts from all of your Macs, as long (or as soon) as you’re connected to the web.</p>
<p></p>
<p><tags><tag kind="orderedList">4. </tag></tags>Ulysses III does not offer WYSIWYG (What You See Is What You Get) styles and formats. Instead, your text will be automatically formatted once you export it as a PDF, a web page, or an eBook.</p>
<p></p>
<p>Most importantly, Ulysses III is built to grow and adapt. You can use it as a sophisticated notepad, you can create your next American Novel. You can feed your blog, keep everything neatly organized, or mess around at will.</p>
<p></p>
<p>There is no “right” way to do things here, so make yourself comfortable, and make it your own.</p>
<p></p></string>
</sheet>