<sheet version="1">
<markup version="1" identifier="markdownxl" displayName="Markdown XL">
	<tag definition="heading1" pattern="#"></tag>
	<tag definition="heading2" pattern="##"></tag>
	<tag definition="heading3" pattern="###"></tag>
	<tag definition="heading4" pattern="####"></tag>
	<tag definition="heading5" pattern="#####"></tag>
	<tag definition="heading6" pattern="######"></tag>
	<tag definition="codeblock" pattern="''"></tag>
	<tag definition="comment" pattern="%%"></tag>
	<tag definition="divider" pattern="----"></tag>
	<tag definition="nativeblock" pattern="~~"></tag>
	<tag definition="blockquote" pattern=">"></tag>
	<tag definition="orderedList" pattern="\d."></tag>
	<tag definition="unorderedList" pattern="*"></tag>
	<tag definition="unorderedList" pattern="+"></tag>
	<tag definition="unorderedList" pattern="-"></tag>
	<tag definition="code" startPattern="`" endPattern="`"></tag>
	<tag definition="delete" startPattern="||" endPattern="||"></tag>
	<tag definition="emph" startPattern="*" endPattern="*"></tag>
	<tag definition="emph" startPattern="_" endPattern="_"></tag>
	<tag definition="inlineComment" startPattern="++" endPattern="++"></tag>
	<tag definition="inlineNative" startPattern="~" endPattern="~"></tag>
	<tag definition="mark" startPattern="::" endPattern="::"></tag>
	<tag definition="strong" startPattern="__" endPattern="__"></tag>
	<tag definition="strong" startPattern="**" endPattern="**"></tag>
	<tag definition="annotation" startPattern="{" endPattern="}"></tag>
	<tag definition="link" startPattern="[" endPattern="]"></tag>
	<tag definition="footnote" pattern="(fn)"></tag>
	<tag definition="image" pattern="(img)"></tag>
	<tag definition="video" pattern="(vid)"></tag>
</markup>
<string xml:space="preserve">
<p><tags><tag kind="heading3">### </tag></tags>Esportazione: Stili</p>
<p></p>
<p>Nella parte alta della finestra di pop-over Esportazione rapida, è presente un'opzione per selezionare diversi stili di esportazione. Ogni stile offre un set predefinito di regole di conversione.</p>
<p></p>
<p>Ad esempio:</p>
<p></p>
<p>Titoli: Helvetica Neue, grassetto, 24 pt.</p>
<p>Corpo di testo: Helvetica Neue, normale, 14 pt.</p>
<p>Enfasi: Grassetto.</p>
<p>Immagini: Disegna una cornice, 1 pt, nera.</p>
<p>Commenti: Elimina.</p>
<p></p>
<p>E così via. </p>
<p></p>
<p>Ulysses contiene una serie di stili integrati per ogni tipo di esportazione. Puoi provarli in "Preferenze › Stili". In questo menu puoi disabilitare gli stili di cui non hai bisogno, puoi duplicare stili per modificarli e puoi anche scaricare e condividere nuovi stili tramite <element kind="link"><attribute identifier="URL">http://styles.ulyssesapp.com/</attribute><attribute identifier="title">Ulysses Style Exchange</attribute>Ulysses Style Exchange</element>. </p>
<p></p></string>
</sheet>