<sheet version="1">
<markup version="1" identifier="markdownxl" displayName="Markdown XL">
	<tag definition="heading1" pattern="#"></tag>
	<tag definition="heading2" pattern="##"></tag>
	<tag definition="heading3" pattern="###"></tag>
	<tag definition="heading4" pattern="####"></tag>
	<tag definition="heading5" pattern="#####"></tag>
	<tag definition="heading6" pattern="######"></tag>
	<tag definition="codeblock" pattern="''"></tag>
	<tag definition="comment" pattern="%%"></tag>
	<tag definition="divider" pattern="----"></tag>
	<tag definition="nativeblock" pattern="~~"></tag>
	<tag definition="blockquote" pattern=">"></tag>
	<tag definition="orderedList" pattern="\d."></tag>
	<tag definition="unorderedList" pattern="*"></tag>
	<tag definition="unorderedList" pattern="+"></tag>
	<tag definition="unorderedList" pattern="-"></tag>
	<tag definition="code" startPattern="`" endPattern="`"></tag>
	<tag definition="delete" startPattern="||" endPattern="||"></tag>
	<tag definition="emph" startPattern="*" endPattern="*"></tag>
	<tag definition="emph" startPattern="_" endPattern="_"></tag>
	<tag definition="inlineComment" startPattern="++" endPattern="++"></tag>
	<tag definition="inlineNative" startPattern="~" endPattern="~"></tag>
	<tag definition="mark" startPattern="::" endPattern="::"></tag>
	<tag definition="strong" startPattern="__" endPattern="__"></tag>
	<tag definition="strong" startPattern="**" endPattern="**"></tag>
	<tag definition="annotation" startPattern="{" endPattern="}"></tag>
	<tag definition="link" startPattern="[" endPattern="]"></tag>
	<tag definition="footnote" pattern="(fn)"></tag>
	<tag definition="image" pattern="(img)"></tag>
	<tag definition="video" pattern="(vid)"></tag>
</markup>
<string xml:space="preserve">
<p><tags><tag kind="heading2">## </tag></tags>Panoramica</p>
<p></p>
<p>Probabilmente avrai saltato questa introduzione e cliccato come un pazzo su tutti i pulsanti visibile sulla schermo. Va benissimo, sfogati pure.</p>
<p></p>
<p>Non appena sarai pronto, però, ti consigliamo di dedicarti ad alcune funzioni di base.</p>
<p></p>
<p><tags><tag kind="orderedList">1. </tag></tags>Ulysses III può essere definito come un “editor di solo testo ampliato”. Tutto ciò che vedi — titoli, liste, enfasi — viene solo <element kind="emph" startTag="*">digitato</element>. Ma su questo ci ritorneremo sopra.</p>
<p></p>
<p><tags><tag kind="orderedList">2. </tag></tags>Ulysses III è un’app a libreria singola, tutti i tuoi testi sono salvati lì dentro. Non esistono i vari “Apri“ e “Salva“, non esiste l’accesso tramite Finder — succede tutto all’interno di questa finestra..</p>
<p></p>
<p><tags><tag kind="orderedList">3. </tag></tags>Ulysses III usa tutte le potenzialità di iCloud, ciò significa che se iCloud è attivato, Ulysses archivierà <element kind="strong" startTag="**">tutto</element> nel mega-archivio super-moderno di Apple. Così potrai accedere ai tuoi testi da tutti i tuoi Mac, non appena sarai connesso ad Internet.</p>
<p></p>
<p><tags><tag kind="orderedList">4. </tag></tags>Ulysses III non offre stili e formati WYSIWYG (What You See Is What You Get). Il tuo testo sarà invece formattato automaticamente dopo averlo esportato in formato PDF, come pagina Web o come ebook.</p>
<p></p>
<p>La cosa più importante è che Ulysses III è pensato per crescere e per adattarsi. Lo puoi usare come un taccuino più sofisticato o puoi creare il tuo prossimo grande romanzo epocale. Puoi usarlo per il tuo blog, tenere tutto accuratamente organizzato o lasciare un caos creativo.</p>
<p></p>
<p>Qui non esiste un modo “giusto” di procedere, e allora renditi la vita semplice e trova quello che fa per te.</p>
<p></p></string>
</sheet>