<sheet version="2">
<markup version="1" identifier="markdownxl" displayName="Markdown XL">
	<tag definition="heading1" pattern="#"></tag>
	<tag definition="heading2" pattern="##"></tag>
	<tag definition="heading3" pattern="###"></tag>
	<tag definition="heading4" pattern="####"></tag>
	<tag definition="heading5" pattern="#####"></tag>
	<tag definition="heading6" pattern="######"></tag>
	<tag definition="codeblock" pattern="''"></tag>
	<tag definition="comment" pattern="%%"></tag>
	<tag definition="divider" pattern="----"></tag>
	<tag definition="nativeblock" pattern="~~"></tag>
	<tag definition="blockquote" pattern=">"></tag>
	<tag definition="orderedList" pattern="\d."></tag>
	<tag definition="unorderedList" pattern="*"></tag>
	<tag definition="unorderedList" pattern="+"></tag>
	<tag definition="unorderedList" pattern="-"></tag>
	<tag definition="code" startPattern="`" endPattern="`"></tag>
	<tag definition="delete" startPattern="||" endPattern="||"></tag>
	<tag definition="emph" startPattern="*" endPattern="*"></tag>
	<tag definition="emph" startPattern="_" endPattern="_"></tag>
	<tag definition="inlineComment" startPattern="++" endPattern="++"></tag>
	<tag definition="inlineNative" startPattern="~" endPattern="~"></tag>
	<tag definition="mark" startPattern="::" endPattern="::"></tag>
	<tag definition="strong" startPattern="__" endPattern="__"></tag>
	<tag definition="strong" startPattern="**" endPattern="**"></tag>
	<tag definition="annotation" startPattern="{" endPattern="}"></tag>
	<tag definition="link" startPattern="[" endPattern="]"></tag>
	<tag definition="footnote" pattern="(fn)"></tag>
	<tag definition="image" pattern="(img)"></tag>
	<tag definition="video" pattern="(vid)"></tag>
</markup>
<string xml:space="preserve">
<p><tags><tag kind="heading2">## </tag></tags>OK。でもどうやって…？</p>
<p></p>
<p>今までに何らかのパネルが 3 つに設定された App を使ったことがあるなら、Ulysses の使用や操作に問題はありません。もし、<element kind="link"><attribute identifier="URL">http://daringfireball.net/projects/markdown/</attribute><attribute identifier="title">“Markdown by John Gruber &amp; Aaron Swartz”</attribute>Markdown</element> や <element kind="link"><attribute identifier="URL">http://en.wikipedia.org/wiki/Textile_(markup_language) </attribute><attribute identifier="title">Textile に関する Wikipedia ページ</attribute>Textile</element> のようなものを少しでもご存知なら、エディタもすぐにお手の物になることでしょう。特別な例外もありますが、おおよそ一般的な情報をこちらに紹介します。</p>
<p></p>
<p>とにかく、左から右へUIの一覧は：</p>
<p></p>
<p><tags><tag kind="unorderedList">- </tag></tags>サイドバー</p>
<p><tags><tag kind="unorderedList">- </tag></tags>シート列</p>
<p><tags><tag kind="unorderedList">- </tag></tags>エディタ</p>
<p></p>
<p>以上。</p>
<p></p>
<p><element kind="emph" startTag="_">サイドバー</element>はセクションに分かれていて、見ての通りです。iCloud を有効にしているかどうか、または <element kind="link"><attribute identifier="URL">http://www.daedalusapp.com</attribute><attribute identifier="title">Daedalus Touch – iCloud 対応テキストエディタ</attribute>Daedalus Touch</element> を使用しているかによって、サイドバーに異なるセクションが表示されます。</p>
<p></p>
<p><element kind="emph" startTag="_">シート列</element>にはすべてのテキストが含まれています。</p>
<p></p>
<p>そしてここが<element kind="emph" startTag="_">エディタ</element>です。</p>
<p></p></string>
<attachment type="keywords">すばらしい</attachment>
</sheet>