<sheet version="1">
<markup version="1" identifier="markdownxl" displayName="Markdown XL">
	<tag definition="heading1" pattern="#"></tag>
	<tag definition="heading2" pattern="##"></tag>
	<tag definition="heading3" pattern="###"></tag>
	<tag definition="heading4" pattern="####"></tag>
	<tag definition="heading5" pattern="#####"></tag>
	<tag definition="heading6" pattern="######"></tag>
	<tag definition="codeblock" pattern="''"></tag>
	<tag definition="comment" pattern="%%"></tag>
	<tag definition="divider" pattern="----"></tag>
	<tag definition="nativeblock" pattern="~~"></tag>
	<tag definition="blockquote" pattern=">"></tag>
	<tag definition="orderedList" pattern="\d."></tag>
	<tag definition="unorderedList" pattern="*"></tag>
	<tag definition="unorderedList" pattern="+"></tag>
	<tag definition="unorderedList" pattern="-"></tag>
	<tag definition="code" startPattern="`" endPattern="`"></tag>
	<tag definition="delete" startPattern="||" endPattern="||"></tag>
	<tag definition="emph" startPattern="*" endPattern="*"></tag>
	<tag definition="emph" startPattern="_" endPattern="_"></tag>
	<tag definition="inlineComment" startPattern="++" endPattern="++"></tag>
	<tag definition="inlineNative" startPattern="~" endPattern="~"></tag>
	<tag definition="mark" startPattern="::" endPattern="::"></tag>
	<tag definition="strong" startPattern="__" endPattern="__"></tag>
	<tag definition="strong" startPattern="**" endPattern="**"></tag>
	<tag definition="annotation" startPattern="{" endPattern="}"></tag>
	<tag definition="link" startPattern="[" endPattern="]"></tag>
	<tag definition="footnote" pattern="(fn)"></tag>
	<tag definition="image" pattern="(img)"></tag>
	<tag definition="video" pattern="(vid)"></tag>
</markup>
<string xml:space="preserve">
<p><tags><tag kind="heading2">## </tag></tags>Fogli</p>
<p></p>
<p>In Ulysses tutto il procedimento di scrittura avviene sui fogli. I fogli sono in un certo senso l’equivalente dei classici documenti, tuttavia non hanno bisogno di un “titolo” o di “nome file”.</p>
<p></p>
<p>Può creare fogli tramite CMD-N.</p>
<p></p>
<p>I fogli possono contenere una quantità qualsiasi di testo, puoi spostarli e organizzarli come vuoi. Puoi anche selezionare più fogli e unirli (CMD+J) In questo modo, nell’editor si comporteranno come un unico foglio, cosa molto comoda se preferisci avere molti frammenti invece di un monolite di testo.</p>
<p></p>
<p>Puoi anche suddividere il foglio in due parti nella posizione attuale del cursore (Modifica › Suddividi da selezione), e unire due o più fogli per formarne uno (Archivio › Unisci fogli).</p>
<p></p>
<p></p>
<p><tags><tag kind="heading2">## </tag></tags>Altri vantaggi</p>
<p></p>
<p>Poiché i fogli staranno probabilmente nelle vicinanze di altri fogli, abbiamo pensato che sarebbe bello se fosse possibile navigare facilmente dall’uno all’altro — proprio all’interno dell’editor. Per farlo esiste un’abbreviazione da tastiera (CMD+ALT+su/giù), ma se possiedi un Magic Mouse o un trackpad puoi semplicemente scorrere fino alla parte alta o bassa della schermata e “tirare per passare all’altro foglio”.</p>
<p></p>
<p>Dovresti provarlo adesso per capire come funziona. Poi torna qui, dobbiamo occuparci di cose interessanti.</p>
<p></p></string>
</sheet>