<sheet version="1">
<markup version="1" identifier="markdownxl" displayName="Markdown XL">
	<tag definition="heading1" pattern="#"></tag>
	<tag definition="heading2" pattern="##"></tag>
	<tag definition="heading3" pattern="###"></tag>
	<tag definition="heading4" pattern="####"></tag>
	<tag definition="heading5" pattern="#####"></tag>
	<tag definition="heading6" pattern="######"></tag>
	<tag definition="codeblock" pattern="''"></tag>
	<tag definition="comment" pattern="%%"></tag>
	<tag definition="divider" pattern="----"></tag>
	<tag definition="nativeblock" pattern="~~"></tag>
	<tag definition="blockquote" pattern=">"></tag>
	<tag definition="orderedList" pattern="\d."></tag>
	<tag definition="unorderedList" pattern="*"></tag>
	<tag definition="unorderedList" pattern="+"></tag>
	<tag definition="unorderedList" pattern="-"></tag>
	<tag definition="code" startPattern="`" endPattern="`"></tag>
	<tag definition="delete" startPattern="||" endPattern="||"></tag>
	<tag definition="emph" startPattern="*" endPattern="*"></tag>
	<tag definition="emph" startPattern="_" endPattern="_"></tag>
	<tag definition="inlineComment" startPattern="++" endPattern="++"></tag>
	<tag definition="inlineNative" startPattern="~" endPattern="~"></tag>
	<tag definition="mark" startPattern="::" endPattern="::"></tag>
	<tag definition="strong" startPattern="__" endPattern="__"></tag>
	<tag definition="strong" startPattern="**" endPattern="**"></tag>
	<tag definition="annotation" startPattern="{" endPattern="}"></tag>
	<tag definition="link" startPattern="[" endPattern="]"></tag>
	<tag definition="footnote" pattern="(fn)"></tag>
	<tag definition="image" pattern="(img)"></tag>
	<tag definition="video" pattern="(vid)"></tag>
</markup>
<string xml:space="preserve">
<p><tags><tag kind="heading2">## </tag></tags>Popover</p>
<p></p>
<p>Wie Sie bereits sehen konnten, sind viele Funktionen in Popovern versteckt. Auf diese Art stören Sie nicht und sind nur dann sichtbar, wenn sie wirklich benötigt werden. Die meisten Popover können „abgerissen“ und in immer sichtbare HUDs umgewandelt werden. Praktisch als Referenz oder wenn ständig darin gearbeitet werden muss. Diese HUDs sehen übrigens auf ungenutzten Zweitbildschirmen besonders gut aus.</p>
<p></p>
<p>Einige Popover sind nur aus dem Editor heraus erreichbar, andere können auch in den Seitenleisten geöffnet werden. Zum Beispiel können Sie mit einem Rechtsklick auf Gruppen oder Filter den Schnellexport aufrufen. Auch die Textstatistiken sind so erreichbar.</p>
<p></p>
<p>Pro-Tipp: Schnell-Export, Favoriten und die Navigation können auch mit der Tastatur bedient werden. Vollständig. Sind Sie ein Power-User? Probieren Sie folgendes …</p>
<p></p>
<p><tags><tag kind="heading3">### </tag></tags>Tippen Sie CMD-8</p>
<p><tags><tag kind="heading3">### </tag></tags>Mit Oben/Unten Pfeiltasten navigieren</p>
<p><tags><tag kind="heading3">### </tag></tags>Versuchen Sie, diese Überschrift zu markieren</p>
<p><tags><tag kind="heading3">### </tag></tags>Nein, diese hier</p>
<p><tags><tag kind="heading3">### </tag></tags>DIESE HIER!!!</p>
</string>
</sheet>