<sheet version="1">
<markup version="1" identifier="markdownxl" displayName="Markdown XL">
	<tag definition="heading1" pattern="#"></tag>
	<tag definition="heading2" pattern="##"></tag>
	<tag definition="heading3" pattern="###"></tag>
	<tag definition="heading4" pattern="####"></tag>
	<tag definition="heading5" pattern="#####"></tag>
	<tag definition="heading6" pattern="######"></tag>
	<tag definition="codeblock" pattern="''"></tag>
	<tag definition="comment" pattern="%%"></tag>
	<tag definition="divider" pattern="----"></tag>
	<tag definition="nativeblock" pattern="~~"></tag>
	<tag definition="blockquote" pattern=">"></tag>
	<tag definition="orderedList" pattern="\d."></tag>
	<tag definition="unorderedList" pattern="*"></tag>
	<tag definition="unorderedList" pattern="+"></tag>
	<tag definition="unorderedList" pattern="-"></tag>
	<tag definition="code" startPattern="`" endPattern="`"></tag>
	<tag definition="delete" startPattern="||" endPattern="||"></tag>
	<tag definition="emph" startPattern="*" endPattern="*"></tag>
	<tag definition="emph" startPattern="_" endPattern="_"></tag>
	<tag definition="inlineComment" startPattern="++" endPattern="++"></tag>
	<tag definition="inlineNative" startPattern="~" endPattern="~"></tag>
	<tag definition="mark" startPattern="::" endPattern="::"></tag>
	<tag definition="strong" startPattern="__" endPattern="__"></tag>
	<tag definition="strong" startPattern="**" endPattern="**"></tag>
	<tag definition="annotation" startPattern="{" endPattern="}"></tag>
	<tag definition="link" startPattern="[" endPattern="]"></tag>
	<tag definition="footnote" pattern="(fn)"></tag>
	<tag definition="image" pattern="(img)"></tag>
	<tag definition="video" pattern="(vid)"></tag>
</markup>
<string xml:space="preserve">
<p><tags><tag kind="heading2">## </tag></tags>iCloud 与 “在我的 Mac 上” 相比较</p>
<p></p>
<p>在“概述”中，我们说过：</p>
<p></p>
<p><tags><tag kind="blockquote">&gt; </tag></tags>比如说如果您设置好并启用 iCloud 后，Ulysses 将存储 <element kind="strong" startTag="**">所有的一切</element> 到这个苹果的超现代的大型集群中。</p>
<p></p>
<p>好吧，我们承认我们撒了谎。这完全取决于您在哪里存储文档，并且可以将文本从云端自由移动到本地存储，反之亦然。</p>
<p></p>
<p>只要在偏好设定中启用了这两个选项，那就是：</p>
<p></p>
<p><element kind="image"><attribute identifier="image">9cb3b6131b164e2c99de5916d642bc6c</attribute><attribute identifier="URL">DraggedImage.png</attribute><attribute identifier="title"></attribute><attribute identifier="description">侧边栏设置设置侧边栏</attribute></element> <element closed="no" kind="inlineComment" startTag="++"> &lt;- 西蒙说：“双击，不要跳！</element></p>
<p></p>
<p>当然，一切都存储“在我的 Mac 上 ”将不会再提供给您所有的其他 Mac 来使用，但是这并不一定是件坏事，不是吗？</p>
<p></p>
<p><tags><tag kind="heading2">## </tag></tags>整合 Daedalus Touch</p>
<p></p>
<p>如果您拥有 Daedalus Touch iOS 版 (老实说, <element kind="link"><attribute identifier="URL">http://www.daedalusapp.com</attribute><attribute identifier="title">全球最性感的文本编辑器。仅在 iOS 上。</attribute>您应该有</element>), 现在是一个很好的机会来在您的设备上启用 iCloud。我们用本机方式来集成的 Daedalus 到 Ulysses 侧边栏中，所以有没有必要设置，没有连接，什么都不需要做。</p>
<p></p>
<p>Daedalus 的堆叠将作为组，您可以用 Ulysses 的先进功能继续您在路上已开始的工作。或是在咖啡厅里。或是在海边，在床上，在沙发上，在巴黎铁塔上，在珠穆朗玛峰上,月球上,太空中。太酷啦。</p>
<p></p>
<p><tags><tag kind="heading2">## </tag></tags>外接源</p>
<p></p>
<p>最后，您甚至可以导入和编辑经典的 .txt 和 .markdown 文件，并让 Ulysses 将他们存在您的磁盘上（即在 Ulysses 文库之外）。举个例子，您可以将 Ulysses 指定到您 Dropbox 上的文件夹，其内容的使用就像本地组和工作表一样。</p>
<p></p>
<p>一些编辑器功能将被限制（无图像，无附件），当然跟其他途径相比的话，这些是可以忽略不计的。如果我们敢这么说的话。</p>
<p></p>
<p>好...来做个总结吧。您现在应该知道如何运作了，如果您还不知道，我们真是太失败了。</p>
<p></p>
<p>好了不说废话了，现在您就靠自己啦。</p>
<p>祝写作愉快！</p>
<p></p></string>
</sheet>