<sheet version="1">
<markup version="1" identifier="markdownxl" displayName="Markdown XL">
	<tag definition="heading1" pattern="#"></tag>
	<tag definition="heading2" pattern="##"></tag>
	<tag definition="heading3" pattern="###"></tag>
	<tag definition="heading4" pattern="####"></tag>
	<tag definition="heading5" pattern="#####"></tag>
	<tag definition="heading6" pattern="######"></tag>
	<tag definition="codeblock" pattern="''"></tag>
	<tag definition="comment" pattern="%%"></tag>
	<tag definition="divider" pattern="----"></tag>
	<tag definition="nativeblock" pattern="~~"></tag>
	<tag definition="blockquote" pattern=">"></tag>
	<tag definition="orderedList" pattern="\d."></tag>
	<tag definition="unorderedList" pattern="*"></tag>
	<tag definition="unorderedList" pattern="+"></tag>
	<tag definition="unorderedList" pattern="-"></tag>
	<tag definition="code" startPattern="`" endPattern="`"></tag>
	<tag definition="delete" startPattern="||" endPattern="||"></tag>
	<tag definition="emph" startPattern="*" endPattern="*"></tag>
	<tag definition="emph" startPattern="_" endPattern="_"></tag>
	<tag definition="inlineComment" startPattern="++" endPattern="++"></tag>
	<tag definition="inlineNative" startPattern="~" endPattern="~"></tag>
	<tag definition="mark" startPattern="::" endPattern="::"></tag>
	<tag definition="strong" startPattern="__" endPattern="__"></tag>
	<tag definition="strong" startPattern="**" endPattern="**"></tag>
	<tag definition="annotation" startPattern="{" endPattern="}"></tag>
	<tag definition="link" startPattern="[" endPattern="]"></tag>
	<tag definition="footnote" pattern="(fn)"></tag>
	<tag definition="image" pattern="(img)"></tag>
	<tag definition="video" pattern="(vid)"></tag>
</markup>
<string xml:space="preserve">
<p><tags><tag kind="heading3">### </tag></tags>Divers</p>
<p><tags><tag kind="unorderedList"> - </tag></tags>Double-cliquer sur une feuille dans la barre latérale vous permet d'accéder à l'endroit de la dernière modification.</p>
<p><tags><tag kind="unorderedList">- </tag></tags>Il est possible d'ouvrir plusieurs fenêtres à la fois (CMD-ALT-N).</p>
<p><tags><tag kind="unorderedList">- </tag></tags>Vous pouvez même vous la jouer avec la même feuille visible dans toutes les fenêtres ouvertes, mais, honnêtement, ça ne sert pas à grand chose.</p>
<p><tags><tag kind="unorderedList">- </tag></tags>CMD-S crée une nouvelle version de la feuille active. Sélectionnez « Parcourir toutes les versions… » dans le menu Fichier pour voir combien de fois vous avez appelé cette commande.</p>
<p><tags><tag kind="unorderedList">- </tag></tags>CMD-J colle (joint) les feuilles sélectionnées.</p>
<p><tags><tag>	</tag><tag kind="unorderedList">- </tag></tags>Si une seule feuille est sélectionnée, elle est collée à la feuille précédente.</p>
<p><tags><tag>	</tag><tag kind="unorderedList">- </tag></tags>S'il n'y a aucune feuille au-dessus de la feuille actuellement sélectionnée, il ne se passe rien car rien ne peut se passer.</p>
<p><tags><tag kind="unorderedList">- </tag></tags>Vous pouvez fusionner des feuilles de manière définitive via l'option « Fusionner les feuilles » dans le menu Fichier.</p>
<p><tags><tag kind="unorderedList">- </tag></tags>Vous pouvez aussi diviser une feuille au point d'insertion via l'option « Scinder à la sélection » dans le menu Édition.</p>
<p></p></string>
</sheet>