<sheet version="1">
<markup version="1" identifier="markdownxl" displayName="Markdown XL">
	<tag definition="heading1" pattern="#"></tag>
	<tag definition="heading2" pattern="##"></tag>
	<tag definition="heading3" pattern="###"></tag>
	<tag definition="heading4" pattern="####"></tag>
	<tag definition="heading5" pattern="#####"></tag>
	<tag definition="heading6" pattern="######"></tag>
	<tag definition="codeblock" pattern="''"></tag>
	<tag definition="comment" pattern="%%"></tag>
	<tag definition="divider" pattern="----"></tag>
	<tag definition="nativeblock" pattern="~~"></tag>
	<tag definition="blockquote" pattern=">"></tag>
	<tag definition="orderedList" pattern="\d."></tag>
	<tag definition="unorderedList" pattern="*"></tag>
	<tag definition="unorderedList" pattern="+"></tag>
	<tag definition="unorderedList" pattern="-"></tag>
	<tag definition="code" startPattern="`" endPattern="`"></tag>
	<tag definition="delete" startPattern="||" endPattern="||"></tag>
	<tag definition="emph" startPattern="*" endPattern="*"></tag>
	<tag definition="emph" startPattern="_" endPattern="_"></tag>
	<tag definition="inlineComment" startPattern="++" endPattern="++"></tag>
	<tag definition="inlineNative" startPattern="~" endPattern="~"></tag>
	<tag definition="mark" startPattern="::" endPattern="::"></tag>
	<tag definition="strong" startPattern="__" endPattern="__"></tag>
	<tag definition="strong" startPattern="**" endPattern="**"></tag>
	<tag definition="annotation" startPattern="{" endPattern="}"></tag>
	<tag definition="link" startPattern="[" endPattern="]"></tag>
	<tag definition="footnote" pattern="(fn)"></tag>
	<tag definition="image" pattern="(img)"></tag>
	<tag definition="video" pattern="(vid)"></tag>
</markup>
<string xml:space="preserve">
<p><tags><tag kind="heading3">### </tag></tags>Navigazione, barra laterale</p>
<p><tags><tag kind="unorderedList">- </tag></tags>Freccia destra su gruppi per aprire il gruppo</p>
<p><tags><tag kind="unorderedList">- </tag></tags>Freccia destra su pile per passare alla colonna fogli</p>
<p></p>
<p><tags><tag kind="heading3">### </tag></tags>Navigazione, Elenco fogli</p>
<p><tags><tag kind="unorderedList">- </tag></tags>Freccia destra per per passare all’editor (posiziona il punto di inserimento nell’ultimo punto modificato)</p>
<p><tags><tag kind="unorderedList">- </tag></tags>Freccia sinistra per passare alla barra laterale</p>
<p></p>
<p><tags><tag kind="heading3">### </tag></tags>Navigazione, editor</p>
<p><tags><tag kind="unorderedList">- </tag></tags>All’inizio di un foglio:</p>
<p><tags><tag>	</tag><tag kind="unorderedList">- </tag></tags>Premi due volte freccia su per spostarti al foglio precedente</p>
<p><tags><tag kind="unorderedList">- </tag></tags>Alla fine di un foglio:</p>
<p><tags><tag>	</tag><tag kind="unorderedList">- </tag></tags>Premi due volte freccia giù per spostarti al foglio successivo</p>
<p><tags><tag kind="unorderedList">- </tag></tags>In qualsiasi punto all’interno di un foglio:</p>
<p><tags><tag>	</tag><tag kind="unorderedList">- </tag><tag kind="unorderedList">- </tag></tags>Premi CMD+ALT+freccia su per spostarti al foglio precedente</p>
<p><tags><tag>	</tag></tags>– CMD+ALT+freccia giù per spostarsi al foglio successivo </p>
<p><tags><tag kind="unorderedList">- </tag></tags>Premi due volte CMD+freccia sinistra per passare alla colonna fogli</p>
<p></p>
<p><tags><tag kind="heading3">### </tag></tags>Copia e sposta nelle barre laterali</p>
<p><tags><tag kind="unorderedList">- </tag></tags>Come impostazione predefinita, se trascini gruppi o fogli da e verso iCloud o “Sul mio Mac” gli elementi verranno sempre <element kind="emph" startTag="_">spostati</element>, vale a dire i contenuti verrano trasferiti nella nuova destinazione</p>
<p><tags><tag kind="unorderedList">- </tag></tags>Trascinando contenuti in e da Daedalus e sorgenti esterne, verrà sempre effettuata una <element kind="emph" startTag="_">copia</element>, vale a dire i contenuti resteranno in entrambi gli archivi</p>
<p><tags><tag kind="unorderedList">- </tag></tags>Se tieni premuto ALT mente trascini effettuerai la <element kind="emph" startTag="_">copia</element> forzata di gruppi e fogli</p>
<p><tags><tag kind="unorderedList">- </tag></tags>Se tieni premuto CMD mente trascini effettuerai lo <element kind="emph" startTag="_">spostamento</element> forzato di gruppi e fogli</p>
<p></p></string>
</sheet>