<sheet version="1">
<markup version="1" identifier="markdownxl" displayName="Markdown XL">
	<tag definition="heading1" pattern="#"></tag>
	<tag definition="heading2" pattern="##"></tag>
	<tag definition="heading3" pattern="###"></tag>
	<tag definition="heading4" pattern="####"></tag>
	<tag definition="heading5" pattern="#####"></tag>
	<tag definition="heading6" pattern="######"></tag>
	<tag definition="codeblock" pattern="''"></tag>
	<tag definition="comment" pattern="%%"></tag>
	<tag definition="divider" pattern="----"></tag>
	<tag definition="nativeblock" pattern="~~"></tag>
	<tag definition="blockquote" pattern=">"></tag>
	<tag definition="orderedList" pattern="\d."></tag>
	<tag definition="unorderedList" pattern="*"></tag>
	<tag definition="unorderedList" pattern="+"></tag>
	<tag definition="unorderedList" pattern="-"></tag>
	<tag definition="code" startPattern="`" endPattern="`"></tag>
	<tag definition="delete" startPattern="||" endPattern="||"></tag>
	<tag definition="emph" startPattern="*" endPattern="*"></tag>
	<tag definition="emph" startPattern="_" endPattern="_"></tag>
	<tag definition="inlineComment" startPattern="++" endPattern="++"></tag>
	<tag definition="inlineNative" startPattern="~" endPattern="~"></tag>
	<tag definition="mark" startPattern="::" endPattern="::"></tag>
	<tag definition="strong" startPattern="__" endPattern="__"></tag>
	<tag definition="strong" startPattern="**" endPattern="**"></tag>
	<tag definition="annotation" startPattern="{" endPattern="}"></tag>
	<tag definition="link" startPattern="[" endPattern="]"></tag>
	<tag definition="footnote" pattern="(fn)"></tag>
	<tag definition="image" pattern="(img)"></tag>
	<tag definition="video" pattern="(vid)"></tag>
</markup>
<string xml:space="preserve">
<p><tags><tag kind="heading2">## </tag></tags>概要</p>
<p></p>
<p>おそらくこのはじめの部分を飛ばして、スクリーンに表示されているボタンを今までマニアックにクリックしていたでしょう。いいですよ、正直に言って。</p>
<p></p>
<p>まぁこの辺りで、基本を少し学習しておきましょう。</p>
<p></p>
<p>1.Ulysses III はいわゆる、“強化された標準テキストエディタ”です。目に見えるものはすべて — ヘッドライン、リスト、強調 — は、<element kind="emph" startTag="*">タイプ入力する</element>だけです。これについては後で触れることにしましょう。</p>
<p></p>
<p>2.Ulysses III は、シングルライブラリ App です。すべてのテキストはこのたった 1 つのライブラリに息づいています。“開く”も、“保存”も、Finder アクセスもありません。すべてはこのウインドウの中の出来事です。 </p>
<p></p>
<p>3.Ulysses III は iCloud をフルに活用します。つまり、iCloud を有効に設定しておくとと、Ulysses が<element kind="strong" startTag="**">すべて</element>を Apple の超モダンなメガクラスターに保管します。そうすれば、ウェブに接続している限り（または接続するとすぐに）どの Mac からでもあなたのテキストにアクセスできるという訳です。</p>
<p></p>
<p>4.Ulysses III は、WYSIWYG (What You See Is What You Get、つまり、見たまま）のスタイルとフォーマットではありません。その代わり、テキストがPDF、ウェブサイト、また eBook に書き出されると自動的にフォーマットされるのです。</p>
<p></p>
<p>最も大事なことは、Ulysses III は成長と適応のために作られたということです。洗練されたメモ帳として使うのも良し、次のアメリカを代表する小説を書くのも良し。ブログのフィードも、きちんと整理整頓するのもも、わざとごちゃごちゃにするのも良し。</p>
<p></p>
<p>ここでは“正しい”方法はありません。快適なご自分のやり方でどうぞ。</p>
<p></p></string>
</sheet>