<sheet version="1">
<markup version="1" identifier="markdownxl" displayName="Markdown XL">
	<tag definition="heading1" pattern="#"/>
	<tag definition="heading2" pattern="##"/>
	<tag definition="heading3" pattern="###"/>
	<tag definition="heading4" pattern="####"/>
	<tag definition="heading5" pattern="#####"/>
	<tag definition="heading6" pattern="######"/>
	<tag definition="codeblock" pattern="''"/>
	<tag definition="comment" pattern="%%"/>
	<tag definition="divider" pattern="----"/>
	<tag definition="nativeblock" pattern="~~"/>
	<tag definition="blockquote" pattern=">"/>
	<tag definition="orderedList" pattern="\d."/>
	<tag definition="unorderedList" pattern="*"/>
	<tag definition="unorderedList" pattern="+"/>
	<tag definition="unorderedList" pattern="-"/>
	<tag definition="code" startPattern="`" endPattern="`"/>
	<tag definition="delete" startPattern="||" endPattern="||"/>
	<tag definition="emph" startPattern="*" endPattern="*"/>
	<tag definition="emph" startPattern="_" endPattern="_"/>
	<tag definition="inlineComment" startPattern="++" endPattern="++"/>
	<tag definition="inlineNative" startPattern="~" endPattern="~"/>
	<tag definition="mark" startPattern="::" endPattern="::"/>
	<tag definition="strong" startPattern="__" endPattern="__"/>
	<tag definition="strong" startPattern="**" endPattern="**"/>
	<tag definition="annotation" startPattern="{" endPattern="}"/>
	<tag definition="link" startPattern="[" endPattern="]"/>
	<tag definition="footnote" pattern="(fn)"/>
	<tag definition="image" pattern="(img)"/>
	<tag definition="video" pattern="(vid)"/>
</markup>
<string xml:space="preserve">
<p><tags><tag kind="heading2">## </tag></tags>A short note on version 1.1</p>
<p></p>
<p>During the last couple of months, the reaction to Ulysses III was great, just great. Between critical acclaim in the media and a prominent Mac App Store feature, user feedback was phenomenal, to say the least.</p>
<p></p>
<p>If you’re one of the early adopters who chimed in — we want to say “Thank You!” from the bottom of our hearts. It’s a pleasure working for such a great audience, really. You rock!</p>
<p></p>
<p>The version you’re now looking at incorporates a lot of user-requested features. They are too much to list, but obviously Global Search is in, as is Typewriter Scrolling, auto-completion of lists and tags and, finally, the possibility to create your own export styles.</p>
<p></p>
<p>For some, this will be “what 1.0 should have been”, and maybe that’s so. But we’re happy to ship what we believe are awesome, polished features, and 1.0 gave us the freedom to revise, not rush, every single one of them. We hope it shows.</p>
<p></p>
<p>We will continue to push the boundaries of what’s possible with plain text editing in the future, and we will continue to marvel at what must be the nicest users in the known universe.</p>
<p></p>
<p>Thanks again, enjoy!</p>
<p></p>
<p>Marcus Fehn | The Soulmen</p>
<p>September 2013</p>
</string>
</sheet>