<sheet version="1">
<markup version="1" identifier="markdownxl" displayName="Markdown XL">
	<tag definition="heading1" pattern="#"></tag>
	<tag definition="heading2" pattern="##"></tag>
	<tag definition="heading3" pattern="###"></tag>
	<tag definition="heading4" pattern="####"></tag>
	<tag definition="heading5" pattern="#####"></tag>
	<tag definition="heading6" pattern="######"></tag>
	<tag definition="codeblock" pattern="''"></tag>
	<tag definition="comment" pattern="%%"></tag>
	<tag definition="divider" pattern="----"></tag>
	<tag definition="nativeblock" pattern="~~"></tag>
	<tag definition="blockquote" pattern=">"></tag>
	<tag definition="orderedList" pattern="\d."></tag>
	<tag definition="unorderedList" pattern="*"></tag>
	<tag definition="unorderedList" pattern="+"></tag>
	<tag definition="unorderedList" pattern="-"></tag>
	<tag definition="code" startPattern="`" endPattern="`"></tag>
	<tag definition="delete" startPattern="||" endPattern="||"></tag>
	<tag definition="emph" startPattern="*" endPattern="*"></tag>
	<tag definition="emph" startPattern="_" endPattern="_"></tag>
	<tag definition="inlineComment" startPattern="++" endPattern="++"></tag>
	<tag definition="inlineNative" startPattern="~" endPattern="~"></tag>
	<tag definition="mark" startPattern="::" endPattern="::"></tag>
	<tag definition="strong" startPattern="__" endPattern="__"></tag>
	<tag definition="strong" startPattern="**" endPattern="**"></tag>
	<tag definition="annotation" startPattern="{" endPattern="}"></tag>
	<tag definition="link" startPattern="[" endPattern="]"></tag>
	<tag definition="footnote" pattern="(fn)"></tag>
	<tag definition="image" pattern="(img)"></tag>
	<tag definition="video" pattern="(vid)"></tag>
</markup>
<string xml:space="preserve">
<p><tags><tag kind="heading2">## </tag></tags>弹跳窗</p>
<p></p>
<p>正如您所看到的，大多数的 Ulysses 的先进功能都局限于小小的弹跳窗中。这样，除非您真的需要它们，它们是保持隐身的。大多数弹跳窗可以弹出，变成浮动的 HUD 以便快速引用或直接查看。顺便说一句，它们非常适合放在第二个显示器中。</p>
<p></p>
<p>当一些弹跳窗只可用在编辑器中，还有些是可以用在侧边栏中的。举个例子，您可以通过上下文菜单对组或过滤器引用快速导出。您也可以这样来检查文本统计信息。</p>
<p></p>
<p>专业提示：快速导出，收藏夹和浏览器设有了全键盘导航。所以如果您已经觉得像一个高级用户了，来试试这个...</p>
<p></p>
<p><tags><tag kind="heading3">### </tag></tags>按 CMD-8</p>
<p><tags><tag kind="heading3">### </tag></tags>使用向上/向下箭头来导航</p>
<p><tags><tag kind="heading3">### </tag></tags>试试选择这个标题</p>
<p><tags><tag kind="heading3">### </tag></tags>不是，是这个</p>
<p><tags><tag kind="heading3">### </tag></tags>是这一个!!!</p>
<p></p></string>
</sheet>