<sheet version="1">
<markup version="1" identifier="markdownxl" displayName="Markdown XL">
	<tag definition="heading1" pattern="#"></tag>
	<tag definition="heading2" pattern="##"></tag>
	<tag definition="heading3" pattern="###"></tag>
	<tag definition="heading4" pattern="####"></tag>
	<tag definition="heading5" pattern="#####"></tag>
	<tag definition="heading6" pattern="######"></tag>
	<tag definition="codeblock" pattern="''"></tag>
	<tag definition="comment" pattern="%%"></tag>
	<tag definition="divider" pattern="----"></tag>
	<tag definition="nativeblock" pattern="~~"></tag>
	<tag definition="blockquote" pattern=">"></tag>
	<tag definition="orderedList" pattern="\d."></tag>
	<tag definition="unorderedList" pattern="*"></tag>
	<tag definition="unorderedList" pattern="+"></tag>
	<tag definition="unorderedList" pattern="-"></tag>
	<tag definition="code" startPattern="`" endPattern="`"></tag>
	<tag definition="delete" startPattern="||" endPattern="||"></tag>
	<tag definition="emph" startPattern="*" endPattern="*"></tag>
	<tag definition="emph" startPattern="_" endPattern="_"></tag>
	<tag definition="inlineComment" startPattern="++" endPattern="++"></tag>
	<tag definition="inlineNative" startPattern="~" endPattern="~"></tag>
	<tag definition="mark" startPattern="::" endPattern="::"></tag>
	<tag definition="strong" startPattern="__" endPattern="__"></tag>
	<tag definition="strong" startPattern="**" endPattern="**"></tag>
	<tag definition="annotation" startPattern="{" endPattern="}"></tag>
	<tag definition="link" startPattern="[" endPattern="]"></tag>
	<tag definition="footnote" pattern="(fn)"></tag>
	<tag definition="image" pattern="(img)"></tag>
	<tag definition="video" pattern="(vid)"></tag>
</markup>
<string xml:space="preserve">
<p><tags><tag kind="heading2">## </tag></tags>Ulysses 1.2 – Ihr habt es so gewollt!</p>
<p></p>
<p>FUNKTIONEN:</p>
<p><tags><tag kind="unorderedList">- </tag></tags>Neu: Teilen &amp; Zusammenfügen von Blättern</p>
<p><tags><tag kind="unorderedList">- </tag></tags>Neu: Schreibziele für Blätter und Gruppen</p>
<p><tags><tag kind="unorderedList">- </tag></tags>Neu: Schlagworte können nun in der Blätterliste bearbeitet werden</p>
<p><tags><tag kind="unorderedList">- </tag></tags>Neu: Optionen in der Blätterliste für die Anzeige von Zielen, dem Änderungsdatum und den Schlagwörtern</p>
<p><tags><tag kind="unorderedList">- </tag></tags>Blätter können nun auch nach Datum oder nach den ersten Zeichen sortiert werden</p>
<p><tags><tag kind="unorderedList">- </tag></tags>Die Anzahl der in der Blätterliste verwendeten Vorschau-Zeilen kann nun eingestellt werden</p>
<p><tags><tag kind="unorderedList">- </tag></tags>Neu: Stile und Themes können nun via Ulysses Style Exchange untereinander ausgetauscht werden</p>
<p><tags><tag kind="unorderedList">- </tag></tags>Farbpaletten können nun auch innerhalb von Ulysses erstellt und bearbeitet werden</p>
<p><tags><tag kind="unorderedList">- </tag></tags>Der Einstellungsbereich für Themes wurde überarbeitet</p>
<p></p>
<p>VERBESSERUNGEN:</p>
<p><tags><tag kind="unorderedList">- </tag></tags>Neu: Schnellöffnen-Option zum Öffnen aus der aktuellen Gruppe</p>
<p><tags><tag kind="unorderedList">- </tag></tags>Schlagwörter können nun zu Blättern in Externen Quellen hinzugefügt werden. Diese werden zu OS X Mavericks Tags.</p>
<p><tags><tag kind="unorderedList">- </tag></tags>Dunkle Seitenleisten können nun unabhängig vom flachen Modus aktiviert werden</p>
<p><tags><tag kind="unorderedList">- </tag></tags>Zeilenhervorhebung kann nun unabhängig vom Schreibmaschinenscrolling aktiviert werden</p>
<p><tags><tag kind="unorderedList">- </tag></tags>„Wörter pro Satz“-Durchschnittswert und Blattanzahl können nun zum Statistik-HUD hinzugefügt werden</p>
<p><tags><tag kind="unorderedList">- </tag></tags>Exportstile haben nun eine Vorschaufunktion</p>
<p><tags><tag kind="unorderedList">- </tag></tags>Neu: Option zum Unterbinden von sog. „Witwen“ (Alleinstehende Zeilen am Seitenende) und „Waisenkindern“ (Alleinstehende Zeilen am Seitenanfang)</p>
<p><tags><tag kind="unorderedList">- </tag></tags>Die Druckeinstellungen wurden verbessert</p>
<p><tags><tag kind="unorderedList">- </tag></tags>Besserer Umgang mit Fehlern bei Dateioperationen</p>
<p><tags><tag kind="unorderedList">- </tag></tags>Doc- und DocX-Dateien können nun direkt in Ulysses hineingezogen werden</p>
<p></p>
<p>FEHLERBEHEBUNGEN:</p>
<p><tags><tag kind="unorderedList">- </tag></tags>Behebung eines Problems, das beim Ändern der Groß- und Kleinschreibung von in externen Quellen befindlichen Dateien auftrat</p>
<p><tags><tag kind="unorderedList">- </tag></tags>Behebung eines Fehlers, der zum Absturz führte, wenn die Bearbeitung eines Stil-Objektes fortgesetzt wurde</p>
<p><tags><tag kind="unorderedList">- </tag></tags>Behebung eines Fehlers, der zum Absturz führte, wenn in Inline-Tags sofort nach der Eingabe Text gelöscht wurde, der mit mehrstufigen Eingabemethoden eingegeben wurde</p>
<p><tags><tag kind="unorderedList">- </tag></tags>Die Stabilität des Editors wurde verbessert</p>
</string>
</sheet>