<sheet version="1">
<markup version="1" identifier="markdownxl" displayName="Markdown XL">
	<tag definition="heading1" pattern="#"></tag>
	<tag definition="heading2" pattern="##"></tag>
	<tag definition="heading3" pattern="###"></tag>
	<tag definition="heading4" pattern="####"></tag>
	<tag definition="heading5" pattern="#####"></tag>
	<tag definition="heading6" pattern="######"></tag>
	<tag definition="codeblock" pattern="''"></tag>
	<tag definition="comment" pattern="%%"></tag>
	<tag definition="divider" pattern="----"></tag>
	<tag definition="nativeblock" pattern="~~"></tag>
	<tag definition="blockquote" pattern=">"></tag>
	<tag definition="orderedList" pattern="\d."></tag>
	<tag definition="unorderedList" pattern="*"></tag>
	<tag definition="unorderedList" pattern="+"></tag>
	<tag definition="unorderedList" pattern="-"></tag>
	<tag definition="code" startPattern="`" endPattern="`"></tag>
	<tag definition="delete" startPattern="||" endPattern="||"></tag>
	<tag definition="emph" startPattern="*" endPattern="*"></tag>
	<tag definition="emph" startPattern="_" endPattern="_"></tag>
	<tag definition="inlineComment" startPattern="++" endPattern="++"></tag>
	<tag definition="inlineNative" startPattern="~" endPattern="~"></tag>
	<tag definition="mark" startPattern="::" endPattern="::"></tag>
	<tag definition="strong" startPattern="__" endPattern="__"></tag>
	<tag definition="strong" startPattern="**" endPattern="**"></tag>
	<tag definition="annotation" startPattern="{" endPattern="}"></tag>
	<tag definition="link" startPattern="[" endPattern="]"></tag>
	<tag definition="footnote" pattern="(fn)"></tag>
	<tag definition="image" pattern="(img)"></tag>
	<tag definition="video" pattern="(vid)"></tag>
</markup>
<string xml:space="preserve">
<p><tags><tag kind="heading2">## </tag></tags>Barra lateral: Grupos y filtros</p>
<p></p>
<p>Puedes añadir grupos y filtros con el menú del símbolo + que hay en la barra lateral. Puedes colocar grupos y filtros dentro de otros grupos. Si seleccionas un grupo de la barra lateral, su contenido aparecerá en la lista de hojas. Selecciona una hoja y se mostrará en el editor.</p>
<p></p>
<p>Los filtros son un tipo de grupo especial. Una vez creados, analizarán el grupo en el que se encuentran y mostrarán una lista de las páginas que cumplan los criterios especificados. Por ejemplo, puedes crear un filtro que solo enumere las hojas con la palabra clave «fantástico». Si lo colocas muy dentro de un grupo anidado, por ejemplo a seis niveles de profundidad, el filtro solo mostrará las hojas de ese grupo concreto que cumplan el criterio.</p>
<p></p>
<p>Incluso puedes seleccionar varios grupos y filtros (manteniendo pulsada la tecla CMD), y hacer que sus contenidos combinados se muestren en la columna de hojas. </p>
<p></p></string>
</sheet>