<sheet version="2">
<markup version="1" identifier="markdownxl" displayName="Markdown XL">
	<tag definition="heading1" pattern="#"></tag>
	<tag definition="heading2" pattern="##"></tag>
	<tag definition="heading3" pattern="###"></tag>
	<tag definition="heading4" pattern="####"></tag>
	<tag definition="heading5" pattern="#####"></tag>
	<tag definition="heading6" pattern="######"></tag>
	<tag definition="codeblock" pattern="''"></tag>
	<tag definition="comment" pattern="%%"></tag>
	<tag definition="divider" pattern="----"></tag>
	<tag definition="nativeblock" pattern="~~"></tag>
	<tag definition="blockquote" pattern=">"></tag>
	<tag definition="orderedList" pattern="\d."></tag>
	<tag definition="unorderedList" pattern="*"></tag>
	<tag definition="unorderedList" pattern="+"></tag>
	<tag definition="unorderedList" pattern="-"></tag>
	<tag definition="code" startPattern="`" endPattern="`"></tag>
	<tag definition="delete" startPattern="||" endPattern="||"></tag>
	<tag definition="emph" startPattern="*" endPattern="*"></tag>
	<tag definition="emph" startPattern="_" endPattern="_"></tag>
	<tag definition="inlineComment" startPattern="++" endPattern="++"></tag>
	<tag definition="inlineNative" startPattern="~" endPattern="~"></tag>
	<tag definition="mark" startPattern="::" endPattern="::"></tag>
	<tag definition="strong" startPattern="__" endPattern="__"></tag>
	<tag definition="strong" startPattern="**" endPattern="**"></tag>
	<tag definition="annotation" startPattern="{" endPattern="}"></tag>
	<tag definition="link" startPattern="[" endPattern="]"></tag>
	<tag definition="footnote" pattern="(fn)"></tag>
	<tag definition="image" pattern="(img)"></tag>
	<tag definition="video" pattern="(vid)"></tag>
</markup>
<string xml:space="preserve">
<p><tags><tag kind="heading2">## </tag></tags>Adjuntos, notas y comentarios</p>
<p></p>
<p>Encima de todas las hojas hay una «barra de adjuntos». Los adjuntos te permiten incluir contenido arbitrario junto a tu contenido principal no arbitrario: imágenes, notas de texto, palabras clave y objetivos de escritura. Las palabras clave son especialmente interesantes, pues sirven para crear filtros que las busquen.</p>
<p></p>
<p>Las imágenes y notas de texto se pueden añadir más de una vez, y todos los adjuntos se pueden «arrancar» y colocar en cualquier parte de la pantalla. Incluso puedes ampliar las imágenes, moverte por las páginas de un PDF y usar casi todo el marcado de texto dentro de las notas de texto.</p>
<p></p>
<p>Otra forma de añadir notas es crear <element kind="annotation"><attribute identifier="text"><string xml:space="preserve">
<p>«¡Tú mataste a mi padre!»</p>
<p>«No, yo SOY tu padre»</p>
</string></attribute>anotaciones</element> o comentarios en línea. <element kind="inlineComment" startTag="++"> Haz doble clic en la anotación anterior, por favor. </element> Los comentarios también pueden abarcar varios párrafos.</p>
<p></p>
<p><tags><tag kind="comment">%% </tag></tags>Abarcar. </p>
<p><tags><tag kind="comment">%% </tag></tags>Varios. </p>
<p><tags><tag kind="comment">%% </tag></tags>Párrafos.</p>
<p></p></string>
<attachment type="note"><string xml:space="preserve">
<p>¡Ah, me has visto! Por favor, no me vuelvas a cerrar. Hace muuuucho que nadie me lee. Sácame de aquí, te lo ruego. Por favor. Quiero respirar un poco más.</p>
</string></attachment>
</sheet>
