<theme version="2">
	<palette version="1" mode="light">
		<color identifier="foreground" value="525252ff"/>
		<color identifier="background" value="f0f0f0ff"/>
		<color value="0089bdff"/>
		<color value="b31771ff"/>
		<color value="d2bf26ff"/>
		<color value="fff9beff"/>
		<color value="005f97ff"/>
		<color value="b52429ff"/>
		<color value="bf6c2bff"/>
		<color value="8d7d34ff"/>
		<color value="008243ff"/>
		<color value="000000ff"/>
		<color value="ffffffff"/>
	</palette>
	<palette version="1" mode="dark">
		<color identifier="foreground" value="878787ff"/>
		<color identifier="background" value="141414ff"/>
		<color value="0089bdff"/>
		<color value="b31771ff"/>
		<color value="d2bf26ff"/>
		<color value="fff9beff"/>
		<color value="005f97ff"/>
		<color value="b52429ff"/>
		<color value="bf6c2bff"/>
		<color value="8d7d34ff"/>
		<color value="008243ff"/>
		<color value="000000ff"/>
		<color value="ffffffff"/>
	</palette>
	
	<item scope="heading" colorsLight=";;" colorsDark=";;" traits=""/>
	<item scope="paragraph" colorsLight=";;" colorsDark=";;" traits=""/>
	<item scope="grouping" colorsLight=";;" colorsDark=";;" traits=""/>
	<item scope="text" colorsLight=";;" colorsDark=";;" traits=""/>
	<item scope="attributedText" colorsLight=";;" colorsDark=";;" traits=""/>
	<item scope="object" colorsLight=";;" colorsDark=";;" traits=""/>
	
	<item definition="filename" colorsLight="4097,4;4097,4;2,-5" colorsDark="3,-5;3,-5;9,-5" traits=""/>
	<item definition="heading1" colorsLight="0,0;0,0;" colorsDark="0,0;0,0;" traits="bold"/>
	<item definition="heading2" colorsLight="0,0;0,0;" colorsDark="0,0;0,0;"  traits="bold"/>
	<item definition="heading3" colorsLight="0,0;0,0;" colorsDark="0,0;0,0;"  traits="bold"/>
	<item definition="heading4" colorsLight="0,0;0,0;" colorsDark="0,0;0,0;"  traits="bold"/>
	<item definition="heading5" colorsLight="0,0;0,0;" colorsDark="0,0;0,0;"  traits=""/>
	<item definition="heading6" colorsLight="0,0;0,0;" colorsDark="0,0;0,0;"  traits=""/>
	<item definition="codeblock" colorsLight="8,1;8,-4;8,-5" colorsDark="8,1;8,-4;8,-5" traits=""/>
	<item definition="comment" colorsLight="4097,4;4097,4;2,-5" colorsDark="3,-5;3,-5;9,-5" traits=""/>
	<item definition="divider" colorsLight=";1,0;" colorsDark=";;" traits=""/>
	<item definition="nativeblock" colorsLight="8,1;8,-4;8,-5" colorsDark="8,1;8,-4;8,-5" traits=""/>
	<item definition="blockquote" colorsLight="0,0;0,-4;0,-5" colorsDark="0,0;0,-4;" traits="bold"/>
	<item definition="orderedList" colorsLight=";0,0;" colorsDark=";0,0;" traits="bold"/>
	<item definition="unorderedList" colorsLight=";0,0;" colorsDark=";0,0;" traits="bold"/>
	<item definition="cite" colorIndexes=",,;,," traits=""/>
	<item definition="code" colorsLight="8,1;8,-4;8,-5" colorsDark="8,0;8,-4;8,-5" traits=""/>
	<item definition="delete" colorsLight="0,0;0,-4;" colorsDark="0,0;0,-4;" traits="strikethrough"/>
	<item definition="emph" colorsLight="0,0;0,-4;" colorsDark="0,0;0,-4;" traits="bold,italic"/>
	<item definition="inlineComment" colorsLight="4097,4;4097,4;" colorsDark="4097,2;4097,2;" traits=""/>
	<item definition="inlineNative" colorsLight="8,1;8,-4;8,-5" colorsDark="8,0;8,-4;8,-5" traits=""/>
	<item definition="mark" colorsLight="9,-2;3,2;3,-3" colorsDark="7,-3;7,-3;2,-5" traits=""/>
	<item definition="strong" colorsLight="1,0;1,-4;" colorsDark="1,0;1,-4;" traits="bold"/>
	<item definition="annotation" colorsLight="9,-2;3,2;3,1" colorsDark="10,-3;3,-4;3,-4" traits=""/>
	<item definition="link" colorsLight="4097,8;4097,3;4097,2" colorsDark="10,-3;4097,4;4096,8" traits="bold"/>
	<item definition="footnote" colorsLight="1,1;0,-4;0,-4" colorsDark="1,-1;1,-4;1,-4" traits=""/>
	<item definition="image" colorsLight="1,1;1,-4;1,-4" colorsDark="1,-1;1,-4;1,-4" traits=""/>
	<item definition="video" colorsLight="1,1;1,-4;1,-4" colorsDark="1,-1;1,-4;1,-4" traits=""/>
</theme>