<sheet version="1">
<markup version="1" identifier="markdownxl" displayName="Markdown XL">
	<tag definition="heading1" pattern="#"></tag>
	<tag definition="heading2" pattern="##"></tag>
	<tag definition="heading3" pattern="###"></tag>
	<tag definition="heading4" pattern="####"></tag>
	<tag definition="heading5" pattern="#####"></tag>
	<tag definition="heading6" pattern="######"></tag>
	<tag definition="codeblock" pattern="''"></tag>
	<tag definition="comment" pattern="%%"></tag>
	<tag definition="divider" pattern="----"></tag>
	<tag definition="nativeblock" pattern="~~"></tag>
	<tag definition="blockquote" pattern=">"></tag>
	<tag definition="orderedList" pattern="\d."></tag>
	<tag definition="unorderedList" pattern="*"></tag>
	<tag definition="unorderedList" pattern="+"></tag>
	<tag definition="unorderedList" pattern="-"></tag>
	<tag definition="code" startPattern="`" endPattern="`"></tag>
	<tag definition="delete" startPattern="||" endPattern="||"></tag>
	<tag definition="emph" startPattern="*" endPattern="*"></tag>
	<tag definition="emph" startPattern="_" endPattern="_"></tag>
	<tag definition="inlineComment" startPattern="++" endPattern="++"></tag>
	<tag definition="inlineNative" startPattern="~" endPattern="~"></tag>
	<tag definition="mark" startPattern="::" endPattern="::"></tag>
	<tag definition="strong" startPattern="__" endPattern="__"></tag>
	<tag definition="strong" startPattern="**" endPattern="**"></tag>
	<tag definition="annotation" startPattern="{" endPattern="}"></tag>
	<tag definition="link" startPattern="[" endPattern="]"></tag>
	<tag definition="footnote" pattern="(fn)"></tag>
	<tag definition="image" pattern="(img)"></tag>
	<tag definition="video" pattern="(vid)"></tag>
</markup>
<string xml:space="preserve">
<p><tags><tag kind="heading3">### </tag></tags>Modalità schermo</p>
<p><tags><tag kind="unorderedList">- </tag></tags>CMD+ALT+P per passare alla Modalità pura</p>
<p><tags><tag kind="unorderedList">- </tag></tags>CMD+ALT+P per passare alla Modalità scura</p>
<p><tags><tag kind="unorderedList">- </tag></tags>CMD+CTRL+F per la Modalità tutto schermo</p>
<p></p>
<p><tags><tag kind="heading3">### </tag></tags>Opzioni elenco fogli</p>
<p><tags><tag kind="unorderedList">- </tag></tags>Il menu Vista contiene numerose opzioni per personalizzare l'elenco fogli:</p>
<p><tags><tag>	</tag><tag kind="unorderedList">- </tag></tags>Imposta "Anteprima fogli" su un valore compreso tra 1 e 6 righe</p>
<p><tags><tag>	</tag><tag kind="unorderedList">- </tag></tags>Include nell'anteprima fogli Parole chiave e Obiettivi</p>
<p><tags><tag>	</tag><tag kind="unorderedList">- </tag></tags>È possibile organizzare manualmente, per data o secondo i primi caratteri</p>
<p></p>
<p><tags><tag kind="heading3">### </tag></tags>Opzioni editor</p>
<p><tags><tag kind="unorderedList">- </tag></tags>Il menu Vista contiene anche opzioni per la personalizzazione dell'editor:</p>
<p><tags><tag kind="unorderedList">- </tag></tags>CMD+ALT+T per passare allo Scorrimento automatico</p>
<p><tags><tag>	</tag><tag kind="unorderedList">- </tag></tags>Puoi impostarlo in modo che sia in alto, al centro o in basso</p>
<p><tags><tag>	</tag><tag kind="unorderedList">- </tag></tags>Puoi anche impostarlo in modo che sia fisso o variabile</p>
<p><tags><tag kind="unorderedList">- </tag></tags>Puoi abilitare l'evidenziazione della linea attualmente selezionata</p>
<p><tags><tag kind="unorderedList">- </tag></tags>È possibile anche abilitare la visualizzazione del numero dei paragrafi</p>
<p></p>
<p><tags><tag kind="heading3">### </tag></tags>Dimensioni carattere</p>
<p><tags><tag kind="unorderedList">- </tag></tags>CMD+più per ingrandire il carattere</p>
<p><tags><tag kind="unorderedList">- </tag></tags>CMD+meno per rimpicciolire il carattere</p>
<p><tags><tag kind="unorderedList">- </tag></tags>CMD+0 per riportare le dimensioni del carattere a quelle predefinite</p>
<p></p></string>
</sheet>