<sheet version="1">
<markup version="1" identifier="markdownxl" displayName="Markdown XL">
	<tag definition="heading1" pattern="#"></tag>
	<tag definition="heading2" pattern="##"></tag>
	<tag definition="heading3" pattern="###"></tag>
	<tag definition="heading4" pattern="####"></tag>
	<tag definition="heading5" pattern="#####"></tag>
	<tag definition="heading6" pattern="######"></tag>
	<tag definition="codeblock" pattern="''"></tag>
	<tag definition="comment" pattern="%%"></tag>
	<tag definition="divider" pattern="----"></tag>
	<tag definition="nativeblock" pattern="~~"></tag>
	<tag definition="blockquote" pattern=">"></tag>
	<tag definition="orderedList" pattern="\d."></tag>
	<tag definition="unorderedList" pattern="*"></tag>
	<tag definition="unorderedList" pattern="+"></tag>
	<tag definition="unorderedList" pattern="-"></tag>
	<tag definition="code" startPattern="`" endPattern="`"></tag>
	<tag definition="delete" startPattern="||" endPattern="||"></tag>
	<tag definition="emph" startPattern="*" endPattern="*"></tag>
	<tag definition="emph" startPattern="_" endPattern="_"></tag>
	<tag definition="inlineComment" startPattern="++" endPattern="++"></tag>
	<tag definition="inlineNative" startPattern="~" endPattern="~"></tag>
	<tag definition="mark" startPattern="::" endPattern="::"></tag>
	<tag definition="strong" startPattern="__" endPattern="__"></tag>
	<tag definition="strong" startPattern="**" endPattern="**"></tag>
	<tag definition="annotation" startPattern="{" endPattern="}"></tag>
	<tag definition="link" startPattern="[" endPattern="]"></tag>
	<tag definition="footnote" pattern="(fn)"></tag>
	<tag definition="image" pattern="(img)"></tag>
	<tag definition="video" pattern="(vid)"></tag>
</markup>
<string xml:space="preserve">
<p><tags><tag kind="heading2">## </tag></tags>Barre latérale : groupes et filtres</p>
<p></p>
<p>Ajoutez des groupes et des filtres via le menu + de la barre latérale. Vous pouvez placer des groupes et des filtres dans d'autres groupes. Si vous sélectionnez un groupe dans la barre latérale, son contenu s'affiche dans la liste des feuilles. Sélectionnez une feuille et elle apparaît dans d'éditeur.</p>
<p></p>
<p>Les filtres sont un genre de groupe particulier. Une fois créés, ils examinent le groupe dans lequel ils se trouvent et listent toutes les feuilles correspondant aux critères définis. Par exemple, vous pouvez créer un filtre listant uniquement les feuilles comportant le mot-clé « fantastique ». Si vous le placez dans un groupe situé à un niveau de hiérarchie profond, disons au niveau 6, le filtre n'affichera que les feuilles correspondantes à l'intérieur de ce groupe.</p>
<p></p>
<p>Vous pouvez même sélectionner plusieurs groupes et filtres (en gardant le doigt sur CMD) et obtenir ainsi leurs contenus combinés dans la liste des feuilles. </p>
<p></p></string>
</sheet>