<sheet version="1">
<markup version="1" identifier="markdownxl" displayName="Markdown XL">
	<tag definition="heading1" pattern="#"></tag>
	<tag definition="heading2" pattern="##"></tag>
	<tag definition="heading3" pattern="###"></tag>
	<tag definition="heading4" pattern="####"></tag>
	<tag definition="heading5" pattern="#####"></tag>
	<tag definition="heading6" pattern="######"></tag>
	<tag definition="codeblock" pattern="''"></tag>
	<tag definition="comment" pattern="%%"></tag>
	<tag definition="divider" pattern="----"></tag>
	<tag definition="nativeblock" pattern="~~"></tag>
	<tag definition="blockquote" pattern=">"></tag>
	<tag definition="orderedList" pattern="\d."></tag>
	<tag definition="unorderedList" pattern="*"></tag>
	<tag definition="unorderedList" pattern="+"></tag>
	<tag definition="unorderedList" pattern="-"></tag>
	<tag definition="code" startPattern="`" endPattern="`"></tag>
	<tag definition="delete" startPattern="||" endPattern="||"></tag>
	<tag definition="emph" startPattern="*" endPattern="*"></tag>
	<tag definition="emph" startPattern="_" endPattern="_"></tag>
	<tag definition="inlineComment" startPattern="++" endPattern="++"></tag>
	<tag definition="inlineNative" startPattern="~" endPattern="~"></tag>
	<tag definition="mark" startPattern="::" endPattern="::"></tag>
	<tag definition="strong" startPattern="__" endPattern="__"></tag>
	<tag definition="strong" startPattern="**" endPattern="**"></tag>
	<tag definition="annotation" startPattern="{" endPattern="}"></tag>
	<tag definition="link" startPattern="[" endPattern="]"></tag>
	<tag definition="footnote" pattern="(fn)"></tag>
	<tag definition="image" pattern="(img)"></tag>
	<tag definition="video" pattern="(vid)"></tag>
</markup>
<string xml:space="preserve">
<p><tags><tag kind="heading3">### </tag></tags>Exportación rápida</p>
<p><tags><tag kind="unorderedList">- </tag></tags>CMD-6 para mostrar la Exportación rápida para el editor actual.</p>
<p><tags><tag kind="unorderedList">- </tag></tags>También puedes hacer clic con el botón derecho del ratón en un grupo, filtro u hoja de la barra lateral, y seleccionar «Exportación rápida…».</p>
<p></p>
<p><tags><tag kind="heading3">### </tag></tags>Exportación de texto normal</p>
<p><tags><tag kind="unorderedList">- </tag></tags>Escoge Texto normal o Markdown.</p>
<p><tags><tag>	</tag><tag kind="unorderedList">- </tag></tags>«Texto normal» ignorará todas las etiquetas, comentarios, anotaciones, imágenes, etc., y solamente exportará el texto.</p>
<p><tags><tag>	</tag><tag kind="unorderedList">- </tag></tags>«Markdown» conservará (o convertirá) todas las etiquetas y exportará el texto con sintaxis Markdown.</p>
<p></p>
<p><tags><tag kind="heading3">### </tag></tags>Exportación de texto con formato</p>
<p><tags><tag kind="unorderedList">- </tag></tags>Escoge entre PDF, RTF y Word.</p>
<p><tags><tag kind="unorderedList">- </tag></tags>Selecciona un estilo para aplicarlo durante la exportación.</p>
<p></p>
<p><tags><tag kind="heading3">### </tag></tags>Exportación de HTML</p>
<p><tags><tag kind="unorderedList">- </tag></tags>Escoge Fragmento o Una página.</p>
<p><tags><tag>	</tag><tag kind="unorderedList">- </tag></tags>«Fragmento» convertirá todas las etiquetas a HTML y exportará el texto.</p>
<p><tags><tag>	</tag><tag kind="unorderedList">- </tag></tags>«Una página creará un documento HTML completo con encabezamiento, cuerpo, enlaces CSS, etc.</p>
<p><tags><tag kind="unorderedList">- </tag></tags>Selecciona un estilo para aplicarlo durante la exportación.</p>
<p></p>
<p><tags><tag kind="heading3">### </tag></tags>Exportación a ePub</p>
<p><tags><tag kind="unorderedList">- </tag></tags>Puedes arrasrtar una imagen para usarla como portada del eBook.</p>
<p><tags><tag kind="unorderedList">- </tag></tags>Puedes indicar el título y el autor.</p>
<p><tags><tag kind="unorderedList">- </tag></tags>Selecciona un estilo para aplicarlo durante la exportación.</p>
<p></p>
<p><tags><tag kind="heading3">### </tag></tags>Vista previa de exportación</p>
<p><tags><tag kind="unorderedList">- </tag></tags>CMD-MAYÚSCULAS-P para mostrar una vista previa de lo seleccionado en la barra lateral (funciona con grupos).</p>
<p><tags><tag kind="unorderedList">- </tag></tags>CMD-R para actualizar todas las vistas previas abiertas.</p>
<p><tags><tag kind="unorderedList">- </tag></tags>Selecciona un estilo de exportación para usarlo en la vista previa.</p>
<p><tags><tag kind="unorderedList">- </tag></tags>Puedes exportar directamente desde la ventana de la vista previa.</p>
<p></p></string>
</sheet>