<sheet version="1">
<markup version="1" identifier="markdownxl" displayName="Markdown XL">
	<tag definition="heading1" pattern="#"></tag>
	<tag definition="heading2" pattern="##"></tag>
	<tag definition="heading3" pattern="###"></tag>
	<tag definition="heading4" pattern="####"></tag>
	<tag definition="heading5" pattern="#####"></tag>
	<tag definition="heading6" pattern="######"></tag>
	<tag definition="codeblock" pattern="''"></tag>
	<tag definition="comment" pattern="%%"></tag>
	<tag definition="divider" pattern="----"></tag>
	<tag definition="nativeblock" pattern="~~"></tag>
	<tag definition="blockquote" pattern=">"></tag>
	<tag definition="orderedList" pattern="\d."></tag>
	<tag definition="unorderedList" pattern="*"></tag>
	<tag definition="unorderedList" pattern="+"></tag>
	<tag definition="unorderedList" pattern="-"></tag>
	<tag definition="code" startPattern="`" endPattern="`"></tag>
	<tag definition="delete" startPattern="||" endPattern="||"></tag>
	<tag definition="emph" startPattern="*" endPattern="*"></tag>
	<tag definition="emph" startPattern="_" endPattern="_"></tag>
	<tag definition="inlineComment" startPattern="++" endPattern="++"></tag>
	<tag definition="inlineNative" startPattern="~" endPattern="~"></tag>
	<tag definition="mark" startPattern="::" endPattern="::"></tag>
	<tag definition="strong" startPattern="__" endPattern="__"></tag>
	<tag definition="strong" startPattern="**" endPattern="**"></tag>
	<tag definition="annotation" startPattern="{" endPattern="}"></tag>
	<tag definition="link" startPattern="[" endPattern="]"></tag>
	<tag definition="footnote" pattern="(fn)"></tag>
	<tag definition="image" pattern="(img)"></tag>
	<tag definition="video" pattern="(vid)"></tag>
</markup>
<string xml:space="preserve">
<p><tags><tag kind="heading3">### </tag></tags>Marcado</p>
<p><tags><tag kind="unorderedList">- </tag></tags>CMD-# para Títulos.</p>
<p><tags><tag kind="unorderedList">- </tag></tags>CMD-I para <element kind="emph" startTag="*">énfasis</element>.</p>
<p><tags><tag kind="unorderedList">- </tag></tags>CMD-B para <element kind="strong" startTag="**">fuerte</element>.</p>
<p><tags><tag kind="unorderedList">- </tag></tags>CMD-L para <element kind="link"><attribute identifier="URL"></attribute><attribute identifier="title"></attribute>enlaces</element>.</p>
<p><tags><tag kind="unorderedList">- </tag></tags>CMD-K para eliminar cualquier tipo de marcado.</p>
<p><tags><tag kind="unorderedList">- </tag></tags>CMD-9 para mostrar la Barra de marcado, en caso de que no recuerdes nada de esto.</p>
<p></p>
<p><tags><tag kind="heading3">### </tag></tags>Etiquetas inteligentes</p>
<p><tags><tag kind="unorderedList">- </tag></tags>Si esta opción está activada, se insertarán automáticamente los marcadores de etiquetas de cierre cada vez que escribas una etiqueta de apertura seguida por un carácter.</p>
<p><tags><tag kind="unorderedList">- </tag></tags>Puedes activar las Etiquetas inteligentes en Edición › Sustituciones.</p>
<p></p>
<p><tags><tag kind="heading3">### </tag></tags>Etiquetas de cierre</p>
<p><tags><tag kind="unorderedList">- </tag></tags>Pulsa ESC para escribir automáticamente un marcador de etiqueta de cierre.</p>
<p><tags><tag kind="unorderedList">- </tag></tags>Para aceptar la etiqueta de cierre, haz cualquiera de las siguientes cosas:</p>
<p><tags><tag>	</tag><tag kind="unorderedList">- </tag></tags>Pulsa Intro.</p>
<p><tags><tag>	</tag><tag kind="unorderedList">- </tag></tags>Pulsa la tecla de flecha derecha.</p>
<p><tags><tag>	</tag><tag kind="unorderedList">- </tag></tags>Pulsa la tecla de flecha abajo (si estás en el final de una hoja).</p>
<p><tags><tag>	</tag><tag kind="unorderedList">- </tag></tags>Escribe la etiqueta de cierre.</p>
<p><tags><tag kind="unorderedList">- </tag></tags>Para descartar la etiqueta de cierre mostrada, pulsa ESC.</p>
<p></p>
<p><tags><tag kind="heading3">### </tag></tags>Carácter de Escape</p>
<p><tags><tag kind="unorderedList">- </tag></tags>Para evitar que Ulysses trate cualquier carácter como parte del código de marcado, añade una barra invertida antes (por ejemplo, si quieres una barra invertida en lugar de un enlace, escribe “<escape>\[</escape>algo]”)</p>
<p></p>
<p><tags><tag kind="heading3">### </tag></tags>Barra de marcado (alias «la chuleta»)</p>
<p><tags><tag kind="unorderedList">- </tag></tags>Al mostrar la Barra de marcado (CMD-9), puedes hacer clic en cualquier elemento de la lista para aplicarlo al texto seleccionado.</p>
<p><tags><tag kind="unorderedList">- </tag></tags>Esto funciona con selecciones múltiples (CMD-clic para seleccionar distintas partes del texto).</p>
<p><tags><tag kind="unorderedList">- </tag></tags>Los párrafos con distintos niveles como las listas o los bloques de cita aumentarán su sangría en un nivel cada vez que hagas clic.</p>
<p><tags><tag kind="unorderedList">- </tag></tags>MAYÚSCULAS-clic elimina el marcado o reduce la sangría de párrafos con distintos niveles.</p>
<p></p></string>
</sheet>