<sheet version="2">
<markup version="1" identifier="markdownxl" displayName="Markdown XL">
	<tag definition="heading1" pattern="#"></tag>
	<tag definition="heading2" pattern="##"></tag>
	<tag definition="heading3" pattern="###"></tag>
	<tag definition="heading4" pattern="####"></tag>
	<tag definition="heading5" pattern="#####"></tag>
	<tag definition="heading6" pattern="######"></tag>
	<tag definition="codeblock" pattern="''"></tag>
	<tag definition="comment" pattern="%%"></tag>
	<tag definition="divider" pattern="----"></tag>
	<tag definition="nativeblock" pattern="~~"></tag>
	<tag definition="blockquote" pattern=">"></tag>
	<tag definition="orderedList" pattern="\d."></tag>
	<tag definition="unorderedList" pattern="*"></tag>
	<tag definition="unorderedList" pattern="+"></tag>
	<tag definition="unorderedList" pattern="-"></tag>
	<tag definition="code" startPattern="`" endPattern="`"></tag>
	<tag definition="delete" startPattern="||" endPattern="||"></tag>
	<tag definition="emph" startPattern="*" endPattern="*"></tag>
	<tag definition="emph" startPattern="_" endPattern="_"></tag>
	<tag definition="inlineComment" startPattern="++" endPattern="++"></tag>
	<tag definition="inlineNative" startPattern="~" endPattern="~"></tag>
	<tag definition="mark" startPattern="::" endPattern="::"></tag>
	<tag definition="strong" startPattern="__" endPattern="__"></tag>
	<tag definition="strong" startPattern="**" endPattern="**"></tag>
	<tag definition="annotation" startPattern="{" endPattern="}"></tag>
	<tag definition="link" startPattern="[" endPattern="]"></tag>
	<tag definition="footnote" pattern="(fn)"></tag>
	<tag definition="image" pattern="(img)"></tag>
	<tag definition="video" pattern="(vid)"></tag>
</markup>
<string xml:space="preserve">
<p><tags><tag kind="heading2">## </tag></tags>Pièces jointes, notes et commentaires</p>
<p></p>
<p>En haut de chaque feuille, on trouve une barre appelée « barre de pièces jointes ». Les pièces jointes vous permettent de placer du contenu arbitraire à côté du contenu principal pas-vraiment arbitraire : des images, des notes, des mots-clés et des objectifs d'écriture. Les mots-clés sont particulièrement pratiques, puisque vous pouvez définir des filtres qui localiseront ces mots-clés.</p>
<p></p>
<p>Les images et les notes peuvent être jointes plusieurs fois et les pièces jointes peuvent être détachées et placées n'importe où à l'écran. Vous pouvez même zoomer sur les images, feuilleter les PDF et utiliser la majeure partie du balisage dans les notes.</p>
<p></p>
<p>Une autre façon d'ajouter des notes est de créer des <element kind="annotation"><attribute identifier="text"><string xml:space="preserve">
<p>« Vous avez tué mon annotation. »</p>
<p>« Non, JE SUIS ton annotation. »</p>
</string></attribute>annotations</element> ou commentaires en ligne. <element kind="inlineComment" startTag="++"> Double-cliquez sur l'annotation de l'annotation, s'il vous plaît. </element> Les commentaires peuvent s'étendre sur tout un paragraphe.</p>
<p></p>
<p><tags><tag kind="comment">%% </tag></tags>S'étendre. </p>
<p><tags><tag kind="comment">%% </tag></tags>Sur tout un. </p>
<p><tags><tag kind="comment">%% </tag></tags>Paragraphe.</p>
<p></p></string>
<attachment type="note"><string xml:space="preserve">
<p>Oh ! vous m'avez remarquée… S'il vous plaît, ne me refermez pas. Ça fait siiiiii longtemps qu'on ne m'a pas lue. Détachez-moi, je vous en prie. Je vous en supplie. J'aimerais respirer un moment.</p>
</string></attachment>
</sheet>