<sheet version="2">
<markup version="1" identifier="markdownxl" displayName="Markdown XL">
	<tag definition="heading1" pattern="#"></tag>
	<tag definition="heading2" pattern="##"></tag>
	<tag definition="heading3" pattern="###"></tag>
	<tag definition="heading4" pattern="####"></tag>
	<tag definition="heading5" pattern="#####"></tag>
	<tag definition="heading6" pattern="######"></tag>
	<tag definition="codeblock" pattern="''"></tag>
	<tag definition="comment" pattern="%%"></tag>
	<tag definition="divider" pattern="----"></tag>
	<tag definition="nativeblock" pattern="~~"></tag>
	<tag definition="blockquote" pattern=">"></tag>
	<tag definition="orderedList" pattern="\d."></tag>
	<tag definition="unorderedList" pattern="*"></tag>
	<tag definition="unorderedList" pattern="+"></tag>
	<tag definition="unorderedList" pattern="-"></tag>
	<tag definition="code" startPattern="`" endPattern="`"></tag>
	<tag definition="delete" startPattern="||" endPattern="||"></tag>
	<tag definition="emph" startPattern="*" endPattern="*"></tag>
	<tag definition="emph" startPattern="_" endPattern="_"></tag>
	<tag definition="inlineComment" startPattern="++" endPattern="++"></tag>
	<tag definition="inlineNative" startPattern="~" endPattern="~"></tag>
	<tag definition="mark" startPattern="::" endPattern="::"></tag>
	<tag definition="strong" startPattern="__" endPattern="__"></tag>
	<tag definition="strong" startPattern="**" endPattern="**"></tag>
	<tag definition="annotation" startPattern="{" endPattern="}"></tag>
	<tag definition="link" startPattern="[" endPattern="]"></tag>
	<tag definition="footnote" pattern="(fn)"></tag>
	<tag definition="image" pattern="(img)"></tag>
	<tag definition="video" pattern="(vid)"></tag>
</markup>
<string xml:space="preserve">
<p><tags><tag kind="heading2">## </tag></tags>Ok, aber wie …?</p>
<p></p>
<p>Wenn Sie schon einmal eine dreispaltige App benutzt haben, sollten Sie sich problemlos in Ulysses zurechtfinden. Und wenn Sie die Vorzüge von <element kind="link"><attribute identifier="URL">http://daringfireball.net/projects/markdown/</attribute><attribute identifier="title">Markdown von John Gruber und Aaron Swartz!</attribute>Markdown</element> und <element kind="link"><attribute identifier="URL">http://de.wikipedia.org/wiki/Textile</attribute><attribute identifier="title">Wikipedia-Artikel über Textile</attribute>Textile</element> bereits kennen, werden Sie sich hier direkt zu Hause fühlen. Hier und da gehen wir mit gewissen Dingen zwar etwas anders um, aber grundsätzlich wird hier alles so behandelt, wie es alle anderen auch tun.</p>
<p></p>
<p>Wie dem auch sein, die Oberfläche von links nach rechts:</p>
<p></p>
<p><tags><tag kind="unorderedList">- </tag></tags>SEITENLEISTE</p>
<p><tags><tag kind="unorderedList">- </tag></tags>BLÄTTERLISTE</p>
<p><tags><tag kind="unorderedList">- </tag></tags>EDITOR</p>
<p></p>
<p>Das ist alles.</p>
<p></p>
<p>Die <element kind="emph" startTag="_">Seitenleiste</element> ist in Abschnitte unterteilt und quasi selbsterklärend. Je nach dem, ob Sie iCloud aktiviert haben oder ob Sie <element kind="link"><attribute identifier="URL">http://www.daedalusapp.com</attribute><attribute identifier="title">Daedalus Touch – Text Editor für iCloud</attribute>Daedalus Touch</element> verwenden, sind dort unterschiedliche Abschnitte zu sehen.</p>
<p></p>
<p>Die <element kind="emph" startTag="_">Blätterliste</element> enthält alle Ihre Texte.</p>
<p></p>
<p>Und dies hier ist der <element kind="emph" startTag="_">Editor</element>.</p>
</string>
<attachment type="keywords">fantastisch</attachment>
</sheet>