<sheet version="1">
<markup version="1" identifier="markdownxl" displayName="Markdown XL">
	<tag definition="heading1" pattern="#"/>
	<tag definition="heading2" pattern="##"/>
	<tag definition="heading3" pattern="###"/>
	<tag definition="heading4" pattern="####"/>
	<tag definition="heading5" pattern="#####"/>
	<tag definition="heading6" pattern="######"/>
	<tag definition="codeblock" pattern="''"/>
	<tag definition="comment" pattern="%%"/>
	<tag definition="divider" pattern="----"/>
	<tag definition="nativeblock" pattern="~~"/>
	<tag definition="blockquote" pattern=">"/>
	<tag definition="orderedList" pattern="\d."/>
	<tag definition="unorderedList" pattern="*"/>
	<tag definition="unorderedList" pattern="+"/>
	<tag definition="unorderedList" pattern="-"/>
	<tag definition="code" startPattern="`" endPattern="`"/>
	<tag definition="delete" startPattern="||" endPattern="||"/>
	<tag definition="emph" startPattern="*" endPattern="*"/>
	<tag definition="emph" startPattern="_" endPattern="_"/>
	<tag definition="inlineComment" startPattern="++" endPattern="++"/>
	<tag definition="inlineNative" startPattern="~" endPattern="~"/>
	<tag definition="mark" startPattern="::" endPattern="::"/>
	<tag definition="strong" startPattern="__" endPattern="__"/>
	<tag definition="strong" startPattern="**" endPattern="**"/>
	<tag definition="annotation" startPattern="{" endPattern="}"/>
	<tag definition="link" startPattern="[" endPattern="]"/>
	<tag definition="footnote" pattern="(fn)"/>
	<tag definition="image" pattern="(img)"/>
	<tag definition="video" pattern="(vid)"/>
</markup>
<string xml:space="preserve">
<p><tags><tag kind="heading3">### </tag></tags>Per gli utenti di 1.0</p>
<p><tags><tag kind="unorderedList">- </tag></tags>Nuova ricerca nella barra laterale tramite CMD+SHIFT+F</p>
<p><tags><tag kind="unorderedList">- </tag></tags>Nuovo pannello per aprire elementi tramite CMD+O</p>
<p><tags><tag kind="unorderedList">- </tag></tags>Nuova anteprima di esportazione tramite CMD+SHIFT+P</p>
<p><tags><tag kind="unorderedList">- </tag></tags>Nuovo pannello delle preferenze chiamato “Stili” per aggiungere stili di esportazione personalizzati per HTML, PDF, Word, RTF ed ePub</p>
<p><tags><tag kind="unorderedList">- </tag></tags>È possibile esportare in formato ePub</p>
<p><tags><tag kind="unorderedList">- </tag></tags>Funzione di autocompletamento del tag finale e di continuazione automatica degli elenchi tramite Composizione › Sostituzioni</p>
<p><tags><tag kind="unorderedList">- </tag></tags>Scorrimento durante la scrittura tramite CMD+ALT+T</p>
<p><tags><tag kind="unorderedList">- </tag></tags>Il menu principale è stato ottimizzato in alcuni punti. Inizialmente potrà confondervi, ma poi pensiamo proprio che ci ringrazierete...</p>
<p></p></string>
</sheet>