<sheet version="1">
<markup version="1" identifier="markdownxl" displayName="Markdown XL">
	<tag definition="heading1" pattern="#"></tag>
	<tag definition="heading2" pattern="##"></tag>
	<tag definition="heading3" pattern="###"></tag>
	<tag definition="heading4" pattern="####"></tag>
	<tag definition="heading5" pattern="#####"></tag>
	<tag definition="heading6" pattern="######"></tag>
	<tag definition="codeblock" pattern="''"></tag>
	<tag definition="comment" pattern="%%"></tag>
	<tag definition="divider" pattern="----"></tag>
	<tag definition="nativeblock" pattern="~~"></tag>
	<tag definition="blockquote" pattern=">"></tag>
	<tag definition="orderedList" pattern="\d."></tag>
	<tag definition="unorderedList" pattern="*"></tag>
	<tag definition="unorderedList" pattern="+"></tag>
	<tag definition="unorderedList" pattern="-"></tag>
	<tag definition="code" startPattern="`" endPattern="`"></tag>
	<tag definition="delete" startPattern="||" endPattern="||"></tag>
	<tag definition="emph" startPattern="*" endPattern="*"></tag>
	<tag definition="emph" startPattern="_" endPattern="_"></tag>
	<tag definition="inlineComment" startPattern="++" endPattern="++"></tag>
	<tag definition="inlineNative" startPattern="~" endPattern="~"></tag>
	<tag definition="mark" startPattern="::" endPattern="::"></tag>
	<tag definition="strong" startPattern="__" endPattern="__"></tag>
	<tag definition="strong" startPattern="**" endPattern="**"></tag>
	<tag definition="annotation" startPattern="{" endPattern="}"></tag>
	<tag definition="link" startPattern="[" endPattern="]"></tag>
	<tag definition="footnote" pattern="(fn)"></tag>
	<tag definition="image" pattern="(img)"></tag>
	<tag definition="video" pattern="(vid)"></tag>
</markup>
<string xml:space="preserve">
<p><tags><tag kind="heading3">### </tag></tags>Verschiedenes</p>
<p><tags><tag kind="unorderedList"> - </tag></tags>Doppelklicken eines Blatts in der Seitenleiste bringt Sie zum letzten Bearbeitungsort auf dem Blatt zurück</p>
<p><tags><tag kind="unorderedList">- </tag></tags>Sie können mehrere Fenster gleichzeitig geöffnet haben (CMD-ALT-N)</p>
<p><tags><tag kind="unorderedList">- </tag></tags>Sie können sogar in allen Fenstern das gleiche Blatt geöffnet haben und es in einem bearbeiten. Allerdings hat diese Funktion neben beeindruckten Zuschauern wenig Nutzen, um ehrlich zu sein.</p>
<p><tags><tag kind="unorderedList">- </tag></tags>CMD-S erstellt eine neue Version des aktuellen Blatts. Nach Klicken auf „Alle Versionen durchsuchen …“ im Menü „Ablage“ kann eingesehen werden, wie oft diese Funktion bereits genutzt wurde.</p>
<p><tags><tag kind="unorderedList">- </tag></tags>CMD-J verbindet zuvor ausgewählte Blätter</p>
<p><tags><tag>	</tag><tag kind="unorderedList">- </tag></tags>Wenn zuvor nur ein Blatt ausgewählt wurde, wird dieses an das Blatt vor dem ausgewählten angefügt</p>
<p><tags><tag>	</tag><tag kind="unorderedList">- </tag></tags>Wenn „vor“ dem ausgewählten Blatt sich kein anderes Blatt befindet, passiert nichts. Was sollte auch passieren?</p>
<p><tags><tag kind="unorderedList">- </tag></tags>Blätter können im Menü „Ablage“ mit „Blätter zusammenführen“ dauerhaft zusammengeführt werden</p>
<p><tags><tag kind="unorderedList">- </tag></tags>Ein Blatt kann im Menü „Bearbeiten“ per „Bei Auswahl trennen“ auch an der aktuellen Cursor-Position in zwei Blätter aufgeteilt werden</p>
</string>
</sheet>