<sheet version="1">
<markup version="1" identifier="markdownxl" displayName="Markdown XL">
	<tag definition="heading1" pattern="#"></tag>
	<tag definition="heading2" pattern="##"></tag>
	<tag definition="heading3" pattern="###"></tag>
	<tag definition="heading4" pattern="####"></tag>
	<tag definition="heading5" pattern="#####"></tag>
	<tag definition="heading6" pattern="######"></tag>
	<tag definition="codeblock" pattern="''"></tag>
	<tag definition="comment" pattern="%%"></tag>
	<tag definition="divider" pattern="----"></tag>
	<tag definition="nativeblock" pattern="~~"></tag>
	<tag definition="blockquote" pattern=">"></tag>
	<tag definition="orderedList" pattern="\d."></tag>
	<tag definition="unorderedList" pattern="*"></tag>
	<tag definition="unorderedList" pattern="+"></tag>
	<tag definition="unorderedList" pattern="-"></tag>
	<tag definition="code" startPattern="`" endPattern="`"></tag>
	<tag definition="delete" startPattern="||" endPattern="||"></tag>
	<tag definition="emph" startPattern="*" endPattern="*"></tag>
	<tag definition="emph" startPattern="_" endPattern="_"></tag>
	<tag definition="inlineComment" startPattern="++" endPattern="++"></tag>
	<tag definition="inlineNative" startPattern="~" endPattern="~"></tag>
	<tag definition="mark" startPattern="::" endPattern="::"></tag>
	<tag definition="strong" startPattern="__" endPattern="__"></tag>
	<tag definition="strong" startPattern="**" endPattern="**"></tag>
	<tag definition="annotation" startPattern="{" endPattern="}"></tag>
	<tag definition="link" startPattern="[" endPattern="]"></tag>
	<tag definition="footnote" pattern="(fn)"></tag>
	<tag definition="image" pattern="(img)"></tag>
	<tag definition="video" pattern="(vid)"></tag>
</markup>
<string xml:space="preserve">
<p><tags><tag kind="heading2">## </tag></tags>Fenêtres surgissantes</p>
<p></p>
<p>Comme vous l'avez vu, la plupart des fonctions avancées d'Ulysses sont rangées dans de petites fenêtres surgissantes. Elles sont ainsi invisibles tant que vous n'en avez pas réellement besoin. La plupart des fenêtres surgissantes peuvent être détachées et transformées en ATH flottants fixes pour consultation rapide et/ou accès direct. Elles sont tout à fait appropriées à un second écran, soit dit en passant.</p>
<p></p>
<p>Et tandis que certaines fenêtres surgissantes ne sont disponibles que depuis l'éditeur, d'autres peuvent être appelées dans les barres latérales. Par exemple, vous pouvez appeler Exportation rapide via le menu contextuel des groupes ou filtres. Vous pouvez aussi consulter les statistiques d'un texte de cette même manière.</p>
<p></p>
<p>Truc de pro : Exportation rapide, Favoris et Navigation bénéficient de la navigation intégrale au clavier. Ceux et celles qui se sentent l'âme de grands utilisateurs peuvent essayer ceci…</p>
<p></p>
<p><tags><tag kind="heading3">### </tag></tags>Appuyez sur CMD-8.</p>
<p><tags><tag kind="heading3">### </tag></tags>Naviguez avec les flèches vers le haut/bas.</p>
<p><tags><tag kind="heading3">### </tag></tags>Essayez de sélectionner ce titre.</p>
<p><tags><tag kind="heading3">### </tag></tags>Non, celui-ci.</p>
<p><tags><tag kind="heading3">### </tag></tags>CELUI-CI !!!</p>
<p></p></string>
</sheet>