<sheet version="1">
<markup version="1" identifier="markdownxl" displayName="Markdown XL">
	<tag definition="heading1" pattern="#"></tag>
	<tag definition="heading2" pattern="##"></tag>
	<tag definition="heading3" pattern="###"></tag>
	<tag definition="heading4" pattern="####"></tag>
	<tag definition="heading5" pattern="#####"></tag>
	<tag definition="heading6" pattern="######"></tag>
	<tag definition="codeblock" pattern="''"></tag>
	<tag definition="comment" pattern="%%"></tag>
	<tag definition="divider" pattern="----"></tag>
	<tag definition="nativeblock" pattern="~~"></tag>
	<tag definition="blockquote" pattern=">"></tag>
	<tag definition="orderedList" pattern="\d."></tag>
	<tag definition="unorderedList" pattern="*"></tag>
	<tag definition="unorderedList" pattern="+"></tag>
	<tag definition="unorderedList" pattern="-"></tag>
	<tag definition="code" startPattern="`" endPattern="`"></tag>
	<tag definition="delete" startPattern="||" endPattern="||"></tag>
	<tag definition="emph" startPattern="*" endPattern="*"></tag>
	<tag definition="emph" startPattern="_" endPattern="_"></tag>
	<tag definition="inlineComment" startPattern="++" endPattern="++"></tag>
	<tag definition="inlineNative" startPattern="~" endPattern="~"></tag>
	<tag definition="mark" startPattern="::" endPattern="::"></tag>
	<tag definition="strong" startPattern="__" endPattern="__"></tag>
	<tag definition="strong" startPattern="**" endPattern="**"></tag>
	<tag definition="annotation" startPattern="{" endPattern="}"></tag>
	<tag definition="link" startPattern="[" endPattern="]"></tag>
	<tag definition="footnote" pattern="(fn)"></tag>
	<tag definition="image" pattern="(img)"></tag>
	<tag definition="video" pattern="(vid)"></tag>
</markup>
<string xml:space="preserve">
<p><tags><tag kind="heading2">## </tag></tags>Editor: Solo testo ampliato.</p>
<p></p>
<p>Ormai avrai sicuramente notato “tutti quegli strani caratteri” inseriti prima dei titoli e nel corpo del testo. </p>
<p>Ti sarai forse anche meravigliato del design curato, della tipografia curata, dei titoli sporgenti o dei rientri delle liste, e di come ciò sia possibile senza usare tavolozze formattazione, righelli e pannelli dei font. E, infine, ecco che cosa significano, a cosa servono e il motivo per cui <element kind="emph" startTag="_">dovrebbero interessarti</element>.</p>
<p></p>
<p><tags><tag kind="comment">%% </tag></tags>Per la cronaca: i professionisti del Markup possono ignorare questa parte.</p>
<p></p>
<p>Siamo convinti che chi scrive non debba essere infastidito da questioni di layout. E soprattutto le questioni di layout non dovrebbero mai interferire con il processo di scrittura. Chiamalo come vuoi: privo di distrazioni, Zen, pura semantica, mini minimale, neo-rétro. Il fatto è che è meglio mantenere separata la creazione di contenuti dalla loro presentazione, o quest’ultima sarà solo d’intralcio. Prima o poi. Nel design (perdonami il gioco di parole).</p>
<p></p>
<p>Ulysses utilizza il cosiddetto markup minimalista per <element kind="emph" startTag="_">definire</element> parti di testo, non per formattarli o applicarvi stili. La lista completa delle definizioni disponibili è consultabile premendo CMD+9, e si nasconde con un movimento da sinistra a destra. Dai titoli alle liste, dalle immagini alle note a piè pagina: puoi assegnare una funzione a parti di testo inserendo semplicemente alcuni simboli facili da ricordare.</p>
<p></p>
<p><tags><tag kind="heading2">## </tag></tags>Hai bisogno di un titolo? Crealo.</p>
<p></p>
<p><tags><tag kind="blockquote">&gt; </tag></tags>Hai bisogno di una citazione?</p>
<p><tags><tag kind="blockquote">&gt; </tag></tags>Creala.</p>
<p></p>
<p>Hai bisogno di una nota? Creane una.<element kind="footnote"><attribute identifier="text"><string xml:space="preserve">
<p>Digita (fn), inserisci il testo nella finestra pop-over, premi CMD+Enter e continua.</p>
<p></p></string></attribute></element> Non devi utilizzare il mouse, basta digitare. Solo questo. Digitare.</p>
<p></p></string>
</sheet>