<sheet version="2">
<markup version="1" identifier="markdownxl" displayName="Markdown XL">
	<tag definition="heading1" pattern="#"></tag>
	<tag definition="heading2" pattern="##"></tag>
	<tag definition="heading3" pattern="###"></tag>
	<tag definition="heading4" pattern="####"></tag>
	<tag definition="heading5" pattern="#####"></tag>
	<tag definition="heading6" pattern="######"></tag>
	<tag definition="codeblock" pattern="''"></tag>
	<tag definition="comment" pattern="%%"></tag>
	<tag definition="divider" pattern="----"></tag>
	<tag definition="nativeblock" pattern="~~"></tag>
	<tag definition="blockquote" pattern=">"></tag>
	<tag definition="orderedList" pattern="\d."></tag>
	<tag definition="unorderedList" pattern="*"></tag>
	<tag definition="unorderedList" pattern="+"></tag>
	<tag definition="unorderedList" pattern="-"></tag>
	<tag definition="code" startPattern="`" endPattern="`"></tag>
	<tag definition="delete" startPattern="||" endPattern="||"></tag>
	<tag definition="emph" startPattern="*" endPattern="*"></tag>
	<tag definition="emph" startPattern="_" endPattern="_"></tag>
	<tag definition="inlineComment" startPattern="++" endPattern="++"></tag>
	<tag definition="inlineNative" startPattern="~" endPattern="~"></tag>
	<tag definition="mark" startPattern="::" endPattern="::"></tag>
	<tag definition="strong" startPattern="__" endPattern="__"></tag>
	<tag definition="strong" startPattern="**" endPattern="**"></tag>
	<tag definition="annotation" startPattern="{" endPattern="}"></tag>
	<tag definition="link" startPattern="[" endPattern="]"></tag>
	<tag definition="footnote" pattern="(fn)"></tag>
	<tag definition="image" pattern="(img)"></tag>
	<tag definition="video" pattern="(vid)"></tag>
</markup>
<string xml:space="preserve">
<p><tags><tag kind="heading2">## </tag></tags>¿Vale, pero cómo puedo…?</p>
<p></p>
<p>Si ya habías usado alguna app con tres paneles, no te costará moverte por Ulysses y usar sus funciones. Y si ya conoces cosas como <element kind="link"><attribute identifier="URL">http://daringfireball.net/projects/markdown/</attribute><attribute identifier="title">Markdown, de John Gruber y Aaron Swartz</attribute>Markdown</element> o <element kind="link"><attribute identifier="URL">http://en.wikipedia.org/wiki/Textile_(markup_language)</attribute><attribute identifier="title">Página de Wikipedia sobre Textile</attribute>Textile</element>, te sentirás totalmente a gusto en el editor. Puede que haya algunos casos especiales en los que hagamos las cosas de forma diferente, pero en general todo te resultará muy familiar.</p>
<p></p>
<p>En cualquier caso, este es el nuevo interfaz de izquierda a derecha:</p>
<p></p>
<p><tags><tag kind="unorderedList">- </tag></tags>BARRA LATERAL</p>
<p><tags><tag kind="unorderedList">- </tag></tags>LISTA DE HOJAS</p>
<p><tags><tag kind="unorderedList">- </tag></tags>EDITOR</p>
<p></p>
<p>Y eso es todo.</p>
<p></p>
<p>La <element kind="emph" startTag="_">barra lateral</element> está dividida en secciones y no necesita ninguna explicación. Dependiendo de si tienes iCloud activado o si usas <element kind="link"><attribute identifier="URL">http://www.daedalusapp.com</attribute><attribute identifier="title">Daedalus Touch – Editor de texto para iCloud</attribute>Daedalus Touch</element> verás distintas secciones en la barra lateral.</p>
<p></p>
<p>La <element kind="emph" startTag="_">lista de hojas</element> es donde residen todos tus textos.</p>
<p></p>
<p>Y esto de aquí es el <element kind="emph" startTag="_">editor</element>.</p>
<p></p></string>
<attachment type="keywords">fantástico</attachment>
</sheet>
