<sheet version="1">
<markup version="1" identifier="markdownxl" displayName="Markdown XL">
	<tag definition="heading1" pattern="#"/>
	<tag definition="heading2" pattern="##"/>
	<tag definition="heading3" pattern="###"/>
	<tag definition="heading4" pattern="####"/>
	<tag definition="heading5" pattern="#####"/>
	<tag definition="heading6" pattern="######"/>
	<tag definition="codeblock" pattern="''"/>
	<tag definition="comment" pattern="%%"/>
	<tag definition="divider" pattern="----"/>
	<tag definition="nativeblock" pattern="~~"/>
	<tag definition="blockquote" pattern=">"/>
	<tag definition="orderedList" pattern="\d."/>
	<tag definition="unorderedList" pattern="*"/>
	<tag definition="unorderedList" pattern="+"/>
	<tag definition="unorderedList" pattern="-"/>
	<tag definition="code" startPattern="`" endPattern="`"/>
	<tag definition="delete" startPattern="||" endPattern="||"/>
	<tag definition="emph" startPattern="*" endPattern="*"/>
	<tag definition="emph" startPattern="_" endPattern="_"/>
	<tag definition="inlineComment" startPattern="++" endPattern="++"/>
	<tag definition="inlineNative" startPattern="~" endPattern="~"/>
	<tag definition="mark" startPattern="::" endPattern="::"/>
	<tag definition="strong" startPattern="__" endPattern="__"/>
	<tag definition="strong" startPattern="**" endPattern="**"/>
	<tag definition="annotation" startPattern="{" endPattern="}"/>
	<tag definition="link" startPattern="[" endPattern="]"/>
	<tag definition="footnote" pattern="(fn)"/>
	<tag definition="image" pattern="(img)"/>
	<tag definition="video" pattern="(vid)"/>
</markup>
<string xml:space="preserve">
<p><tags><tag kind="heading2">## </tag></tags>Ein paar Worte zu Version 1.1</p>
<p></p>
<p>Die Reaktionen auf Ulysses III waren einfach umwerfend. In den letzten zwei Monaten reichte dies von kritischem Applaus in den Medien bis hin zu einer sehr prominenten Platzierung im App Store. Am meisten haben wir uns jedoch über die phänomenalen Rückmeldungen der Benutzer gefreut!</p>
<p></p>
<p>Wir möchten uns auch ganz herzlich bei allen bedanken, die Ulysses III von Anfang an verwendet haben. Für so eine grandiose Nutzerschaft zu arbeiten macht ernorm viel Spaß und motiviert uns. Ihr seid Klasse!</p>
<p></p>
<p>Diese neue Version, mit der Ihr diese Nachricht gerade lest, enthält viele von Benutzern angeregte Funktionen. Es sind einfach zu viele, um sie alle hier aufzulisten. Darunter ist zum Beispiel die Globale Suche, das Schreibmaschinen-Scrolling, sowie eine Auto-Vervollständigung von Listen und Tags. Außerdem können nun endlich auch eigene Stile für den Export erstellt werden.</p>
<p></p>
<p>Für den ein oder anderen ist diese Version sicherlich die „wie die 1.0 hätte sein sollen”-Version … und haben damit vielleicht nicht ganz Unrecht. Wir freuen uns jedoch, diese unserer Meinung nach grandiosen Funktionen implementiert zu haben – die 1.0 gab uns den Spielraum, jede Funktion für sich mit ausreichend Zeit zu überdenken, zu verbessern und nun auszuliefern. Wir hoffen, dass es sich gelohnt hat.</p>
<p></p>
<p>Wir werden auch weiterhin an die Grenzen des mit Reinem Text Machbaren gehen und uns über die tollsten Nutzer des ganzen Universums freuen!</p>
<p></p>
<p>An dieser Stelle noch einmal vielen Dank! Viel Spaß!</p>
<p></p>
<p>Marcus Fehn | The Soulmen</p>
<p>September 2013</p>
</string>
</sheet>