<sheet version="1">
<markup version="1" identifier="markdownxl" displayName="Markdown XL">
	<tag definition="heading1" pattern="#"/>
	<tag definition="heading2" pattern="##"/>
	<tag definition="heading3" pattern="###"/>
	<tag definition="heading4" pattern="####"/>
	<tag definition="heading5" pattern="#####"/>
	<tag definition="heading6" pattern="######"/>
	<tag definition="codeblock" pattern="''"/>
	<tag definition="comment" pattern="%%"/>
	<tag definition="divider" pattern="----"/>
	<tag definition="nativeblock" pattern="~~"/>
	<tag definition="blockquote" pattern=">"/>
	<tag definition="orderedList" pattern="\d."/>
	<tag definition="unorderedList" pattern="*"/>
	<tag definition="unorderedList" pattern="+"/>
	<tag definition="unorderedList" pattern="-"/>
	<tag definition="code" startPattern="`" endPattern="`"/>
	<tag definition="delete" startPattern="||" endPattern="||"/>
	<tag definition="emph" startPattern="*" endPattern="*"/>
	<tag definition="emph" startPattern="_" endPattern="_"/>
	<tag definition="inlineComment" startPattern="++" endPattern="++"/>
	<tag definition="inlineNative" startPattern="~" endPattern="~"/>
	<tag definition="mark" startPattern="::" endPattern="::"/>
	<tag definition="strong" startPattern="__" endPattern="__"/>
	<tag definition="strong" startPattern="**" endPattern="**"/>
	<tag definition="annotation" startPattern="{" endPattern="}"/>
	<tag definition="link" startPattern="[" endPattern="]"/>
	<tag definition="footnote" pattern="(fn)"/>
	<tag definition="image" pattern="(img)"/>
	<tag definition="video" pattern="(vid)"/>
</markup>
<string xml:space="preserve">
<p><tags><tag kind="heading2">## </tag></tags>Un breve nota sulla versione 1.1</p>
<p></p>
<p>Negli ultimi mesi le reazioni ad Ulysses III sono state veramente eccezionali. Oltre alle recensioni entusiastiche dei media e alla posizione privilegiata nel Mac App Store, anche i feedback degli utenti sono state fenomenali.</p>
<p></p>
<p>Se sei stato tra i primi utilizzatori di Ulysses III ad averci inviato un commento, vogliamo dirti “Grazie mille!“ dal profondo del nostro cuore. È davvero un piacere lavorare per un pubblico del genere, un pubblico fantastico!</p>
<p></p>
<p>La versione che stai provando adesso comprende molte funzioni richieste dagli utenti. Le cose da elencare sarebbero troppe: tra queste c’è ovviamente la Ricerca globale, lo Scorrimento automatico durante la battuta, l’autocompletamento degli elenchi e dei tag e, infine, la possibilità di creare uno stile di esportazione personalizzato.</p>
<p></p>
<p>Per alcuni, questo “sarebbe già dovuto essere presente in 1.0”, e forse è vero. Siamo comunque felici di darvi funzionalità interessanti e mature. 1.0 ci ha dato la libertà di dedicarci senza fretta ad ognuna di esse. E pensiamo che si noti.</p>
<p></p>
<p>In futuro, continueremo a forzare i limiti di ciò che è possibile fare con un editor di solo testo, e a stupirci per i nostri utenti, i più fantastici dell’intero universo conosciuto.</p>
<p></p>
<p>Ancora grazie e buon divertimento!</p>
<p></p>
<p>Marcus Fehn | The Soulmen</p>
<p>Settembre 2013</p>
</string>
</sheet>