<sheet version="1">
<markup version="1" identifier="markdownxl" displayName="Markdown XL">
	<tag definition="heading1" pattern="#"></tag>
	<tag definition="heading2" pattern="##"></tag>
	<tag definition="heading3" pattern="###"></tag>
	<tag definition="heading4" pattern="####"></tag>
	<tag definition="heading5" pattern="#####"></tag>
	<tag definition="heading6" pattern="######"></tag>
	<tag definition="codeblock" pattern="''"></tag>
	<tag definition="comment" pattern="%%"></tag>
	<tag definition="divider" pattern="----"></tag>
	<tag definition="nativeblock" pattern="~~"></tag>
	<tag definition="blockquote" pattern=">"></tag>
	<tag definition="orderedList" pattern="\d."></tag>
	<tag definition="unorderedList" pattern="*"></tag>
	<tag definition="unorderedList" pattern="+"></tag>
	<tag definition="unorderedList" pattern="-"></tag>
	<tag definition="code" startPattern="`" endPattern="`"></tag>
	<tag definition="delete" startPattern="||" endPattern="||"></tag>
	<tag definition="emph" startPattern="*" endPattern="*"></tag>
	<tag definition="emph" startPattern="_" endPattern="_"></tag>
	<tag definition="inlineComment" startPattern="++" endPattern="++"></tag>
	<tag definition="inlineNative" startPattern="~" endPattern="~"></tag>
	<tag definition="mark" startPattern="::" endPattern="::"></tag>
	<tag definition="strong" startPattern="__" endPattern="__"></tag>
	<tag definition="strong" startPattern="**" endPattern="**"></tag>
	<tag definition="annotation" startPattern="{" endPattern="}"></tag>
	<tag definition="link" startPattern="[" endPattern="]"></tag>
	<tag definition="footnote" pattern="(fn)"></tag>
	<tag definition="image" pattern="(img)"></tag>
	<tag definition="video" pattern="(vid)"></tag>
</markup>
<string xml:space="preserve">
<p><tags><tag kind="heading3">### </tag></tags>Markup</p>
<p><tags><tag kind="unorderedList">- </tag></tags>CMD-# 标题</p>
<p><tags><tag kind="unorderedList">- </tag></tags>CMD-I  <element kind="emph" startTag="*">斜体</element></p>
<p><tags><tag kind="unorderedList">- </tag></tags>CMD-B  <element kind="strong" startTag="**">粗体</element></p>
<p><tags><tag kind="unorderedList">- </tag></tags>CMD-L <element kind="link"><attribute identifier="URL"></attribute><attribute identifier="title"></attribute>链接</element></p>
<p><tags><tag kind="unorderedList">- </tag></tags>CMD-K 移除所有 Markup</p>
<p><tags><tag kind="unorderedList">- </tag></tags>CMD-9 显示 Markup 小抄, 如果您无法记住其任何部分</p>
<p></p>
<p><tags><tag kind="heading3">### </tag></tags>智能标签</p>
<p><tags><tag kind="unorderedList">- </tag></tags>如果启用，结束标记占位符将会在每一个开始标签后自动插入一个字符</p>
<p><tags><tag kind="unorderedList">- </tag></tags>您可以通过“编辑”&gt;“替换”来启用智能标签</p>
<p></p>
<p><tags><tag kind="heading3">### </tag></tags>结束标记完成</p>
<p><tags><tag kind="unorderedList">- </tag></tags>按 ESC 键自动进入结束标记占位符</p>
<p><tags><tag kind="unorderedList">- </tag></tags>接受结束标记，做以下任何一种：</p>
<p><tags><tag>	</tag><tag kind="unorderedList">- </tag></tags>按回车键</p>
<p><tags><tag>	</tag><tag kind="unorderedList">- </tag></tags>按右箭头</p>
<p><tags><tag>	</tag><tag kind="unorderedList">- </tag></tags>按向下箭头（如果是最后一张工作表）</p>
<p><tags><tag>	</tag><tag kind="unorderedList">- </tag></tags>键入结束标记</p>
<p><tags><tag kind="unorderedList">- </tag></tags>要关闭结束标记，按ESC</p>
<p></p>
<p><tags><tag kind="heading3">### </tag></tags>转义符</p>
<p><tags><tag kind="unorderedList">- </tag></tags>为了防止 Ulysses 将任何字符当成标记，只需在它前面添加一个反斜杠（例如，若您真想要方括号而不是链接，则输入 “<escape>\[</escape>something]”）</p>
<p></p>
<p><tags><tag kind="heading3">### </tag></tags>Markup 小抄（亦称快速参考）</p>
<p><tags><tag kind="unorderedList">- </tag></tags>当显示 Markup 小抄时（CMD-9），可以点击任何列出的 Markup，将它应用到当前选择上</p>
<p><tags><tag kind="unorderedList">- </tag></tags>这适用于多项选择（CMD-点击来选择您文本的不同部分）</p>
<p><tags><tag kind="unorderedList">- </tag></tags>多层次的段落，如列表和嵌段引号，在您每次点击时缩进+1</p>
<p><tags><tag kind="unorderedList">- </tag></tags>按住 Shift 键点击来删除在 markup 或恢复缩进的多层次段落</p>
<p></p></string>
</sheet>