<sheet version="1">
<markup version="1" identifier="markdownxl" displayName="Markdown XL">
	<tag definition="heading1" pattern="#"></tag>
	<tag definition="heading2" pattern="##"></tag>
	<tag definition="heading3" pattern="###"></tag>
	<tag definition="heading4" pattern="####"></tag>
	<tag definition="heading5" pattern="#####"></tag>
	<tag definition="heading6" pattern="######"></tag>
	<tag definition="codeblock" pattern="''"></tag>
	<tag definition="comment" pattern="%%"></tag>
	<tag definition="divider" pattern="----"></tag>
	<tag definition="nativeblock" pattern="~~"></tag>
	<tag definition="blockquote" pattern=">"></tag>
	<tag definition="orderedList" pattern="\d."></tag>
	<tag definition="unorderedList" pattern="*"></tag>
	<tag definition="unorderedList" pattern="+"></tag>
	<tag definition="unorderedList" pattern="-"></tag>
	<tag definition="code" startPattern="`" endPattern="`"></tag>
	<tag definition="delete" startPattern="||" endPattern="||"></tag>
	<tag definition="emph" startPattern="*" endPattern="*"></tag>
	<tag definition="emph" startPattern="_" endPattern="_"></tag>
	<tag definition="inlineComment" startPattern="++" endPattern="++"></tag>
	<tag definition="inlineNative" startPattern="~" endPattern="~"></tag>
	<tag definition="mark" startPattern="::" endPattern="::"></tag>
	<tag definition="strong" startPattern="__" endPattern="__"></tag>
	<tag definition="strong" startPattern="**" endPattern="**"></tag>
	<tag definition="annotation" startPattern="{" endPattern="}"></tag>
	<tag definition="link" startPattern="[" endPattern="]"></tag>
	<tag definition="footnote" pattern="(fn)"></tag>
	<tag definition="image" pattern="(img)"></tag>
	<tag definition="video" pattern="(vid)"></tag>
</markup>
<string xml:space="preserve">
<p><tags><tag kind="heading3">### </tag></tags>Balisage</p>
<p><tags><tag kind="unorderedList">- </tag></tags>CMD-# pour les titres.</p>
<p><tags><tag kind="unorderedList">- </tag></tags>CMD-I pour l'<element kind="emph" startTag="*">emphase</element>.</p>
<p><tags><tag kind="unorderedList">- </tag></tags>CMD-B pour l'<element kind="strong" startTag="**">emphase forte</element>.</p>
<p><tags><tag kind="unorderedList">- </tag></tags>CMD-L pour les <element kind="link"><attribute identifier="URL"></attribute><attribute identifier="title"></attribute>liens</element>.</p>
<p><tags><tag kind="unorderedList">- </tag></tags>CMD-K pour effacer toute sorte de balisage (Kill).</p>
<p><tags><tag kind="unorderedList">- </tag></tags>CMD-9 pour afficher la barre de balisage si vous n'arrivez pas à tout mémoriser.</p>
<p></p>
<p><tags><tag kind="heading3">### </tag></tags>Balises intelligentes</p>
<p><tags><tag kind="unorderedList">- </tag></tags>Si la fonction est activée, un paramètre fictif de balise de fin est automatiquement inséré quand une balise de début est suivie d'un caractère.</p>
<p><tags><tag kind="unorderedList">- </tag></tags>Vous pouvez activer les balises intelligentes via Édition › Substitutions.</p>
<p></p>
<p><tags><tag kind="heading3">### </tag></tags>Suggestion de balise de fin</p>
<p><tags><tag kind="unorderedList">- </tag></tags>Appuyer sur ESC pour insérer automatiquement un paramètre fictif de balise de fin.</p>
<p><tags><tag kind="unorderedList">- </tag></tags>Pour accepter la balise de fin :</p>
<p><tags><tag>	</tag><tag kind="unorderedList">- </tag></tags>Appuyer sur Retour.</p>
<p><tags><tag>	</tag><tag kind="unorderedList">- </tag></tags>Appuyer sur Flèche droite.</p>
<p><tags><tag>	</tag><tag kind="unorderedList">- </tag></tags>Appuyer sur Flèche vers le bas (à la fin d'une feuille).</p>
<p><tags><tag>	</tag><tag kind="unorderedList">- </tag></tags>Taper dans la balise de fin.</p>
<p><tags><tag kind="unorderedList">- </tag></tags>Pour rejeter la balise de fin, appuyer sur ESC.</p>
<p></p>
<p><tags><tag kind="heading3">### </tag></tags>Caractère d'échappement</p>
<p><tags><tag kind="unorderedList">- </tag></tags>Pour empêcher Ulysses de traiter un caractère comme balisage, faites-le précéder d'une barre oblique inverse (par ex., si vous souhaitez vraiment insérer des crochets au lieu d'un lien, tapez « <escape>\[</escape>quelque chose] »).</p>
<p></p>
<p><tags><tag kind="heading3">### </tag></tags>Barre de balisage (alias antisèche)</p>
<p><tags><tag kind="unorderedList">- </tag></tags>Lorsque la barre de balisage est affichée (CMD-9), vous pouvez cliquer sur un balisage dans la liste pour l'appliquer à la sélection active.</p>
<p><tags><tag kind="unorderedList">- </tag></tags>Ceci fonctionne avec la sélection multiple (CMD-Clic pour sélectionner différents passages du texte).</p>
<p><tags><tag kind="unorderedList">- </tag></tags>Les paragraphes à plusieurs niveaux, comme les listes et les blocs de citation, sont indentés d'un niveau à chaque fois que vous cliquez.</p>
<p><tags><tag kind="unorderedList">- </tag></tags>Cliquer avec Maj efface le balisage ou désindente les paragraphes à plusieurs niveaux.</p>
<p></p></string>
</sheet>