<sheet version="1">
<markup version="1" identifier="markdownxl" displayName="Markdown XL">
	<tag definition="heading1" pattern="#"></tag>
	<tag definition="heading2" pattern="##"></tag>
	<tag definition="heading3" pattern="###"></tag>
	<tag definition="heading4" pattern="####"></tag>
	<tag definition="heading5" pattern="#####"></tag>
	<tag definition="heading6" pattern="######"></tag>
	<tag definition="codeblock" pattern="''"></tag>
	<tag definition="comment" pattern="%%"></tag>
	<tag definition="divider" pattern="----"></tag>
	<tag definition="nativeblock" pattern="~~"></tag>
	<tag definition="blockquote" pattern=">"></tag>
	<tag definition="orderedList" pattern="\d."></tag>
	<tag definition="unorderedList" pattern="*"></tag>
	<tag definition="unorderedList" pattern="+"></tag>
	<tag definition="unorderedList" pattern="-"></tag>
	<tag definition="code" startPattern="`" endPattern="`"></tag>
	<tag definition="delete" startPattern="||" endPattern="||"></tag>
	<tag definition="emph" startPattern="*" endPattern="*"></tag>
	<tag definition="emph" startPattern="_" endPattern="_"></tag>
	<tag definition="inlineComment" startPattern="++" endPattern="++"></tag>
	<tag definition="inlineNative" startPattern="~" endPattern="~"></tag>
	<tag definition="mark" startPattern="::" endPattern="::"></tag>
	<tag definition="strong" startPattern="__" endPattern="__"></tag>
	<tag definition="strong" startPattern="**" endPattern="**"></tag>
	<tag definition="annotation" startPattern="{" endPattern="}"></tag>
	<tag definition="link" startPattern="[" endPattern="]"></tag>
	<tag definition="footnote" pattern="(fn)"></tag>
	<tag definition="image" pattern="(img)"></tag>
	<tag definition="video" pattern="(vid)"></tag>
</markup>
<string xml:space="preserve">
<p><tags><tag kind="heading3">### </tag></tags>Modos de pantalla</p>
<p><tags><tag kind="unorderedList">- </tag></tags>CMD-ALT-P para activar/desactivar el «modo plano».</p>
<p><tags><tag kind="unorderedList">- </tag></tags>CMD-ALT-L para activar/desactivar el «tema oscuro».</p>
<p><tags><tag kind="unorderedList">- </tag></tags>CMD-CTRL-F para activar/desactivar el modo de pantalla completa.</p>
<p></p>
<p><tags><tag kind="heading3">### </tag></tags>Opciones de la lista de hojas</p>
<p><tags><tag kind="unorderedList">- </tag></tags>El menú Visualización contiene varias opciones para personalizar la lista de hojas:</p>
<p><tags><tag>	</tag><tag kind="unorderedList">- </tag></tags>Configura la opción «Previsualización de hojas» entre 1 y 6 líneas.</p>
<p><tags><tag>	</tag><tag kind="unorderedList">- </tag></tags>Incluye Palabras clave y Objetivos en la previsualización de hojas.</p>
<p><tags><tag>	</tag><tag kind="unorderedList">- </tag></tags>Ordénalas manualmente, por fecha o por caracteres iniciales.</p>
<p></p>
<p><tags><tag kind="heading3">### </tag></tags>Opciones del editor</p>
<p><tags><tag kind="unorderedList">- </tag></tags>El menú Visualización también contiene opciones para personalizar el editor:</p>
<p><tags><tag kind="unorderedList">- </tag></tags>CMD-ALT-T para activar/desactivar el desplazamiento de máquina de escribir.</p>
<p><tags><tag>	</tag><tag kind="unorderedList">- </tag></tags>Puedes ajustarlo a Ariiba, Centro o Abajo.</p>
<p><tags><tag>	</tag><tag kind="unorderedList">- </tag></tags>También puedes hacer que sea fijo o variable.</p>
<p><tags><tag kind="unorderedList">- </tag></tags>Puedes hacer que la línea actual se vea resaltada.</p>
<p><tags><tag kind="unorderedList">- </tag></tags>Y puedes hacer que se muestren los números de párrafo.</p>
<p></p>
<p><tags><tag kind="heading3">### </tag></tags>Tamaño de fuente</p>
<p><tags><tag kind="unorderedList">- </tag></tags>CMD-más para aumentar el tamaño de fuente.</p>
<p><tags><tag kind="unorderedList">- </tag></tags>CMD-menos para disminuir el tamaño de fuente.</p>
<p><tags><tag kind="unorderedList">- </tag></tags>CMD-0 para volver al tamaño de fuente predeterminado.</p>
<p></p></string>
</sheet>